00000000
3dcccccd
3e4ccccd
3e99999a
3ecccccd
3f000000
3f19999a
3f333333
3f4ccccd
3f666666
3f800000
3f8ccccd
3f99999a
3fa66666
3fb33333
3fc00000
3fcccccd
3fd9999a
3fe66666
3ff33333
40000000
40066666
400ccccd
40133333
4019999a
40200000
40266666
402ccccd
40333333
4039999a
40400000
40466666
404ccccd
40533333
4059999a
40600000
40666666
406ccccd
40733333
4079999a
40800000
40833333
40866666
4089999a
408ccccd
40900000
40933333
40966666
4099999a
409ccccd
40a00000
40a33333
40a66666
40a9999a
40accccd
40b00000
40b33333
40b66666
40b9999a
40bccccd
40c00000
40c33333
40c66666
40c9999a
40cccccd
40d00000
40d33333
40d66666
40d9999a
40dccccd
40e00000
40e33333
40e66666
40e9999a
40eccccd
40f00000
40f33333
40f66666
40f9999a
40fccccd
41000000
4101999a
41033333
4104cccd
41066666
41080000
4109999a
410b3333
410ccccd
410e6666
41100000
4111999a
41133333
4114cccd
41166666
41180000
4119999a
411b3333
411ccccd
411e6666
41200000
4121999a
41233333
4124cccd
41266666
41280000
4129999a
412b3333
412ccccd
412e6666
41300000
4131999a
41333333
4134cccd
41366666
41380000
4139999a
413b3333
413ccccd
413e6666
41400000
4141999a
41433333
4144cccd
41466666
41480000
4149999a
414b3333
414ccccd
414e6666
41500000
4151999a
41533333
4154cccd
41566666
41580000
4159999a
415b3333
415ccccd
415e6666
41600000
4161999a
41633333
4164cccd
41666666
41680000
4169999a
416b3333
416ccccd
416e6666
41700000
4171999a
41733333
4174cccd
41766666
41780000
4179999a
417b3333
417ccccd
417e6666
41800000
4180cccd
4181999a
41826666
41833333
41840000
4184cccd
4185999a
41866666
41873333
41880000
4188cccd
4189999a
418a6666
418b3333
418c0000
418ccccd
418d999a
418e6666
418f3333
41900000
4190cccd
4191999a
41926666
41933333
41940000
4194cccd
4195999a
41966666
41973333
41980000
4198cccd
4199999a
419a6666
419b3333
419c0000
419ccccd
419d999a
419e6666
419f3333
41a00000
41a0cccd
41a1999a
41a26666
41a33333
41a40000
41a4cccd
41a5999a
41a66666
41a73333
41a80000
41a8cccd
41a9999a
41aa6666
41ab3333
41ac0000
41accccd
41ad999a
41ae6666
41af3333
41b00000
41b0cccd
41b1999a
41b26666
41b33333
41b40000
41b4cccd
41b5999a
41b66666
41b73333
41b80000
41b8cccd
41b9999a
41ba6666
41bb3333
41bc0000
41bccccd
41bd999a
41be6666
41bf3333
41c00000
41c0cccd
41c1999a
41c26666
41c33333
41c40000
41c4cccd
41c5999a
41c66666
41c73333
41c80000
41c8cccd
41c9999a
41ca6666
41cb3333
41cc0000
41cccccd
41cd999a
41ce6666
41cf3333
41d00000
41d0cccd
41d1999a
41d26666
41d33333
41d40000
41d4cccd
41d5999a
41d66666
41d73333
41d80000
41d8cccd
41d9999a
41da6666
41db3333
41dc0000
41dccccd
41dd999a
41de6666
41df3333
41e00000
41e0cccd
41e1999a
41e26666
41e33333
41e40000
41e4cccd
41e5999a
41e66666
41e73333
41e80000
41e8cccd
41e9999a
41ea6666
41eb3333
41ec0000
41eccccd
41ed999a
41ee6666
41ef3333
41f00000
41f0cccd
41f1999a
41f26666
41f33333
41f40000
41f4cccd
41f5999a
41f66666
41f73333
41f80000
41f8cccd
41f9999a
41fa6666
41fb3333
41fc0000
41fccccd
41fd999a
41fe6666
41ff3333
42000000
42006666
4200cccd
42013333
4201999a
42020000
42026666
4202cccd
42033333
4203999a
42040000
42046666
4204cccd
42053333
4205999a
42060000
42066666
4206cccd
42073333
4207999a
42080000
42086666
4208cccd
42093333
4209999a
420a0000
420a6666
420acccd
420b3333
420b999a
420c0000
420c6666
420ccccd
420d3333
420d999a
420e0000
420e6666
420ecccd
420f3333
420f999a
42100000
42106666
4210cccd
42113333
4211999a
42120000
42126666
4212cccd
42133333
4213999a
42140000
42146666
4214cccd
42153333
4215999a
42160000
42166666
4216cccd
42173333
4217999a
42180000
42186666
4218cccd
42193333
4219999a
421a0000
421a6666
421acccd
421b3333
421b999a
421c0000
421c6666
421ccccd
421d3333
421d999a
421e0000
421e6666
421ecccd
421f3333
421f999a
42200000
42206666
4220cccd
42213333
4221999a
42220000
42226666
4222cccd
42233333
4223999a
42240000
42246666
4224cccd
42253333
4225999a
42260000
42266666
4226cccd
42273333
4227999a
42280000
42286666
4228cccd
42293333
4229999a
422a0000
422a6666
422acccd
422b3333
422b999a
422c0000
422c6666
422ccccd
422d3333
422d999a
422e0000
422e6666
422ecccd
422f3333
422f999a
42300000
42306666
4230cccd
42313333
4231999a
42320000
42326666
4232cccd
42333333
4233999a
42340000
42346666
4234cccd
42353333
4235999a
42360000
42366666
4236cccd
42373333
4237999a
42380000
42386666
4238cccd
42393333
4239999a
423a0000
423a6666
423acccd
423b3333
423b999a
423c0000
423c6666
423ccccd
423d3333
423d999a
423e0000
423e6666
423ecccd
423f3333
423f999a
42400000
42406666
4240cccd
42413333
4241999a
42420000
42426666
4242cccd
42433333
4243999a
42440000
42446666
4244cccd
42453333
4245999a
42460000
42466666
4246cccd
42473333
4247999a
42480000
42486666
4248cccd
42493333
4249999a
424a0000
424a6666
424acccd
424b3333
424b999a
424c0000
424c6666
424ccccd
424d3333
424d999a
424e0000
424e6666
424ecccd
424f3333
424f999a
42500000
42506666
4250cccd
42513333
4251999a
42520000
42526666
4252cccd
42533333
4253999a
42540000
42546666
4254cccd
42553333
4255999a
42560000
42566666
4256cccd
42573333
4257999a
42580000
42586666
4258cccd
42593333
4259999a
425a0000
425a6666
425acccd
425b3333
425b999a
425c0000
425c6666
425ccccd
425d3333
425d999a
425e0000
425e6666
425ecccd
425f3333
425f999a
42600000
42606666
4260cccd
42613333
4261999a
42620000
42626666
4262cccd
42633333
4263999a
42640000
42646666
4264cccd
42653333
4265999a
42660000
42666666
4266cccd
42673333
4267999a
42680000
42686666
4268cccd
42693333
4269999a
426a0000
426a6666
426acccd
426b3333
426b999a
426c0000
426c6666
426ccccd
426d3333
426d999a
426e0000
426e6666
426ecccd
426f3333
426f999a
42700000
42706666
4270cccd
42713333
4271999a
42720000
42726666
4272cccd
42733333
4273999a
42740000
42746666
4274cccd
42753333
4275999a
42760000
42766666
4276cccd
42773333
4277999a
42780000
42786666
4278cccd
42793333
4279999a
427a0000
427a6666
427acccd
427b3333
427b999a
427c0000
427c6666
427ccccd
427d3333
427d999a
427e0000
427e6666
427ecccd
427f3333
427f999a
42800000
42803333
42806666
4280999a
4280cccd
42810000
42813333
42816666
4281999a
4281cccd
42820000
42823333
42826666
4282999a
4282cccd
42830000
42833333
42836666
4283999a
4283cccd
42840000
42843333
42846666
4284999a
4284cccd
42850000
42853333
42856666
4285999a
4285cccd
42860000
42863333
42866666
4286999a
4286cccd
42870000
42873333
42876666
4287999a
4287cccd
42880000
42883333
42886666
4288999a
4288cccd
42890000
42893333
42896666
4289999a
4289cccd
428a0000
428a3333
428a6666
428a999a
428acccd
428b0000
428b3333
428b6666
428b999a
428bcccd
428c0000
428c3333
428c6666
428c999a
428ccccd
428d0000
428d3333
428d6666
428d999a
428dcccd
428e0000
428e3333
428e6666
428e999a
428ecccd
428f0000
428f3333
428f6666
428f999a
428fcccd
42900000
42903333
42906666
4290999a
4290cccd
42910000
42913333
42916666
4291999a
4291cccd
42920000
42923333
42926666
4292999a
4292cccd
42930000
42933333
42936666
4293999a
4293cccd
42940000
42943333
42946666
4294999a
4294cccd
42950000
42953333
42956666
4295999a
4295cccd
42960000
42963333
42966666
4296999a
4296cccd
42970000
42973333
42976666
4297999a
4297cccd
42980000
42983333
42986666
4298999a
4298cccd
42990000
42993333
42996666
4299999a
4299cccd
429a0000
429a3333
429a6666
429a999a
429acccd
429b0000
429b3333
429b6666
429b999a
429bcccd
429c0000
429c3333
429c6666
429c999a
429ccccd
429d0000
429d3333
429d6666
429d999a
429dcccd
429e0000
429e3333
429e6666
429e999a
429ecccd
429f0000
429f3333
429f6666
429f999a
429fcccd
42a00000
42a03333
42a06666
42a0999a
42a0cccd
42a10000
42a13333
42a16666
42a1999a
42a1cccd
42a20000
42a23333
42a26666
42a2999a
42a2cccd
42a30000
42a33333
42a36666
42a3999a
42a3cccd
42a40000
42a43333
42a46666
42a4999a
42a4cccd
42a50000
42a53333
42a56666
42a5999a
42a5cccd
42a60000
42a63333
42a66666
42a6999a
42a6cccd
42a70000
42a73333
42a76666
42a7999a
42a7cccd
42a80000
42a83333
42a86666
42a8999a
42a8cccd
42a90000
42a93333
42a96666
42a9999a
42a9cccd
42aa0000
42aa3333
42aa6666
42aa999a
42aacccd
42ab0000
42ab3333
42ab6666
42ab999a
42abcccd
42ac0000
42ac3333
42ac6666
42ac999a
42accccd
42ad0000
42ad3333
42ad6666
42ad999a
42adcccd
42ae0000
42ae3333
42ae6666
42ae999a
42aecccd
42af0000
42af3333
42af6666
42af999a
42afcccd
42b00000
42b03333
42b06666
42b0999a
42b0cccd
42b10000
42b13333
42b16666
42b1999a
42b1cccd
42b20000
42b23333
42b26666
42b2999a
42b2cccd
42b30000
42b33333
42b36666
42b3999a
42b3cccd
42b40000
42b43333
42b46666
42b4999a
42b4cccd
42b50000
42b53333
42b56666
42b5999a
42b5cccd
42b60000
42b63333
42b66666
42b6999a
42b6cccd
42b70000
42b73333
42b76666
42b7999a
42b7cccd
42b80000
42b83333
42b86666
42b8999a
42b8cccd
42b90000
42b93333
42b96666
42b9999a
42b9cccd
42ba0000
42ba3333
42ba6666
42ba999a
42bacccd
42bb0000
42bb3333
42bb6666
42bb999a
42bbcccd
42bc0000
42bc3333
42bc6666
42bc999a
42bccccd
42bd0000
42bd3333
42bd6666
42bd999a
42bdcccd
42be0000
42be3333
42be6666
42be999a
42becccd
42bf0000
42bf3333
42bf6666
42bf999a
42bfcccd
42c00000
42c03333
42c06666
42c0999a
42c0cccd
42c10000
42c13333
42c16666
42c1999a
42c1cccd
42c20000
42c23333
42c26666
42c2999a
42c2cccd
42c30000
42c33333
42c36666
42c3999a
42c3cccd
42c40000
42c43333
42c46666
42c4999a
42c4cccd
42c50000
42c53333
42c56666
42c5999a
42c5cccd
42c60000
42c63333
42c66666
42c6999a
42c6cccd
42c70000
42c73333
42c76666
42c7999a
42c7cccd
42c80000
42c83333
42c86666
42c8999a
42c8cccd
42c90000
42c93333
42c96666
42c9999a
42c9cccd
42ca0000
42ca3333
42ca6666
42ca999a
42cacccd
42cb0000
42cb3333
42cb6666
42cb999a
42cbcccd
42cc0000
42cc3333
42cc6666
42cc999a
42cccccd
42cd0000
42cd3333
42cd6666
42cd999a
42cdcccd
42ce0000
42ce3333
42ce6666
42ce999a
42cecccd
42cf0000
42cf3333
42cf6666
42cf999a
42cfcccd
42d00000
42d03333
42d06666
42d0999a
42d0cccd
42d10000
42d13333
42d16666
42d1999a
42d1cccd
42d20000
42d23333
42d26666
42d2999a
42d2cccd
42d30000
42d33333
42d36666
42d3999a
42d3cccd
42d40000
42d43333
42d46666
42d4999a
42d4cccd
42d50000
42d53333
42d56666
42d5999a
42d5cccd
42d60000
42d63333
42d66666
42d6999a
42d6cccd
42d70000
42d73333
42d76666
42d7999a
42d7cccd
42d80000
42d83333
42d86666
42d8999a
42d8cccd
42d90000
42d93333
42d96666
42d9999a
42d9cccd
42da0000
42da3333
42da6666
42da999a
42dacccd
42db0000
42db3333
42db6666
42db999a
42dbcccd
42dc0000
42dc3333
42dc6666
42dc999a
42dccccd
42dd0000
42dd3333
42dd6666
42dd999a
42ddcccd
42de0000
42de3333
42de6666
42de999a
42decccd
42df0000
42df3333
42df6666
42df999a
42dfcccd
42e00000
42e03333
42e06666
42e0999a
42e0cccd
42e10000
42e13333
42e16666
42e1999a
42e1cccd
42e20000
42e23333
42e26666
42e2999a
42e2cccd
42e30000
42e33333
42e36666
42e3999a
42e3cccd
42e40000
42e43333
42e46666
42e4999a
42e4cccd
42e50000
42e53333
42e56666
42e5999a
42e5cccd
42e60000
42e63333
42e66666
42e6999a
42e6cccd
42e70000
42e73333
42e76666
42e7999a
42e7cccd
42e80000
42e83333
42e86666
42e8999a
42e8cccd
42e90000
42e93333
42e96666
42e9999a
42e9cccd
42ea0000
42ea3333
42ea6666
42ea999a
42eacccd
42eb0000
42eb3333
42eb6666
42eb999a
42ebcccd
42ec0000
42ec3333
42ec6666
42ec999a
42eccccd
42ed0000
42ed3333
42ed6666
42ed999a
42edcccd
42ee0000
42ee3333
42ee6666
42ee999a
42eecccd
42ef0000
42ef3333
42ef6666
42ef999a
42efcccd
42f00000
42f03333
42f06666
42f0999a
42f0cccd
42f10000
42f13333
42f16666
42f1999a
42f1cccd
42f20000
42f23333
42f26666
42f2999a
42f2cccd
42f30000
42f33333
42f36666
42f3999a
42f3cccd
42f40000
42f43333
42f46666
42f4999a
42f4cccd
42f50000
42f53333
42f56666
42f5999a
42f5cccd
42f60000
42f63333
42f66666
42f6999a
42f6cccd
42f70000
42f73333
42f76666
42f7999a
42f7cccd
42f80000
42f83333
42f86666
42f8999a
42f8cccd
42f90000
42f93333
42f96666
42f9999a
42f9cccd
42fa0000
42fa3333
42fa6666
42fa999a
42facccd
42fb0000
42fb3333
42fb6666
42fb999a
42fbcccd
42fc0000
42fc3333
42fc6666
42fc999a
42fccccd
42fd0000
42fd3333
42fd6666
42fd999a
42fdcccd
42fe0000
42fe3333
42fe6666
42fe999a
42fecccd
42ff0000
42ff3333
42ff6666
42ff999a
42ffcccd
43000000
4300199a
43003333
43004ccd
43006666
43008000
4300999a
4300b333
4300cccd
4300e666
43010000
4301199a
43013333
43014ccd
43016666
43018000
4301999a
4301b333
4301cccd
4301e666
43020000
4302199a
43023333
43024ccd
43026666
43028000
4302999a
4302b333
4302cccd
4302e666
43030000
4303199a
43033333
43034ccd
43036666
43038000
4303999a
4303b333
4303cccd
4303e666
43040000
4304199a
43043333
43044ccd
43046666
43048000
4304999a
4304b333
4304cccd
4304e666
43050000
4305199a
43053333
43054ccd
43056666
43058000
4305999a
4305b333
4305cccd
4305e666
43060000
4306199a
43063333
43064ccd
43066666
43068000
4306999a
4306b333
4306cccd
4306e666
43070000
4307199a
43073333
43074ccd
43076666
43078000
4307999a
4307b333
4307cccd
4307e666
43080000
4308199a
43083333
43084ccd
43086666
43088000
4308999a
4308b333
4308cccd
4308e666
43090000
4309199a
43093333
43094ccd
43096666
43098000
4309999a
4309b333
4309cccd
4309e666
430a0000
430a199a
430a3333
430a4ccd
430a6666
430a8000
430a999a
430ab333
430acccd
430ae666
430b0000
430b199a
430b3333
430b4ccd
430b6666
430b8000
430b999a
430bb333
430bcccd
430be666
430c0000
430c199a
430c3333
430c4ccd
430c6666
430c8000
430c999a
430cb333
430ccccd
430ce666
430d0000
430d199a
430d3333
430d4ccd
430d6666
430d8000
430d999a
430db333
430dcccd
430de666
430e0000
430e199a
430e3333
430e4ccd
430e6666
430e8000
430e999a
430eb333
430ecccd
430ee666
430f0000
430f199a
430f3333
430f4ccd
430f6666
430f8000
430f999a
430fb333
430fcccd
430fe666
43100000
4310199a
43103333
43104ccd
43106666
43108000
4310999a
4310b333
4310cccd
4310e666
43110000
4311199a
43113333
43114ccd
43116666
43118000
4311999a
4311b333
4311cccd
4311e666
43120000
4312199a
43123333
43124ccd
43126666
43128000
4312999a
4312b333
4312cccd
4312e666
43130000
4313199a
43133333
43134ccd
43136666
43138000
4313999a
4313b333
4313cccd
4313e666
43140000
4314199a
43143333
43144ccd
43146666
43148000
4314999a
4314b333
4314cccd
4314e666
43150000
4315199a
43153333
43154ccd
43156666
43158000
4315999a
4315b333
4315cccd
4315e666
43160000
4316199a
43163333
43164ccd
43166666
43168000
4316999a
4316b333
4316cccd
4316e666
43170000
4317199a
43173333
43174ccd
43176666
43178000
4317999a
4317b333
4317cccd
4317e666
43180000
4318199a
43183333
43184ccd
43186666
43188000
4318999a
4318b333
4318cccd
4318e666
43190000
4319199a
43193333
43194ccd
43196666
43198000
4319999a
4319b333
4319cccd
4319e666
431a0000
431a199a
431a3333
431a4ccd
431a6666
431a8000
431a999a
431ab333
431acccd
431ae666
431b0000
431b199a
431b3333
431b4ccd
431b6666
431b8000
431b999a
431bb333
431bcccd
431be666
431c0000
431c199a
431c3333
431c4ccd
431c6666
431c8000
431c999a
431cb333
431ccccd
431ce666
431d0000
431d199a
431d3333
431d4ccd
431d6666
431d8000
431d999a
431db333
431dcccd
431de666
431e0000
431e199a
431e3333
431e4ccd
431e6666
431e8000
431e999a
431eb333
431ecccd
431ee666
431f0000
431f199a
431f3333
431f4ccd
431f6666
431f8000
431f999a
431fb333
431fcccd
431fe666
43200000
4320199a
43203333
43204ccd
43206666
43208000
4320999a
4320b333
4320cccd
4320e666
43210000
4321199a
43213333
43214ccd
43216666
43218000
4321999a
4321b333
4321cccd
4321e666
43220000
4322199a
43223333
43224ccd
43226666
43228000
4322999a
4322b333
4322cccd
4322e666
43230000
4323199a
43233333
43234ccd
43236666
43238000
4323999a
4323b333
4323cccd
4323e666
43240000
4324199a
43243333
43244ccd
43246666
43248000
4324999a
4324b333
4324cccd
4324e666
43250000
4325199a
43253333
43254ccd
43256666
43258000
4325999a
4325b333
4325cccd
4325e666
43260000
4326199a
43263333
43264ccd
43266666
43268000
4326999a
4326b333
4326cccd
4326e666
43270000
4327199a
43273333
43274ccd
43276666
43278000
4327999a
4327b333
4327cccd
4327e666
43280000
4328199a
43283333
43284ccd
43286666
43288000
4328999a
4328b333
4328cccd
4328e666
43290000
4329199a
43293333
43294ccd
43296666
43298000
4329999a
4329b333
4329cccd
4329e666
432a0000
432a199a
432a3333
432a4ccd
432a6666
432a8000
432a999a
432ab333
432acccd
432ae666
432b0000
432b199a
432b3333
432b4ccd
432b6666
432b8000
432b999a
432bb333
432bcccd
432be666
432c0000
432c199a
432c3333
432c4ccd
432c6666
432c8000
432c999a
432cb333
432ccccd
432ce666
432d0000
432d199a
432d3333
432d4ccd
432d6666
432d8000
432d999a
432db333
432dcccd
432de666
432e0000
432e199a
432e3333
432e4ccd
432e6666
432e8000
432e999a
432eb333
432ecccd
432ee666
432f0000
432f199a
432f3333
432f4ccd
432f6666
432f8000
432f999a
432fb333
432fcccd
432fe666
43300000
4330199a
43303333
43304ccd
43306666
43308000
4330999a
4330b333
4330cccd
4330e666
43310000
4331199a
43313333
43314ccd
43316666
43318000
4331999a
4331b333
4331cccd
4331e666
43320000
4332199a
43323333
43324ccd
43326666
43328000
4332999a
4332b333
4332cccd
4332e666
43330000
4333199a
43333333
43334ccd
43336666
43338000
4333999a
4333b333
4333cccd
4333e666
43340000
4334199a
43343333
43344ccd
43346666
43348000
4334999a
4334b333
4334cccd
4334e666
43350000
4335199a
43353333
43354ccd
43356666
43358000
4335999a
4335b333
4335cccd
4335e666
43360000
4336199a
43363333
43364ccd
43366666
43368000
4336999a
4336b333
4336cccd
4336e666
43370000
4337199a
43373333
43374ccd
43376666
43378000
4337999a
4337b333
4337cccd
4337e666
43380000
4338199a
43383333
43384ccd
43386666
43388000
4338999a
4338b333
4338cccd
4338e666
43390000
4339199a
43393333
43394ccd
43396666
43398000
4339999a
4339b333
4339cccd
4339e666
433a0000
433a199a
433a3333
433a4ccd
433a6666
433a8000
433a999a
433ab333
433acccd
433ae666
433b0000
433b199a
433b3333
433b4ccd
433b6666
433b8000
433b999a
433bb333
433bcccd
433be666
433c0000
433c199a
433c3333
433c4ccd
433c6666
433c8000
433c999a
433cb333
433ccccd
433ce666
433d0000
433d199a
433d3333
433d4ccd
433d6666
433d8000
433d999a
433db333
433dcccd
433de666
433e0000
433e199a
433e3333
433e4ccd
433e6666
433e8000
433e999a
433eb333
433ecccd
433ee666
433f0000
433f199a
433f3333
433f4ccd
433f6666
433f8000
433f999a
433fb333
433fcccd
433fe666
43400000
4340199a
43403333
43404ccd
43406666
43408000
4340999a
4340b333
4340cccd
4340e666
43410000
4341199a
43413333
43414ccd
43416666
43418000
4341999a
4341b333
4341cccd
4341e666
43420000
4342199a
43423333
43424ccd
43426666
43428000
4342999a
4342b333
4342cccd
4342e666
43430000
4343199a
43433333
43434ccd
43436666
43438000
4343999a
4343b333
4343cccd
4343e666
43440000
4344199a
43443333
43444ccd
43446666
43448000
4344999a
4344b333
4344cccd
4344e666
43450000
4345199a
43453333
43454ccd
43456666
43458000
4345999a
4345b333
4345cccd
4345e666
43460000
4346199a
43463333
43464ccd
43466666
43468000
4346999a
4346b333
4346cccd
4346e666
43470000
4347199a
43473333
43474ccd
43476666
43478000
4347999a
4347b333
4347cccd
4347e666
43480000
4348199a
43483333
43484ccd
43486666
43488000
4348999a
4348b333
4348cccd
4348e666
43490000
4349199a
43493333
43494ccd
43496666
43498000
4349999a
4349b333
4349cccd
4349e666
434a0000
434a199a
434a3333
434a4ccd
434a6666
434a8000
434a999a
434ab333
434acccd
434ae666
434b0000
434b199a
434b3333
434b4ccd
434b6666
434b8000
434b999a
434bb333
434bcccd
434be666
434c0000
434c199a
434c3333
434c4ccd
434c6666
434c8000
434c999a
434cb333
434ccccd
434ce666
434d0000
434d199a
434d3333
434d4ccd
434d6666
434d8000
434d999a
434db333
434dcccd
434de666
434e0000
434e199a
434e3333
434e4ccd
434e6666
434e8000
434e999a
434eb333
434ecccd
434ee666
434f0000
434f199a
434f3333
434f4ccd
434f6666
434f8000
434f999a
434fb333
434fcccd
434fe666
43500000
4350199a
43503333
43504ccd
43506666
43508000
4350999a
4350b333
4350cccd
4350e666
43510000
4351199a
43513333
43514ccd
43516666
43518000
4351999a
4351b333
4351cccd
4351e666
43520000
4352199a
43523333
43524ccd
43526666
43528000
4352999a
4352b333
4352cccd
4352e666
43530000
4353199a
43533333
43534ccd
43536666
43538000
4353999a
4353b333
4353cccd
4353e666
43540000
4354199a
43543333
43544ccd
43546666
43548000
4354999a
4354b333
4354cccd
4354e666
43550000
4355199a
43553333
43554ccd
43556666
43558000
4355999a
4355b333
4355cccd
4355e666
43560000
4356199a
43563333
43564ccd
43566666
43568000
4356999a
4356b333
4356cccd
4356e666
43570000
4357199a
43573333
43574ccd
43576666
43578000
4357999a
4357b333
4357cccd
4357e666
43580000
4358199a
43583333
43584ccd
43586666
43588000
4358999a
4358b333
4358cccd
4358e666
43590000
4359199a
43593333
43594ccd
43596666
43598000
4359999a
4359b333
4359cccd
4359e666
435a0000
435a199a
435a3333
435a4ccd
435a6666
435a8000
435a999a
435ab333
435acccd
435ae666
435b0000
435b199a
435b3333
435b4ccd
435b6666
435b8000
435b999a
435bb333
435bcccd
435be666
435c0000
435c199a
435c3333
435c4ccd
435c6666
435c8000
435c999a
435cb333
435ccccd
435ce666
435d0000
435d199a
435d3333
435d4ccd
435d6666
435d8000
435d999a
435db333
435dcccd
435de666
435e0000
435e199a
435e3333
435e4ccd
435e6666
435e8000
435e999a
435eb333
435ecccd
435ee666
435f0000
435f199a
435f3333
435f4ccd
435f6666
435f8000
435f999a
435fb333
435fcccd
435fe666
43600000
4360199a
43603333
43604ccd
43606666
43608000
4360999a
4360b333
4360cccd
4360e666
43610000
4361199a
43613333
43614ccd
43616666
43618000
4361999a
4361b333
4361cccd
4361e666
43620000
4362199a
43623333
43624ccd
43626666
43628000
4362999a
4362b333
4362cccd
4362e666
43630000
4363199a
43633333
43634ccd
43636666
43638000
4363999a
4363b333
4363cccd
4363e666
43640000
4364199a
43643333
43644ccd
43646666
43648000
4364999a
4364b333
4364cccd
4364e666
43650000
4365199a
43653333
43654ccd
43656666
43658000
4365999a
4365b333
4365cccd
4365e666
43660000
4366199a
43663333
43664ccd
43666666
43668000
4366999a
4366b333
4366cccd
4366e666
43670000
4367199a
43673333
43674ccd
43676666
43678000
4367999a
4367b333
4367cccd
4367e666
43680000
4368199a
43683333
43684ccd
43686666
43688000
4368999a
4368b333
4368cccd
4368e666
43690000
4369199a
43693333
43694ccd
43696666
43698000
4369999a
4369b333
4369cccd
4369e666
436a0000
436a199a
436a3333
436a4ccd
436a6666
436a8000
436a999a
436ab333
436acccd
436ae666
436b0000
436b199a
436b3333
436b4ccd
436b6666
436b8000
436b999a
436bb333
436bcccd
436be666
436c0000
436c199a
436c3333
436c4ccd
436c6666
436c8000
436c999a
436cb333
436ccccd
436ce666
436d0000
436d199a
436d3333
436d4ccd
436d6666
436d8000
436d999a
436db333
436dcccd
436de666
436e0000
436e199a
436e3333
436e4ccd
436e6666
436e8000
436e999a
436eb333
436ecccd
436ee666
436f0000
436f199a
436f3333
436f4ccd
436f6666
436f8000
436f999a
436fb333
436fcccd
436fe666
43700000
4370199a
43703333
43704ccd
43706666
43708000
4370999a
4370b333
4370cccd
4370e666
43710000
4371199a
43713333
43714ccd
43716666
43718000
4371999a
4371b333
4371cccd
4371e666
43720000
4372199a
43723333
43724ccd
43726666
43728000
4372999a
4372b333
4372cccd
4372e666
43730000
4373199a
43733333
43734ccd
43736666
43738000
4373999a
4373b333
4373cccd
4373e666
43740000
4374199a
43743333
43744ccd
43746666
43748000
4374999a
4374b333
4374cccd
4374e666
43750000
4375199a
43753333
43754ccd
43756666
43758000
4375999a
4375b333
4375cccd
4375e666
43760000
4376199a
43763333
43764ccd
43766666
43768000
4376999a
4376b333
4376cccd
4376e666
43770000
4377199a
43773333
43774ccd
43776666
43778000
4377999a
4377b333
4377cccd
4377e666
43780000
4378199a
43783333
43784ccd
43786666
43788000
4378999a
4378b333
4378cccd
4378e666
43790000
4379199a
43793333
43794ccd
43796666
43798000
4379999a
4379b333
4379cccd
4379e666
437a0000
437a199a
437a3333
437a4ccd
437a6666
437a8000
437a999a
437ab333
437acccd
437ae666
437b0000
437b199a
437b3333
437b4ccd
437b6666
437b8000
437b999a
437bb333
437bcccd
437be666
437c0000
437c199a
437c3333
437c4ccd
437c6666
437c8000
437c999a
437cb333
437ccccd
437ce666
437d0000
437d199a
437d3333
437d4ccd
437d6666
437d8000
437d999a
437db333
437dcccd
437de666
437e0000
437e199a
437e3333
437e4ccd
437e6666
437e8000
437e999a
437eb333
437ecccd
437ee666
437f0000
437f199a
437f3333
437f4ccd
437f6666
437f8000
437f999a
437fb333
437fcccd
437fe666
43800000
43800ccd
4380199a
43802666
43803333
43804000
43804ccd
4380599a
43806666
43807333
43808000
43808ccd
4380999a
4380a666
4380b333
4380c000
4380cccd
4380d99a
4380e666
4380f333
43810000
43810ccd
4381199a
43812666
43813333
43814000
43814ccd
4381599a
43816666
43817333
43818000
43818ccd
4381999a
4381a666
4381b333
4381c000
4381cccd
4381d99a
4381e666
4381f333
43820000
43820ccd
4382199a
43822666
43823333
43824000
43824ccd
4382599a
43826666
43827333
43828000
43828ccd
4382999a
4382a666
4382b333
4382c000
4382cccd
4382d99a
4382e666
4382f333
43830000
43830ccd
4383199a
43832666
43833333
43834000
43834ccd
4383599a
43836666
43837333
43838000
43838ccd
4383999a
4383a666
4383b333
4383c000
4383cccd
4383d99a
4383e666
4383f333
43840000
43840ccd
4384199a
43842666
43843333
43844000
43844ccd
4384599a
43846666
43847333
43848000
43848ccd
4384999a
4384a666
4384b333
4384c000
4384cccd
4384d99a
4384e666
4384f333
43850000
43850ccd
4385199a
43852666
43853333
43854000
43854ccd
4385599a
43856666
43857333
43858000
43858ccd
4385999a
4385a666
4385b333
4385c000
4385cccd
4385d99a
4385e666
4385f333
43860000
43860ccd
4386199a
43862666
43863333
43864000
43864ccd
4386599a
43866666
43867333
43868000
43868ccd
4386999a
4386a666
4386b333
4386c000
4386cccd
4386d99a
4386e666
4386f333
43870000
43870ccd
4387199a
43872666
43873333
43874000
43874ccd
4387599a
43876666
43877333
43878000
43878ccd
4387999a
4387a666
4387b333
4387c000
4387cccd
4387d99a
4387e666
4387f333
43880000
43880ccd
4388199a
43882666
43883333
43884000
43884ccd
4388599a
43886666
43887333
43888000
43888ccd
4388999a
4388a666
4388b333
4388c000
4388cccd
4388d99a
4388e666
4388f333
43890000
43890ccd
4389199a
43892666
43893333
43894000
43894ccd
4389599a
43896666
43897333
43898000
43898ccd
4389999a
4389a666
4389b333
4389c000
4389cccd
4389d99a
4389e666
4389f333
438a0000
438a0ccd
438a199a
438a2666
438a3333
438a4000
438a4ccd
438a599a
438a6666
438a7333
438a8000
438a8ccd
438a999a
438aa666
438ab333
438ac000
438acccd
438ad99a
438ae666
438af333
438b0000
438b0ccd
438b199a
438b2666
438b3333
438b4000
438b4ccd
438b599a
438b6666
438b7333
438b8000
438b8ccd
438b999a
438ba666
438bb333
438bc000
438bcccd
438bd99a
438be666
438bf333
438c0000
438c0ccd
438c199a
438c2666
438c3333
438c4000
438c4ccd
438c599a
438c6666
438c7333
438c8000
438c8ccd
438c999a
438ca666
438cb333
438cc000
438ccccd
438cd99a
438ce666
438cf333
438d0000
438d0ccd
438d199a
438d2666
438d3333
438d4000
438d4ccd
438d599a
438d6666
438d7333
438d8000
438d8ccd
438d999a
438da666
438db333
438dc000
438dcccd
438dd99a
438de666
438df333
438e0000
438e0ccd
438e199a
438e2666
438e3333
438e4000
438e4ccd
438e599a
438e6666
438e7333
438e8000
438e8ccd
438e999a
438ea666
438eb333
438ec000
438ecccd
438ed99a
438ee666
438ef333
438f0000
438f0ccd
438f199a
438f2666
438f3333
438f4000
438f4ccd
438f599a
438f6666
438f7333
438f8000
438f8ccd
438f999a
438fa666
438fb333
438fc000
438fcccd
438fd99a
438fe666
438ff333
43900000
43900ccd
4390199a
43902666
43903333
43904000
43904ccd
4390599a
43906666
43907333
43908000
43908ccd
4390999a
4390a666
4390b333
4390c000
4390cccd
4390d99a
4390e666
4390f333
43910000
43910ccd
4391199a
43912666
43913333
43914000
43914ccd
4391599a
43916666
43917333
43918000
43918ccd
4391999a
4391a666
4391b333
4391c000
4391cccd
4391d99a
4391e666
4391f333
43920000
43920ccd
4392199a
43922666
43923333
43924000
43924ccd
4392599a
43926666
43927333
43928000
43928ccd
4392999a
4392a666
4392b333
4392c000
4392cccd
4392d99a
4392e666
4392f333
43930000
43930ccd
4393199a
43932666
43933333
43934000
43934ccd
4393599a
43936666
43937333
43938000
43938ccd
4393999a
4393a666
4393b333
4393c000
4393cccd
4393d99a
4393e666
4393f333
43940000
43940ccd
4394199a
43942666
43943333
43944000
43944ccd
4394599a
43946666
43947333
43948000
43948ccd
4394999a
4394a666
4394b333
4394c000
4394cccd
4394d99a
4394e666
4394f333
43950000
43950ccd
4395199a
43952666
43953333
43954000
43954ccd
4395599a
43956666
43957333
43958000
43958ccd
4395999a
4395a666
4395b333
4395c000
4395cccd
4395d99a
4395e666
4395f333
43960000
43960ccd
4396199a
43962666
43963333
43964000
43964ccd
4396599a
43966666
43967333
43968000
43968ccd
4396999a
4396a666
4396b333
4396c000
4396cccd
4396d99a
4396e666
4396f333
43970000
43970ccd
4397199a
43972666
43973333
43974000
43974ccd
4397599a
43976666
43977333
43978000
43978ccd
4397999a
4397a666
4397b333
4397c000
4397cccd
4397d99a
4397e666
4397f333
43980000
43980ccd
4398199a
43982666
43983333
43984000
43984ccd
4398599a
43986666
43987333
43988000
43988ccd
4398999a
4398a666
4398b333
4398c000
4398cccd
4398d99a
4398e666
4398f333
43990000
43990ccd
4399199a
43992666
43993333
43994000
43994ccd
4399599a
43996666
43997333
43998000
43998ccd
4399999a
4399a666
4399b333
4399c000
4399cccd
4399d99a
4399e666
4399f333
439a0000
439a0ccd
439a199a
439a2666
439a3333
439a4000
439a4ccd
439a599a
439a6666
439a7333
439a8000
439a8ccd
439a999a
439aa666
439ab333
439ac000
439acccd
439ad99a
439ae666
439af333
439b0000
439b0ccd
439b199a
439b2666
439b3333
439b4000
439b4ccd
439b599a
439b6666
439b7333
439b8000
439b8ccd
439b999a
439ba666
439bb333
439bc000
439bcccd
439bd99a
439be666
439bf333
439c0000
439c0ccd
439c199a
439c2666
439c3333
439c4000
439c4ccd
439c599a
439c6666
439c7333
439c8000
439c8ccd
439c999a
439ca666
439cb333
439cc000
439ccccd
439cd99a
439ce666
439cf333
439d0000
439d0ccd
439d199a
439d2666
439d3333
439d4000
439d4ccd
439d599a
439d6666
439d7333
439d8000
439d8ccd
439d999a
439da666
439db333
439dc000
439dcccd
439dd99a
439de666
439df333
439e0000
439e0ccd
439e199a
439e2666
439e3333
439e4000
439e4ccd
439e599a
439e6666
439e7333
439e8000
439e8ccd
439e999a
439ea666
439eb333
439ec000
439ecccd
439ed99a
439ee666
439ef333
439f0000
439f0ccd
439f199a
439f2666
439f3333
439f4000
439f4ccd
439f599a
439f6666
439f7333
439f8000
439f8ccd
439f999a
439fa666
439fb333
439fc000
439fcccd
439fd99a
439fe666
439ff333
43a00000
43a00ccd
43a0199a
43a02666
43a03333
43a04000
43a04ccd
43a0599a
43a06666
43a07333
43a08000
43a08ccd
43a0999a
43a0a666
43a0b333
43a0c000
43a0cccd
43a0d99a
43a0e666
43a0f333
43a10000
43a10ccd
43a1199a
43a12666
43a13333
43a14000
43a14ccd
43a1599a
43a16666
43a17333
43a18000
43a18ccd
43a1999a
43a1a666
43a1b333
43a1c000
43a1cccd
43a1d99a
43a1e666
43a1f333
43a20000
43a20ccd
43a2199a
43a22666
43a23333
43a24000
43a24ccd
43a2599a
43a26666
43a27333
43a28000
43a28ccd
43a2999a
43a2a666
43a2b333
43a2c000
43a2cccd
43a2d99a
43a2e666
43a2f333
43a30000
43a30ccd
43a3199a
43a32666
43a33333
43a34000
43a34ccd
43a3599a
43a36666
43a37333
43a38000
43a38ccd
43a3999a
43a3a666
43a3b333
43a3c000
43a3cccd
43a3d99a
43a3e666
43a3f333
43a40000
43a40ccd
43a4199a
43a42666
43a43333
43a44000
43a44ccd
43a4599a
43a46666
43a47333
43a48000
43a48ccd
43a4999a
43a4a666
43a4b333
43a4c000
43a4cccd
43a4d99a
43a4e666
43a4f333
43a50000
43a50ccd
43a5199a
43a52666
43a53333
43a54000
43a54ccd
43a5599a
43a56666
43a57333
43a58000
43a58ccd
43a5999a
43a5a666
43a5b333
43a5c000
43a5cccd
43a5d99a
43a5e666
43a5f333
43a60000
43a60ccd
43a6199a
43a62666
43a63333
43a64000
43a64ccd
43a6599a
43a66666
43a67333
43a68000
43a68ccd
43a6999a
43a6a666
43a6b333
43a6c000
43a6cccd
43a6d99a
43a6e666
43a6f333
43a70000
43a70ccd
43a7199a
43a72666
43a73333
43a74000
43a74ccd
43a7599a
43a76666
43a77333
43a78000
43a78ccd
43a7999a
43a7a666
43a7b333
43a7c000
43a7cccd
43a7d99a
43a7e666
43a7f333
43a80000
43a80ccd
43a8199a
43a82666
43a83333
43a84000
43a84ccd
43a8599a
43a86666
43a87333
43a88000
43a88ccd
43a8999a
43a8a666
43a8b333
43a8c000
43a8cccd
43a8d99a
43a8e666
43a8f333
43a90000
43a90ccd
43a9199a
43a92666
43a93333
43a94000
43a94ccd
43a9599a
43a96666
43a97333
43a98000
43a98ccd
43a9999a
43a9a666
43a9b333
43a9c000
43a9cccd
43a9d99a
43a9e666
43a9f333
43aa0000
43aa0ccd
43aa199a
43aa2666
43aa3333
43aa4000
43aa4ccd
43aa599a
43aa6666
43aa7333
43aa8000
43aa8ccd
43aa999a
43aaa666
43aab333
43aac000
43aacccd
43aad99a
43aae666
43aaf333
43ab0000
43ab0ccd
43ab199a
43ab2666
43ab3333
43ab4000
43ab4ccd
43ab599a
43ab6666
43ab7333
43ab8000
43ab8ccd
43ab999a
43aba666
43abb333
43abc000
43abcccd
43abd99a
43abe666
43abf333
43ac0000
43ac0ccd
43ac199a
43ac2666
43ac3333
43ac4000
43ac4ccd
43ac599a
43ac6666
43ac7333
43ac8000
43ac8ccd
43ac999a
43aca666
43acb333
43acc000
43accccd
43acd99a
43ace666
43acf333
43ad0000
43ad0ccd
43ad199a
43ad2666
43ad3333
43ad4000
43ad4ccd
43ad599a
43ad6666
43ad7333
43ad8000
43ad8ccd
43ad999a
43ada666
43adb333
43adc000
43adcccd
43add99a
43ade666
43adf333
43ae0000
43ae0ccd
43ae199a
43ae2666
43ae3333
43ae4000
43ae4ccd
43ae599a
43ae6666
43ae7333
43ae8000
43ae8ccd
43ae999a
43aea666
43aeb333
43aec000
43aecccd
43aed99a
43aee666
43aef333
43af0000
43af0ccd
43af199a
43af2666
43af3333
43af4000
43af4ccd
43af599a
43af6666
43af7333
43af8000
43af8ccd
43af999a
43afa666
43afb333
43afc000
43afcccd
43afd99a
43afe666
43aff333
43b00000
43b00ccd
43b0199a
43b02666
43b03333
43b04000
43b04ccd
43b0599a
43b06666
43b07333
43b08000
43b08ccd
43b0999a
43b0a666
43b0b333
43b0c000
43b0cccd
43b0d99a
43b0e666
43b0f333
43b10000
43b10ccd
43b1199a
43b12666
43b13333
43b14000
43b14ccd
43b1599a
43b16666
43b17333
43b18000
43b18ccd
43b1999a
43b1a666
43b1b333
43b1c000
43b1cccd
43b1d99a
43b1e666
43b1f333
43b20000
43b20ccd
43b2199a
43b22666
43b23333
43b24000
43b24ccd
43b2599a
43b26666
43b27333
43b28000
43b28ccd
43b2999a
43b2a666
43b2b333
43b2c000
43b2cccd
43b2d99a
43b2e666
43b2f333
43b30000
43b30ccd
43b3199a
43b32666
43b33333
43b34000
43b34ccd
43b3599a
43b36666
43b37333
43b38000
43b38ccd
43b3999a
43b3a666
43b3b333
43b3c000
43b3cccd
43b3d99a
43b3e666
43b3f333
43b40000
43b40ccd
43b4199a
43b42666
43b43333
43b44000
43b44ccd
43b4599a
43b46666
43b47333
43b48000
43b48ccd
43b4999a
43b4a666
43b4b333
43b4c000
43b4cccd
43b4d99a
43b4e666
43b4f333
43b50000
43b50ccd
43b5199a
43b52666
43b53333
43b54000
43b54ccd
43b5599a
43b56666
43b57333
43b58000
43b58ccd
43b5999a
43b5a666
43b5b333
43b5c000
43b5cccd
43b5d99a
43b5e666
43b5f333
43b60000
43b60ccd
43b6199a
43b62666
43b63333
43b64000
43b64ccd
43b6599a
43b66666
43b67333
43b68000
43b68ccd
43b6999a
43b6a666
43b6b333
43b6c000
43b6cccd
43b6d99a
43b6e666
43b6f333
43b70000
43b70ccd
43b7199a
43b72666
43b73333
43b74000
43b74ccd
43b7599a
43b76666
43b77333
43b78000
43b78ccd
43b7999a
43b7a666
43b7b333
43b7c000
43b7cccd
43b7d99a
43b7e666
43b7f333
43b80000
43b80ccd
43b8199a
43b82666
43b83333
43b84000
43b84ccd
43b8599a
43b86666
43b87333
43b88000
43b88ccd
43b8999a
43b8a666
43b8b333
43b8c000
43b8cccd
43b8d99a
43b8e666
43b8f333
43b90000
43b90ccd
43b9199a
43b92666
43b93333
43b94000
43b94ccd
43b9599a
43b96666
43b97333
43b98000
43b98ccd
43b9999a
43b9a666
43b9b333
43b9c000
43b9cccd
43b9d99a
43b9e666
43b9f333
43ba0000
43ba0ccd
43ba199a
43ba2666
43ba3333
43ba4000
43ba4ccd
43ba599a
43ba6666
43ba7333
43ba8000
43ba8ccd
43ba999a
43baa666
43bab333
43bac000
43bacccd
43bad99a
43bae666
43baf333
43bb0000
43bb0ccd
43bb199a
43bb2666
43bb3333
43bb4000
43bb4ccd
43bb599a
43bb6666
43bb7333
43bb8000
43bb8ccd
43bb999a
43bba666
43bbb333
43bbc000
43bbcccd
43bbd99a
43bbe666
43bbf333
43bc0000
43bc0ccd
43bc199a
43bc2666
43bc3333
43bc4000
43bc4ccd
43bc599a
43bc6666
43bc7333
43bc8000
43bc8ccd
43bc999a
43bca666
43bcb333
43bcc000
43bccccd
43bcd99a
43bce666
43bcf333
43bd0000
43bd0ccd
43bd199a
43bd2666
43bd3333
43bd4000
43bd4ccd
43bd599a
43bd6666
43bd7333
43bd8000
43bd8ccd
43bd999a
43bda666
43bdb333
43bdc000
43bdcccd
43bdd99a
43bde666
43bdf333
43be0000
43be0ccd
43be199a
43be2666
43be3333
43be4000
43be4ccd
43be599a
43be6666
43be7333
43be8000
43be8ccd
43be999a
43bea666
43beb333
43bec000
43becccd
43bed99a
43bee666
43bef333
43bf0000
43bf0ccd
43bf199a
43bf2666
43bf3333
43bf4000
43bf4ccd
43bf599a
43bf6666
43bf7333
43bf8000
43bf8ccd
43bf999a
43bfa666
43bfb333
43bfc000
43bfcccd
43bfd99a
43bfe666
43bff333
43c00000
43c00ccd
43c0199a
43c02666
43c03333
43c04000
43c04ccd
43c0599a
43c06666
43c07333
43c08000
43c08ccd
43c0999a
43c0a666
43c0b333
43c0c000
43c0cccd
43c0d99a
43c0e666
43c0f333
43c10000
43c10ccd
43c1199a
43c12666
43c13333
43c14000
43c14ccd
43c1599a
43c16666
43c17333
43c18000
43c18ccd
43c1999a
43c1a666
43c1b333
43c1c000
43c1cccd
43c1d99a
43c1e666
43c1f333
43c20000
43c20ccd
43c2199a
43c22666
43c23333
43c24000
43c24ccd
43c2599a
43c26666
43c27333
43c28000
43c28ccd
43c2999a
43c2a666
43c2b333
43c2c000
43c2cccd
43c2d99a
43c2e666
43c2f333
43c30000
43c30ccd
43c3199a
43c32666
43c33333
43c34000
43c34ccd
43c3599a
43c36666
43c37333
43c38000
43c38ccd
43c3999a
43c3a666
43c3b333
43c3c000
43c3cccd
43c3d99a
43c3e666
43c3f333
43c40000
43c40ccd
43c4199a
43c42666
43c43333
43c44000
43c44ccd
43c4599a
43c46666
43c47333
43c48000
43c48ccd
43c4999a
43c4a666
43c4b333
43c4c000
43c4cccd
43c4d99a
43c4e666
43c4f333
43c50000
43c50ccd
43c5199a
43c52666
43c53333
43c54000
43c54ccd
43c5599a
43c56666
43c57333
43c58000
43c58ccd
43c5999a
43c5a666
43c5b333
43c5c000
43c5cccd
43c5d99a
43c5e666
43c5f333
43c60000
43c60ccd
43c6199a
43c62666
43c63333
43c64000
43c64ccd
43c6599a
43c66666
43c67333
43c68000
43c68ccd
43c6999a
43c6a666
43c6b333
43c6c000
43c6cccd
43c6d99a
43c6e666
43c6f333
43c70000
43c70ccd
43c7199a
43c72666
43c73333
43c74000
43c74ccd
43c7599a
43c76666
43c77333
43c78000
43c78ccd
43c7999a
43c7a666
43c7b333
43c7c000
43c7cccd
43c7d99a
43c7e666
43c7f333
43c80000
43c80ccd
43c8199a
43c82666
43c83333
43c84000
43c84ccd
43c8599a
43c86666
43c87333
43c88000
43c88ccd
43c8999a
43c8a666
43c8b333
43c8c000
43c8cccd
43c8d99a
43c8e666
43c8f333
43c90000
43c90ccd
43c9199a
43c92666
43c93333
43c94000
43c94ccd
43c9599a
43c96666
43c97333
43c98000
43c98ccd
43c9999a
43c9a666
43c9b333
43c9c000
43c9cccd
43c9d99a
43c9e666
43c9f333
43ca0000
43ca0ccd
43ca199a
43ca2666
43ca3333
43ca4000
43ca4ccd
43ca599a
43ca6666
43ca7333
43ca8000
43ca8ccd
43ca999a
43caa666
43cab333
43cac000
43cacccd
43cad99a
43cae666
43caf333
43cb0000
43cb0ccd
43cb199a
43cb2666
43cb3333
43cb4000
43cb4ccd
43cb599a
43cb6666
43cb7333
43cb8000
43cb8ccd
43cb999a
43cba666
43cbb333
43cbc000
43cbcccd
43cbd99a
43cbe666
43cbf333
43cc0000
43cc0ccd
43cc199a
43cc2666
43cc3333
43cc4000
43cc4ccd
43cc599a
43cc6666
43cc7333
43cc8000
43cc8ccd
43cc999a
43cca666
43ccb333
43ccc000
43cccccd
43ccd99a
43cce666
43ccf333
43cd0000
43cd0ccd
43cd199a
43cd2666
43cd3333
43cd4000
43cd4ccd
43cd599a
43cd6666
43cd7333
43cd8000
43cd8ccd
43cd999a
43cda666
43cdb333
43cdc000
43cdcccd
43cdd99a
43cde666
43cdf333
43ce0000
43ce0ccd
43ce199a
43ce2666
43ce3333
43ce4000
43ce4ccd
43ce599a
43ce6666
43ce7333
43ce8000
43ce8ccd
43ce999a
43cea666
43ceb333
43cec000
43cecccd
43ced99a
43cee666
43cef333
43cf0000
43cf0ccd
43cf199a
43cf2666
43cf3333
43cf4000
43cf4ccd
43cf599a
43cf6666
43cf7333
43cf8000
43cf8ccd
43cf999a
43cfa666
43cfb333
43cfc000
43cfcccd
43cfd99a
43cfe666
43cff333
43d00000
43d00ccd
43d0199a
43d02666
43d03333
43d04000
43d04ccd
43d0599a
43d06666
43d07333
43d08000
43d08ccd
43d0999a
43d0a666
43d0b333
43d0c000
43d0cccd
43d0d99a
43d0e666
43d0f333
43d10000
43d10ccd
43d1199a
43d12666
43d13333
43d14000
43d14ccd
43d1599a
43d16666
43d17333
43d18000
43d18ccd
43d1999a
43d1a666
43d1b333
43d1c000
43d1cccd
43d1d99a
43d1e666
43d1f333
43d20000
43d20ccd
43d2199a
43d22666
43d23333
43d24000
43d24ccd
43d2599a
43d26666
43d27333
43d28000
43d28ccd
43d2999a
43d2a666
43d2b333
43d2c000
43d2cccd
43d2d99a
43d2e666
43d2f333
43d30000
43d30ccd
43d3199a
43d32666
43d33333
43d34000
43d34ccd
43d3599a
43d36666
43d37333
43d38000
43d38ccd
43d3999a
43d3a666
43d3b333
43d3c000
43d3cccd
43d3d99a
43d3e666
43d3f333
43d40000
43d40ccd
43d4199a
43d42666
43d43333
43d44000
43d44ccd
43d4599a
43d46666
43d47333
43d48000
43d48ccd
43d4999a
43d4a666
43d4b333
43d4c000
43d4cccd
43d4d99a
43d4e666
43d4f333
43d50000
43d50ccd
43d5199a
43d52666
43d53333
43d54000
43d54ccd
43d5599a
43d56666
43d57333
43d58000
43d58ccd
43d5999a
43d5a666
43d5b333
43d5c000
43d5cccd
43d5d99a
43d5e666
43d5f333
43d60000
43d60ccd
43d6199a
43d62666
43d63333
43d64000
43d64ccd
43d6599a
43d66666
43d67333
43d68000
43d68ccd
43d6999a
43d6a666
43d6b333
43d6c000
43d6cccd
43d6d99a
43d6e666
43d6f333
43d70000
43d70ccd
43d7199a
43d72666
43d73333
43d74000
43d74ccd
43d7599a
43d76666
43d77333
43d78000
43d78ccd
43d7999a
43d7a666
43d7b333
43d7c000
43d7cccd
43d7d99a
43d7e666
43d7f333
43d80000
43d80ccd
43d8199a
43d82666
43d83333
43d84000
43d84ccd
43d8599a
43d86666
43d87333
43d88000
43d88ccd
43d8999a
43d8a666
43d8b333
43d8c000
43d8cccd
43d8d99a
43d8e666
43d8f333
43d90000
43d90ccd
43d9199a
43d92666
43d93333
43d94000
43d94ccd
43d9599a
43d96666
43d97333
43d98000
43d98ccd
43d9999a
43d9a666
43d9b333
43d9c000
43d9cccd
43d9d99a
43d9e666
43d9f333
43da0000
43da0ccd
43da199a
43da2666
43da3333
43da4000
43da4ccd
43da599a
43da6666
43da7333
43da8000
43da8ccd
43da999a
43daa666
43dab333
43dac000
43dacccd
43dad99a
43dae666
43daf333
43db0000
43db0ccd
43db199a
43db2666
43db3333
43db4000
43db4ccd
43db599a
43db6666
43db7333
43db8000
43db8ccd
43db999a
43dba666
43dbb333
43dbc000
43dbcccd
43dbd99a
43dbe666
43dbf333
43dc0000
43dc0ccd
43dc199a
43dc2666
43dc3333
43dc4000
43dc4ccd
43dc599a
43dc6666
43dc7333
43dc8000
43dc8ccd
43dc999a
43dca666
43dcb333
43dcc000
43dccccd
43dcd99a
43dce666
43dcf333
43dd0000
43dd0ccd
43dd199a
43dd2666
43dd3333
43dd4000
43dd4ccd
43dd599a
43dd6666
43dd7333
43dd8000
43dd8ccd
43dd999a
43dda666
43ddb333
43ddc000
43ddcccd
43ddd99a
43dde666
43ddf333
43de0000
43de0ccd
43de199a
43de2666
43de3333
43de4000
43de4ccd
43de599a
43de6666
43de7333
43de8000
43de8ccd
43de999a
43dea666
43deb333
43dec000
43decccd
43ded99a
43dee666
43def333
43df0000
43df0ccd
43df199a
43df2666
43df3333
43df4000
43df4ccd
43df599a
43df6666
43df7333
43df8000
43df8ccd
43df999a
43dfa666
43dfb333
43dfc000
43dfcccd
43dfd99a
43dfe666
43dff333
43e00000
43e00ccd
43e0199a
43e02666
43e03333
43e04000
43e04ccd
43e0599a
43e06666
43e07333
43e08000
43e08ccd
43e0999a
43e0a666
43e0b333
43e0c000
43e0cccd
43e0d99a
43e0e666
43e0f333
43e10000
43e10ccd
43e1199a
43e12666
43e13333
43e14000
43e14ccd
43e1599a
43e16666
43e17333
43e18000
43e18ccd
43e1999a
43e1a666
43e1b333
43e1c000
43e1cccd
43e1d99a
43e1e666
43e1f333
43e20000
43e20ccd
43e2199a
43e22666
43e23333
43e24000
43e24ccd
43e2599a
43e26666
43e27333
43e28000
43e28ccd
43e2999a
43e2a666
43e2b333
43e2c000
43e2cccd
43e2d99a
43e2e666
43e2f333
43e30000
43e30ccd
43e3199a
43e32666
43e33333
43e34000
43e34ccd
43e3599a
43e36666
43e37333
43e38000
43e38ccd
43e3999a
43e3a666
43e3b333
43e3c000
43e3cccd
43e3d99a
43e3e666
43e3f333
43e40000
43e40ccd
43e4199a
43e42666
43e43333
43e44000
43e44ccd
43e4599a
43e46666
43e47333
43e48000
43e48ccd
43e4999a
43e4a666
43e4b333
43e4c000
43e4cccd
43e4d99a
43e4e666
43e4f333
43e50000
43e50ccd
43e5199a
43e52666
43e53333
43e54000
43e54ccd
43e5599a
43e56666
43e57333
43e58000
43e58ccd
43e5999a
43e5a666
43e5b333
43e5c000
43e5cccd
43e5d99a
43e5e666
43e5f333
43e60000
43e60ccd
43e6199a
43e62666
43e63333
43e64000
43e64ccd
43e6599a
43e66666
43e67333
43e68000
43e68ccd
43e6999a
43e6a666
43e6b333
43e6c000
43e6cccd
43e6d99a
43e6e666
43e6f333
43e70000
43e70ccd
43e7199a
43e72666
43e73333
43e74000
43e74ccd
43e7599a
43e76666
43e77333
43e78000
43e78ccd
43e7999a
43e7a666
43e7b333
43e7c000
43e7cccd
43e7d99a
43e7e666
43e7f333
43e80000
43e80ccd
43e8199a
43e82666
43e83333
43e84000
43e84ccd
43e8599a
43e86666
43e87333
43e88000
43e88ccd
43e8999a
43e8a666
43e8b333
43e8c000
43e8cccd
43e8d99a
43e8e666
43e8f333
43e90000
43e90ccd
43e9199a
43e92666
43e93333
43e94000
43e94ccd
43e9599a
43e96666
43e97333
43e98000
43e98ccd
43e9999a
43e9a666
43e9b333
43e9c000
43e9cccd
43e9d99a
43e9e666
43e9f333
43ea0000
43ea0ccd
43ea199a
43ea2666
43ea3333
43ea4000
43ea4ccd
43ea599a
43ea6666
43ea7333
43ea8000
43ea8ccd
43ea999a
43eaa666
43eab333
43eac000
43eacccd
43ead99a
43eae666
43eaf333
43eb0000
43eb0ccd
43eb199a
43eb2666
43eb3333
43eb4000
43eb4ccd
43eb599a
43eb6666
43eb7333
43eb8000
43eb8ccd
43eb999a
43eba666
43ebb333
43ebc000
43ebcccd
43ebd99a
43ebe666
43ebf333
43ec0000
43ec0ccd
43ec199a
43ec2666
43ec3333
43ec4000
43ec4ccd
43ec599a
43ec6666
43ec7333
43ec8000
43ec8ccd
43ec999a
43eca666
43ecb333
43ecc000
43eccccd
43ecd99a
43ece666
43ecf333
43ed0000
43ed0ccd
43ed199a
43ed2666
43ed3333
43ed4000
43ed4ccd
43ed599a
43ed6666
43ed7333
43ed8000
43ed8ccd
43ed999a
43eda666
43edb333
43edc000
43edcccd
43edd99a
43ede666
43edf333
43ee0000
43ee0ccd
43ee199a
43ee2666
43ee3333
43ee4000
43ee4ccd
43ee599a
43ee6666
43ee7333
43ee8000
43ee8ccd
43ee999a
43eea666
43eeb333
43eec000
43eecccd
43eed99a
43eee666
43eef333
43ef0000
43ef0ccd
43ef199a
43ef2666
43ef3333
43ef4000
43ef4ccd
43ef599a
43ef6666
43ef7333
43ef8000
43ef8ccd
43ef999a
43efa666
43efb333
43efc000
43efcccd
43efd99a
43efe666
43eff333
43f00000
43f00ccd
43f0199a
43f02666
43f03333
43f04000
43f04ccd
43f0599a
43f06666
43f07333
43f08000
43f08ccd
43f0999a
43f0a666
43f0b333
43f0c000
43f0cccd
43f0d99a
43f0e666
43f0f333
43f10000
43f10ccd
43f1199a
43f12666
43f13333
43f14000
43f14ccd
43f1599a
43f16666
43f17333
43f18000
43f18ccd
43f1999a
43f1a666
43f1b333
43f1c000
43f1cccd
43f1d99a
43f1e666
43f1f333
43f20000
43f20ccd
43f2199a
43f22666
43f23333
43f24000
43f24ccd
43f2599a
43f26666
43f27333
43f28000
43f28ccd
43f2999a
43f2a666
43f2b333
43f2c000
43f2cccd
43f2d99a
43f2e666
43f2f333
43f30000
43f30ccd
43f3199a
43f32666
43f33333
43f34000
43f34ccd
43f3599a
43f36666
43f37333
43f38000
43f38ccd
43f3999a
43f3a666
43f3b333
43f3c000
43f3cccd
43f3d99a
43f3e666
43f3f333
43f40000
43f40ccd
43f4199a
43f42666
43f43333
43f44000
43f44ccd
43f4599a
43f46666
43f47333
43f48000
43f48ccd
43f4999a
43f4a666
43f4b333
43f4c000
43f4cccd
43f4d99a
43f4e666
43f4f333
43f50000
43f50ccd
43f5199a
43f52666
43f53333
43f54000
43f54ccd
43f5599a
43f56666
43f57333
43f58000
43f58ccd
43f5999a
43f5a666
43f5b333
43f5c000
43f5cccd
43f5d99a
43f5e666
43f5f333
43f60000
43f60ccd
43f6199a
43f62666
43f63333
43f64000
43f64ccd
43f6599a
43f66666
43f67333
43f68000
43f68ccd
43f6999a
43f6a666
43f6b333
43f6c000
43f6cccd
43f6d99a
43f6e666
43f6f333
43f70000
43f70ccd
43f7199a
43f72666
43f73333
43f74000
43f74ccd
43f7599a
43f76666
43f77333
43f78000
43f78ccd
43f7999a
43f7a666
43f7b333
43f7c000
43f7cccd
43f7d99a
43f7e666
43f7f333
43f80000
43f80ccd
43f8199a
43f82666
43f83333
43f84000
43f84ccd
43f8599a
43f86666
43f87333
43f88000
43f88ccd
43f8999a
43f8a666
43f8b333
43f8c000
43f8cccd
43f8d99a
43f8e666
43f8f333
43f90000
43f90ccd
43f9199a
43f92666
43f93333
43f94000
43f94ccd
43f9599a
43f96666
43f97333
43f98000
43f98ccd
43f9999a
43f9a666
43f9b333
43f9c000
43f9cccd
43f9d99a
43f9e666
43f9f333
43fa0000
43fa0ccd
43fa199a
43fa2666
43fa3333
43fa4000
43fa4ccd
43fa599a
43fa6666
43fa7333
43fa8000
43fa8ccd
43fa999a
43faa666
43fab333
43fac000
43facccd
43fad99a
43fae666
43faf333
43fb0000
43fb0ccd
43fb199a
43fb2666
43fb3333
43fb4000
43fb4ccd
43fb599a
43fb6666
43fb7333
43fb8000
43fb8ccd
43fb999a
43fba666
43fbb333
43fbc000
43fbcccd
43fbd99a
43fbe666
43fbf333
43fc0000
43fc0ccd
43fc199a
43fc2666
43fc3333
43fc4000
43fc4ccd
43fc599a
43fc6666
43fc7333
43fc8000
43fc8ccd
43fc999a
43fca666
43fcb333
43fcc000
43fccccd
43fcd99a
43fce666
43fcf333
43fd0000
43fd0ccd
43fd199a
43fd2666
43fd3333
43fd4000
43fd4ccd
43fd599a
43fd6666
43fd7333
43fd8000
43fd8ccd
43fd999a
43fda666
43fdb333
43fdc000
43fdcccd
43fdd99a
43fde666
43fdf333
43fe0000
43fe0ccd
43fe199a
43fe2666
43fe3333
43fe4000
43fe4ccd
43fe599a
43fe6666
43fe7333
43fe8000
43fe8ccd
43fe999a
43fea666
43feb333
43fec000
43fecccd
43fed99a
43fee666
43fef333
43ff0000
43ff0ccd
43ff199a
43ff2666
43ff3333
43ff4000
43ff4ccd
43ff599a
43ff6666
43ff7333
43ff8000
43ff8ccd
43ff999a
43ffa666
43ffb333
43ffc000
43ffcccd
43ffd99a
43ffe666
43fff333
44000000
44000666
44000ccd
44001333
4400199a
44002000
44002666
44002ccd
44003333
4400399a
44004000
44004666
44004ccd
44005333
4400599a
44006000
44006666
44006ccd
44007333
4400799a
44008000
44008666
44008ccd
44009333
4400999a
4400a000
4400a666
4400accd
4400b333
4400b99a
4400c000
4400c666
4400cccd
4400d333
4400d99a
4400e000
4400e666
4400eccd
4400f333
4400f99a
44010000
44010666
44010ccd
44011333
4401199a
44012000
44012666
44012ccd
44013333
4401399a
44014000
44014666
44014ccd
44015333
4401599a
44016000
44016666
44016ccd
44017333
4401799a
44018000
44018666
44018ccd
44019333
4401999a
4401a000
4401a666
4401accd
4401b333
4401b99a
4401c000
4401c666
4401cccd
4401d333
4401d99a
4401e000
4401e666
4401eccd
4401f333
4401f99a
44020000
44020666
44020ccd
44021333
4402199a
44022000
44022666
44022ccd
44023333
4402399a
44024000
44024666
44024ccd
44025333
4402599a
44026000
44026666
44026ccd
44027333
4402799a
44028000
44028666
44028ccd
44029333
4402999a
4402a000
4402a666
4402accd
4402b333
4402b99a
4402c000
4402c666
4402cccd
4402d333
4402d99a
4402e000
4402e666
4402eccd
4402f333
4402f99a
44030000
44030666
44030ccd
44031333
4403199a
44032000
44032666
44032ccd
44033333
4403399a
44034000
44034666
44034ccd
44035333
4403599a
44036000
44036666
44036ccd
44037333
4403799a
44038000
44038666
44038ccd
44039333
4403999a
4403a000
4403a666
4403accd
4403b333
4403b99a
4403c000
4403c666
4403cccd
4403d333
4403d99a
4403e000
4403e666
4403eccd
4403f333
4403f99a
44040000
44040666
44040ccd
44041333
4404199a
44042000
44042666
44042ccd
44043333
4404399a
44044000
44044666
44044ccd
44045333
4404599a
44046000
44046666
44046ccd
44047333
4404799a
44048000
44048666
44048ccd
44049333
4404999a
4404a000
4404a666
4404accd
4404b333
4404b99a
4404c000
4404c666
4404cccd
4404d333
4404d99a
4404e000
4404e666
4404eccd
4404f333
4404f99a
44050000
44050666
44050ccd
44051333
4405199a
44052000
44052666
44052ccd
44053333
4405399a
44054000
44054666
44054ccd
44055333
4405599a
44056000
44056666
44056ccd
44057333
4405799a
44058000
44058666
44058ccd
44059333
4405999a
4405a000
4405a666
4405accd
4405b333
4405b99a
4405c000
4405c666
4405cccd
4405d333
4405d99a
4405e000
4405e666
4405eccd
4405f333
4405f99a
44060000
44060666
44060ccd
44061333
4406199a
44062000
44062666
44062ccd
44063333
4406399a
44064000
44064666
44064ccd
44065333
4406599a
44066000
44066666
44066ccd
44067333
4406799a
44068000
44068666
44068ccd
44069333
4406999a
4406a000
4406a666
4406accd
4406b333
4406b99a
4406c000
4406c666
4406cccd
4406d333
4406d99a
4406e000
4406e666
4406eccd
4406f333
4406f99a
44070000
44070666
44070ccd
44071333
4407199a
44072000
44072666
44072ccd
44073333
4407399a
44074000
44074666
44074ccd
44075333
4407599a
44076000
44076666
44076ccd
44077333
4407799a
44078000
44078666
44078ccd
44079333
4407999a
4407a000
4407a666
4407accd
4407b333
4407b99a
4407c000
4407c666
4407cccd
4407d333
4407d99a
4407e000
4407e666
4407eccd
4407f333
4407f99a
44080000
44080666
44080ccd
44081333
4408199a
44082000
44082666
44082ccd
44083333
4408399a
44084000
44084666
44084ccd
44085333
4408599a
44086000
44086666
44086ccd
44087333
4408799a
44088000
44088666
44088ccd
44089333
4408999a
4408a000
4408a666
4408accd
4408b333
4408b99a
4408c000
4408c666
4408cccd
4408d333
4408d99a
4408e000
4408e666
4408eccd
4408f333
4408f99a
44090000
44090666
44090ccd
44091333
4409199a
44092000
44092666
44092ccd
44093333
4409399a
44094000
44094666
44094ccd
44095333
4409599a
44096000
44096666
44096ccd
44097333
4409799a
44098000
44098666
44098ccd
44099333
4409999a
4409a000
4409a666
4409accd
4409b333
4409b99a
4409c000
4409c666
4409cccd
4409d333
4409d99a
4409e000
4409e666
4409eccd
4409f333
4409f99a
440a0000
440a0666
440a0ccd
440a1333
440a199a
440a2000
440a2666
440a2ccd
440a3333
440a399a
440a4000
440a4666
440a4ccd
440a5333
440a599a
440a6000
440a6666
440a6ccd
440a7333
440a799a
440a8000
440a8666
440a8ccd
440a9333
440a999a
440aa000
440aa666
440aaccd
440ab333
440ab99a
440ac000
440ac666
440acccd
440ad333
440ad99a
440ae000
440ae666
440aeccd
440af333
440af99a
440b0000
440b0666
440b0ccd
440b1333
440b199a
440b2000
440b2666
440b2ccd
440b3333
440b399a
440b4000
440b4666
440b4ccd
440b5333
440b599a
440b6000
440b6666
440b6ccd
440b7333
440b799a
440b8000
440b8666
440b8ccd
440b9333
440b999a
440ba000
440ba666
440baccd
440bb333
440bb99a
440bc000
440bc666
440bcccd
440bd333
440bd99a
440be000
440be666
440beccd
440bf333
440bf99a
440c0000
440c0666
440c0ccd
440c1333
440c199a
440c2000
440c2666
440c2ccd
440c3333
440c399a
440c4000
440c4666
440c4ccd
440c5333
440c599a
440c6000
440c6666
440c6ccd
440c7333
440c799a
440c8000
440c8666
440c8ccd
440c9333
440c999a
440ca000
440ca666
440caccd
440cb333
440cb99a
440cc000
440cc666
440ccccd
440cd333
440cd99a
440ce000
440ce666
440ceccd
440cf333
440cf99a
440d0000
440d0666
440d0ccd
440d1333
440d199a
440d2000
440d2666
440d2ccd
440d3333
440d399a
440d4000
440d4666
440d4ccd
440d5333
440d599a
440d6000
440d6666
440d6ccd
440d7333
440d799a
440d8000
440d8666
440d8ccd
440d9333
440d999a
440da000
440da666
440daccd
440db333
440db99a
440dc000
440dc666
440dcccd
440dd333
440dd99a
440de000
440de666
440deccd
440df333
440df99a
440e0000
440e0666
440e0ccd
440e1333
440e199a
440e2000
440e2666
440e2ccd
440e3333
440e399a
440e4000
440e4666
440e4ccd
440e5333
440e599a
440e6000
440e6666
440e6ccd
440e7333
440e799a
440e8000
440e8666
440e8ccd
440e9333
440e999a
440ea000
440ea666
440eaccd
440eb333
440eb99a
440ec000
440ec666
440ecccd
440ed333
440ed99a
440ee000
440ee666
440eeccd
440ef333
440ef99a
440f0000
440f0666
440f0ccd
440f1333
440f199a
440f2000
440f2666
440f2ccd
440f3333
440f399a
440f4000
440f4666
440f4ccd
440f5333
440f599a
440f6000
440f6666
440f6ccd
440f7333
440f799a
440f8000
440f8666
440f8ccd
440f9333
440f999a
440fa000
440fa666
440faccd
440fb333
440fb99a
440fc000
440fc666
440fcccd
440fd333
440fd99a
440fe000
440fe666
440feccd
440ff333
440ff99a
44100000
44100666
44100ccd
44101333
4410199a
44102000
44102666
44102ccd
44103333
4410399a
44104000
44104666
44104ccd
44105333
4410599a
44106000
44106666
44106ccd
44107333
4410799a
44108000
44108666
44108ccd
44109333
4410999a
4410a000
4410a666
4410accd
4410b333
4410b99a
4410c000
4410c666
4410cccd
4410d333
4410d99a
4410e000
4410e666
4410eccd
4410f333
4410f99a
44110000
44110666
44110ccd
44111333
4411199a
44112000
44112666
44112ccd
44113333
4411399a
44114000
44114666
44114ccd
44115333
4411599a
44116000
44116666
44116ccd
44117333
4411799a
44118000
44118666
44118ccd
44119333
4411999a
4411a000
4411a666
4411accd
4411b333
4411b99a
4411c000
4411c666
4411cccd
4411d333
4411d99a
4411e000
4411e666
4411eccd
4411f333
4411f99a
44120000
44120666
44120ccd
44121333
4412199a
44122000
44122666
44122ccd
44123333
4412399a
44124000
44124666
44124ccd
44125333
4412599a
44126000
44126666
44126ccd
44127333
4412799a
44128000
44128666
44128ccd
44129333
4412999a
4412a000
4412a666
4412accd
4412b333
4412b99a
4412c000
4412c666
4412cccd
4412d333
4412d99a
4412e000
4412e666
4412eccd
4412f333
4412f99a
44130000
44130666
44130ccd
44131333
4413199a
44132000
44132666
44132ccd
44133333
4413399a
44134000
44134666
44134ccd
44135333
4413599a
44136000
44136666
44136ccd
44137333
4413799a
44138000
44138666
44138ccd
44139333
4413999a
4413a000
4413a666
4413accd
4413b333
4413b99a
4413c000
4413c666
4413cccd
4413d333
4413d99a
4413e000
4413e666
4413eccd
4413f333
4413f99a
44140000
44140666
44140ccd
44141333
4414199a
44142000
44142666
44142ccd
44143333
4414399a
44144000
44144666
44144ccd
44145333
4414599a
44146000
44146666
44146ccd
44147333
4414799a
44148000
44148666
44148ccd
44149333
4414999a
4414a000
4414a666
4414accd
4414b333
4414b99a
4414c000
4414c666
4414cccd
4414d333
4414d99a
4414e000
4414e666
4414eccd
4414f333
4414f99a
44150000
44150666
44150ccd
44151333
4415199a
44152000
44152666
44152ccd
44153333
4415399a
44154000
44154666
44154ccd
44155333
4415599a
44156000
44156666
44156ccd
44157333
4415799a
44158000
44158666
44158ccd
44159333
4415999a
4415a000
4415a666
4415accd
4415b333
4415b99a
4415c000
4415c666
4415cccd
4415d333
4415d99a
4415e000
4415e666
4415eccd
4415f333
4415f99a
44160000
44160666
44160ccd
44161333
4416199a
44162000
44162666
44162ccd
44163333
4416399a
44164000
44164666
44164ccd
44165333
4416599a
44166000
44166666
44166ccd
44167333
4416799a
44168000
44168666
44168ccd
44169333
4416999a
4416a000
4416a666
4416accd
4416b333
4416b99a
4416c000
4416c666
4416cccd
4416d333
4416d99a
4416e000
4416e666
4416eccd
4416f333
4416f99a
44170000
44170666
44170ccd
44171333
4417199a
44172000
44172666
44172ccd
44173333
4417399a
44174000
44174666
44174ccd
44175333
4417599a
44176000
44176666
44176ccd
44177333
4417799a
44178000
44178666
44178ccd
44179333
4417999a
4417a000
4417a666
4417accd
4417b333
4417b99a
4417c000
4417c666
4417cccd
4417d333
4417d99a
4417e000
4417e666
4417eccd
4417f333
4417f99a
44180000
44180666
44180ccd
44181333
4418199a
44182000
44182666
44182ccd
44183333
4418399a
44184000
44184666
44184ccd
44185333
4418599a
44186000
44186666
44186ccd
44187333
4418799a
44188000
44188666
44188ccd
44189333
4418999a
4418a000
4418a666
4418accd
4418b333
4418b99a
4418c000
4418c666
4418cccd
4418d333
4418d99a
4418e000
4418e666
4418eccd
4418f333
4418f99a
44190000
44190666
44190ccd
44191333
4419199a
44192000
44192666
44192ccd
44193333
4419399a
44194000
44194666
44194ccd
44195333
4419599a
44196000
44196666
44196ccd
44197333
4419799a
44198000
44198666
44198ccd
44199333
4419999a
4419a000
4419a666
4419accd
4419b333
4419b99a
4419c000
4419c666
4419cccd
4419d333
4419d99a
4419e000
4419e666
4419eccd
4419f333
4419f99a
441a0000
441a0666
441a0ccd
441a1333
441a199a
441a2000
441a2666
441a2ccd
441a3333
441a399a
441a4000
441a4666
441a4ccd
441a5333
441a599a
441a6000
441a6666
441a6ccd
441a7333
441a799a
441a8000
441a8666
441a8ccd
441a9333
441a999a
441aa000
441aa666
441aaccd
441ab333
441ab99a
441ac000
441ac666
441acccd
441ad333
441ad99a
441ae000
441ae666
441aeccd
441af333
441af99a
441b0000
441b0666
441b0ccd
441b1333
441b199a
441b2000
441b2666
441b2ccd
441b3333
441b399a
441b4000
441b4666
441b4ccd
441b5333
441b599a
441b6000
441b6666
441b6ccd
441b7333
441b799a
441b8000
441b8666
441b8ccd
441b9333
441b999a
441ba000
441ba666
441baccd
441bb333
441bb99a
441bc000
441bc666
441bcccd
441bd333
441bd99a
441be000
441be666
441beccd
441bf333
441bf99a
441c0000
441c0666
441c0ccd
441c1333
441c199a
441c2000
441c2666
441c2ccd
441c3333
441c399a
441c4000
441c4666
441c4ccd
441c5333
441c599a
441c6000
441c6666
441c6ccd
441c7333
441c799a
441c8000
441c8666
441c8ccd
441c9333
441c999a
441ca000
441ca666
441caccd
441cb333
441cb99a
441cc000
441cc666
441ccccd
441cd333
441cd99a
441ce000
441ce666
441ceccd
441cf333
441cf99a
441d0000
441d0666
441d0ccd
441d1333
441d199a
441d2000
441d2666
441d2ccd
441d3333
441d399a
441d4000
441d4666
441d4ccd
441d5333
441d599a
441d6000
441d6666
441d6ccd
441d7333
441d799a
441d8000
441d8666
441d8ccd
441d9333
441d999a
441da000
441da666
441daccd
441db333
441db99a
441dc000
441dc666
441dcccd
441dd333
441dd99a
441de000
441de666
441deccd
441df333
441df99a
441e0000
441e0666
441e0ccd
441e1333
441e199a
441e2000
441e2666
441e2ccd
441e3333
441e399a
441e4000
441e4666
441e4ccd
441e5333
441e599a
441e6000
441e6666
441e6ccd
441e7333
441e799a
441e8000
441e8666
441e8ccd
441e9333
441e999a
441ea000
441ea666
441eaccd
441eb333
441eb99a
441ec000
441ec666
441ecccd
441ed333
441ed99a
441ee000
441ee666
441eeccd
441ef333
441ef99a
441f0000
441f0666
441f0ccd
441f1333
441f199a
441f2000
441f2666
441f2ccd
441f3333
441f399a
441f4000
441f4666
441f4ccd
441f5333
441f599a
441f6000
441f6666
441f6ccd
441f7333
441f799a
441f8000
441f8666
441f8ccd
441f9333
441f999a
441fa000
441fa666
441faccd
441fb333
441fb99a
441fc000
441fc666
441fcccd
441fd333
441fd99a
441fe000
441fe666
441feccd
441ff333
441ff99a
44200000
44200666
44200ccd
44201333
4420199a
44202000
44202666
44202ccd
44203333
4420399a
44204000
44204666
44204ccd
44205333
4420599a
44206000
44206666
44206ccd
44207333
4420799a
44208000
44208666
44208ccd
44209333
4420999a
4420a000
4420a666
4420accd
4420b333
4420b99a
4420c000
4420c666
4420cccd
4420d333
4420d99a
4420e000
4420e666
4420eccd
4420f333
4420f99a
44210000
44210666
44210ccd
44211333
4421199a
44212000
44212666
44212ccd
44213333
4421399a
44214000
44214666
44214ccd
44215333
4421599a
44216000
44216666
44216ccd
44217333
4421799a
44218000
44218666
44218ccd
44219333
4421999a
4421a000
4421a666
4421accd
4421b333
4421b99a
4421c000
4421c666
4421cccd
4421d333
4421d99a
4421e000
4421e666
4421eccd
4421f333
4421f99a
44220000
44220666
44220ccd
44221333
4422199a
44222000
44222666
44222ccd
44223333
4422399a
44224000
44224666
44224ccd
44225333
4422599a
44226000
44226666
44226ccd
44227333
4422799a
44228000
44228666
44228ccd
44229333
4422999a
4422a000
4422a666
4422accd
4422b333
4422b99a
4422c000
4422c666
4422cccd
4422d333
4422d99a
4422e000
4422e666
4422eccd
4422f333
4422f99a
44230000
44230666
44230ccd
44231333
4423199a
44232000
44232666
44232ccd
44233333
4423399a
44234000
44234666
44234ccd
44235333
4423599a
44236000
44236666
44236ccd
44237333
4423799a
44238000
44238666
44238ccd
44239333
4423999a
4423a000
4423a666
4423accd
4423b333
4423b99a
4423c000
4423c666
4423cccd
4423d333
4423d99a
4423e000
4423e666
4423eccd
4423f333
4423f99a
44240000
44240666
44240ccd
44241333
4424199a
44242000
44242666
44242ccd
44243333
4424399a
44244000
44244666
44244ccd
44245333
4424599a
44246000
44246666
44246ccd
44247333
4424799a
44248000
44248666
44248ccd
44249333
4424999a
4424a000
4424a666
4424accd
4424b333
4424b99a
4424c000
4424c666
4424cccd
4424d333
4424d99a
4424e000
4424e666
4424eccd
4424f333
4424f99a
44250000
44250666
44250ccd
44251333
4425199a
44252000
44252666
44252ccd
44253333
4425399a
44254000
44254666
44254ccd
44255333
4425599a
44256000
44256666
44256ccd
44257333
4425799a
44258000
44258666
44258ccd
44259333
4425999a
4425a000
4425a666
4425accd
4425b333
4425b99a
4425c000
4425c666
4425cccd
4425d333
4425d99a
4425e000
4425e666
4425eccd
4425f333
4425f99a
44260000
44260666
44260ccd
44261333
4426199a
44262000
44262666
44262ccd
44263333
4426399a
44264000
44264666
44264ccd
44265333
4426599a
44266000
44266666
44266ccd
44267333
4426799a
44268000
44268666
44268ccd
44269333
4426999a
4426a000
4426a666
4426accd
4426b333
4426b99a
4426c000
4426c666
4426cccd
4426d333
4426d99a
4426e000
4426e666
4426eccd
4426f333
4426f99a
44270000
44270666
44270ccd
44271333
4427199a
44272000
44272666
44272ccd
44273333
4427399a
44274000
44274666
44274ccd
44275333
4427599a
44276000
44276666
44276ccd
44277333
4427799a
44278000
44278666
44278ccd
44279333
4427999a
4427a000
4427a666
4427accd
4427b333
4427b99a
4427c000
4427c666
4427cccd
4427d333
4427d99a
4427e000
4427e666
4427eccd
4427f333
4427f99a
44280000
44280666
44280ccd
44281333
4428199a
44282000
44282666
44282ccd
44283333
4428399a
44284000
44284666
44284ccd
44285333
4428599a
44286000
44286666
44286ccd
44287333
4428799a
44288000
44288666
44288ccd
44289333
4428999a
4428a000
4428a666
4428accd
4428b333
4428b99a
4428c000
4428c666
4428cccd
4428d333
4428d99a
4428e000
4428e666
4428eccd
4428f333
4428f99a
44290000
44290666
44290ccd
44291333
4429199a
44292000
44292666
44292ccd
44293333
4429399a
44294000
44294666
44294ccd
44295333
4429599a
44296000
44296666
44296ccd
44297333
4429799a
44298000
44298666
44298ccd
44299333
4429999a
4429a000
4429a666
4429accd
4429b333
4429b99a
4429c000
4429c666
4429cccd
4429d333
4429d99a
4429e000
4429e666
4429eccd
4429f333
4429f99a
442a0000
442a0666
442a0ccd
442a1333
442a199a
442a2000
442a2666
442a2ccd
442a3333
442a399a
442a4000
442a4666
442a4ccd
442a5333
442a599a
442a6000
442a6666
442a6ccd
442a7333
442a799a
442a8000
442a8666
442a8ccd
442a9333
442a999a
442aa000
442aa666
442aaccd
442ab333
442ab99a
442ac000
442ac666
442acccd
442ad333
442ad99a
442ae000
442ae666
442aeccd
442af333
442af99a
442b0000
442b0666
442b0ccd
442b1333
442b199a
442b2000
442b2666
442b2ccd
442b3333
442b399a
442b4000
442b4666
442b4ccd
442b5333
442b599a
442b6000
442b6666
442b6ccd
442b7333
442b799a
442b8000
442b8666
442b8ccd
442b9333
442b999a
442ba000
442ba666
442baccd
442bb333
442bb99a
442bc000
442bc666
442bcccd
442bd333
442bd99a
442be000
442be666
442beccd
442bf333
442bf99a
442c0000
442c0666
442c0ccd
442c1333
442c199a
442c2000
442c2666
442c2ccd
442c3333
442c399a
442c4000
442c4666
442c4ccd
442c5333
442c599a
442c6000
442c6666
442c6ccd
442c7333
442c799a
442c8000
442c8666
442c8ccd
442c9333
442c999a
442ca000
442ca666
442caccd
442cb333
442cb99a
442cc000
442cc666
442ccccd
442cd333
442cd99a
442ce000
442ce666
442ceccd
442cf333
442cf99a
442d0000
442d0666
442d0ccd
442d1333
442d199a
442d2000
442d2666
442d2ccd
442d3333
442d399a
442d4000
442d4666
442d4ccd
442d5333
442d599a
442d6000
442d6666
442d6ccd
442d7333
442d799a
442d8000
442d8666
442d8ccd
442d9333
442d999a
442da000
442da666
442daccd
442db333
442db99a
442dc000
442dc666
442dcccd
442dd333
442dd99a
442de000
442de666
442deccd
442df333
442df99a
442e0000
442e0666
442e0ccd
442e1333
442e199a
442e2000
442e2666
442e2ccd
442e3333
442e399a
442e4000
442e4666
442e4ccd
442e5333
442e599a
442e6000
442e6666
442e6ccd
442e7333
442e799a
442e8000
442e8666
442e8ccd
442e9333
442e999a
442ea000
442ea666
442eaccd
442eb333
442eb99a
442ec000
442ec666
442ecccd
442ed333
442ed99a
442ee000
442ee666
442eeccd
442ef333
442ef99a
442f0000
442f0666
442f0ccd
442f1333
442f199a
442f2000
442f2666
442f2ccd
442f3333
442f399a
442f4000
442f4666
442f4ccd
442f5333
442f599a
442f6000
442f6666
442f6ccd
442f7333
442f799a
442f8000
442f8666
442f8ccd
442f9333
442f999a
442fa000
442fa666
442faccd
442fb333
442fb99a
442fc000
442fc666
442fcccd
442fd333
442fd99a
442fe000
442fe666
442feccd
442ff333
442ff99a
44300000
44300666
44300ccd
44301333
4430199a
44302000
44302666
44302ccd
44303333
4430399a
44304000
44304666
44304ccd
44305333
4430599a
44306000
44306666
44306ccd
44307333
4430799a
44308000
44308666
44308ccd
44309333
4430999a
4430a000
4430a666
4430accd
4430b333
4430b99a
4430c000
4430c666
4430cccd
4430d333
4430d99a
4430e000
4430e666
4430eccd
4430f333
4430f99a
44310000
44310666
44310ccd
44311333
4431199a
44312000
44312666
44312ccd
44313333
4431399a
44314000
44314666
44314ccd
44315333
4431599a
44316000
44316666
44316ccd
44317333
4431799a
44318000
44318666
44318ccd
44319333
4431999a
4431a000
4431a666
4431accd
4431b333
4431b99a
4431c000
4431c666
4431cccd
4431d333
4431d99a
4431e000
4431e666
4431eccd
4431f333
4431f99a
44320000
44320666
44320ccd
44321333
4432199a
44322000
44322666
44322ccd
44323333
4432399a
44324000
44324666
44324ccd
44325333
4432599a
44326000
44326666
44326ccd
44327333
4432799a
44328000
44328666
44328ccd
44329333
4432999a
4432a000
4432a666
4432accd
4432b333
4432b99a
4432c000
4432c666
4432cccd
4432d333
4432d99a
4432e000
4432e666
4432eccd
4432f333
4432f99a
44330000
44330666
44330ccd
44331333
4433199a
44332000
44332666
44332ccd
44333333
4433399a
44334000
44334666
44334ccd
44335333
4433599a
44336000
44336666
44336ccd
44337333
4433799a
44338000
44338666
44338ccd
44339333
4433999a
4433a000
4433a666
4433accd
4433b333
4433b99a
4433c000
4433c666
4433cccd
4433d333
4433d99a
4433e000
4433e666
4433eccd
4433f333
4433f99a
44340000
44340666
44340ccd
44341333
4434199a
44342000
44342666
44342ccd
44343333
4434399a
44344000
44344666
44344ccd
44345333
4434599a
44346000
44346666
44346ccd
44347333
4434799a
44348000
44348666
44348ccd
44349333
4434999a
4434a000
4434a666
4434accd
4434b333
4434b99a
4434c000
4434c666
4434cccd
4434d333
4434d99a
4434e000
4434e666
4434eccd
4434f333
4434f99a
44350000
44350666
44350ccd
44351333
4435199a
44352000
44352666
44352ccd
44353333
4435399a
44354000
44354666
44354ccd
44355333
4435599a
44356000
44356666
44356ccd
44357333
4435799a
44358000
44358666
44358ccd
44359333
4435999a
4435a000
4435a666
4435accd
4435b333
4435b99a
4435c000
4435c666
4435cccd
4435d333
4435d99a
4435e000
4435e666
4435eccd
4435f333
4435f99a
44360000
44360666
44360ccd
44361333
4436199a
44362000
44362666
44362ccd
44363333
4436399a
44364000
44364666
44364ccd
44365333
4436599a
44366000
44366666
44366ccd
44367333
4436799a
44368000
44368666
44368ccd
44369333
4436999a
4436a000
4436a666
4436accd
4436b333
4436b99a
4436c000
4436c666
4436cccd
4436d333
4436d99a
4436e000
4436e666
4436eccd
4436f333
4436f99a
44370000
44370666
44370ccd
44371333
4437199a
44372000
44372666
44372ccd
44373333
4437399a
44374000
44374666
44374ccd
44375333
4437599a
44376000
44376666
44376ccd
44377333
4437799a
44378000
44378666
44378ccd
44379333
4437999a
4437a000
4437a666
4437accd
4437b333
4437b99a
4437c000
4437c666
4437cccd
4437d333
4437d99a
4437e000
4437e666
4437eccd
4437f333
4437f99a
44380000
44380666
44380ccd
44381333
4438199a
44382000
44382666
44382ccd
44383333
4438399a
44384000
44384666
44384ccd
44385333
4438599a
44386000
44386666
44386ccd
44387333
4438799a
44388000
44388666
44388ccd
44389333
4438999a
4438a000
4438a666
4438accd
4438b333
4438b99a
4438c000
4438c666
4438cccd
4438d333
4438d99a
4438e000
4438e666
4438eccd
4438f333
4438f99a
44390000
44390666
44390ccd
44391333
4439199a
44392000
44392666
44392ccd
44393333
4439399a
44394000
44394666
44394ccd
44395333
4439599a
44396000
44396666
44396ccd
44397333
4439799a
44398000
44398666
44398ccd
44399333
4439999a
4439a000
4439a666
4439accd
4439b333
4439b99a
4439c000
4439c666
4439cccd
4439d333
4439d99a
4439e000
4439e666
4439eccd
4439f333
4439f99a
443a0000
443a0666
443a0ccd
443a1333
443a199a
443a2000
443a2666
443a2ccd
443a3333
443a399a
443a4000
443a4666
443a4ccd
443a5333
443a599a
443a6000
443a6666
443a6ccd
443a7333
443a799a
443a8000
443a8666
443a8ccd
443a9333
443a999a
443aa000
443aa666
443aaccd
443ab333
443ab99a
443ac000
443ac666
443acccd
443ad333
443ad99a
443ae000
443ae666
443aeccd
443af333
443af99a
443b0000
443b0666
443b0ccd
443b1333
443b199a
443b2000
443b2666
443b2ccd
443b3333
443b399a
443b4000
443b4666
443b4ccd
443b5333
443b599a
443b6000
443b6666
443b6ccd
443b7333
443b799a
443b8000
443b8666
443b8ccd
443b9333
443b999a
443ba000
443ba666
443baccd
443bb333
443bb99a
443bc000
443bc666
443bcccd
443bd333
443bd99a
443be000
443be666
443beccd
443bf333
443bf99a
443c0000
443c0666
443c0ccd
443c1333
443c199a
443c2000
443c2666
443c2ccd
443c3333
443c399a
443c4000
443c4666
443c4ccd
443c5333
443c599a
443c6000
443c6666
443c6ccd
443c7333
443c799a
443c8000
443c8666
443c8ccd
443c9333
443c999a
443ca000
443ca666
443caccd
443cb333
443cb99a
443cc000
443cc666
443ccccd
443cd333
443cd99a
443ce000
443ce666
443ceccd
443cf333
443cf99a
443d0000
443d0666
443d0ccd
443d1333
443d199a
443d2000
443d2666
443d2ccd
443d3333
443d399a
443d4000
443d4666
443d4ccd
443d5333
443d599a
443d6000
443d6666
443d6ccd
443d7333
443d799a
443d8000
443d8666
443d8ccd
443d9333
443d999a
443da000
443da666
443daccd
443db333
443db99a
443dc000
443dc666
443dcccd
443dd333
443dd99a
443de000
443de666
443deccd
443df333
443df99a
443e0000
443e0666
443e0ccd
443e1333
443e199a
443e2000
443e2666
443e2ccd
443e3333
443e399a
443e4000
443e4666
443e4ccd
443e5333
443e599a
443e6000
443e6666
443e6ccd
443e7333
443e799a
443e8000
443e8666
443e8ccd
443e9333
443e999a
443ea000
443ea666
443eaccd
443eb333
443eb99a
443ec000
443ec666
443ecccd
443ed333
443ed99a
443ee000
443ee666
443eeccd
443ef333
443ef99a
443f0000
443f0666
443f0ccd
443f1333
443f199a
443f2000
443f2666
443f2ccd
443f3333
443f399a
443f4000
443f4666
443f4ccd
443f5333
443f599a
443f6000
443f6666
443f6ccd
443f7333
443f799a
443f8000
443f8666
443f8ccd
443f9333
443f999a
443fa000
443fa666
443faccd
443fb333
443fb99a
443fc000
443fc666
443fcccd
443fd333
443fd99a
443fe000
443fe666
443feccd
443ff333
443ff99a
44400000
44400666
44400ccd
44401333
4440199a
44402000
44402666
44402ccd
44403333
4440399a
44404000
44404666
44404ccd
44405333
4440599a
44406000
44406666
44406ccd
44407333
4440799a
44408000
44408666
44408ccd
44409333
4440999a
4440a000
4440a666
4440accd
4440b333
4440b99a
4440c000
4440c666
4440cccd
4440d333
4440d99a
4440e000
4440e666
4440eccd
4440f333
4440f99a
44410000
44410666
44410ccd
44411333
4441199a
44412000
44412666
44412ccd
44413333
4441399a
44414000
44414666
44414ccd
44415333
4441599a
44416000
44416666
44416ccd
44417333
4441799a
44418000
44418666
44418ccd
44419333
4441999a
4441a000
4441a666
4441accd
4441b333
4441b99a
4441c000
4441c666
4441cccd
4441d333
4441d99a
4441e000
4441e666
4441eccd
4441f333
4441f99a
44420000
44420666
44420ccd
44421333
4442199a
44422000
44422666
44422ccd
44423333
4442399a
44424000
44424666
44424ccd
44425333
4442599a
44426000
44426666
44426ccd
44427333
4442799a
44428000
44428666
44428ccd
44429333
4442999a
4442a000
4442a666
4442accd
4442b333
4442b99a
4442c000
4442c666
4442cccd
4442d333
4442d99a
4442e000
4442e666
4442eccd
4442f333
4442f99a
44430000
44430666
44430ccd
44431333
4443199a
44432000
44432666
44432ccd
44433333
4443399a
44434000
44434666
44434ccd
44435333
4443599a
44436000
44436666
44436ccd
44437333
4443799a
44438000
44438666
44438ccd
44439333
4443999a
4443a000
4443a666
4443accd
4443b333
4443b99a
4443c000
4443c666
4443cccd
4443d333
4443d99a
4443e000
4443e666
4443eccd
4443f333
4443f99a
44440000
44440666
44440ccd
44441333
4444199a
44442000
44442666
44442ccd
44443333
4444399a
44444000
44444666
44444ccd
44445333
4444599a
44446000
44446666
44446ccd
44447333
4444799a
44448000
44448666
44448ccd
44449333
4444999a
4444a000
4444a666
4444accd
4444b333
4444b99a
4444c000
4444c666
4444cccd
4444d333
4444d99a
4444e000
4444e666
4444eccd
4444f333
4444f99a
44450000
44450666
44450ccd
44451333
4445199a
44452000
44452666
44452ccd
44453333
4445399a
44454000
44454666
44454ccd
44455333
4445599a
44456000
44456666
44456ccd
44457333
4445799a
44458000
44458666
44458ccd
44459333
4445999a
4445a000
4445a666
4445accd
4445b333
4445b99a
4445c000
4445c666
4445cccd
4445d333
4445d99a
4445e000
4445e666
4445eccd
4445f333
4445f99a
44460000
44460666
44460ccd
44461333
4446199a
44462000
44462666
44462ccd
44463333
4446399a
44464000
44464666
44464ccd
44465333
4446599a
44466000
44466666
44466ccd
44467333
4446799a
44468000
44468666
44468ccd
44469333
4446999a
4446a000
4446a666
4446accd
4446b333
4446b99a
4446c000
4446c666
4446cccd
4446d333
4446d99a
4446e000
4446e666
4446eccd
4446f333
4446f99a
44470000
44470666
44470ccd
44471333
4447199a
44472000
44472666
44472ccd
44473333
4447399a
44474000
44474666
44474ccd
44475333
4447599a
44476000
44476666
44476ccd
44477333
4447799a
44478000
44478666
44478ccd
44479333
4447999a
4447a000
4447a666
4447accd
4447b333
4447b99a
4447c000
4447c666
4447cccd
4447d333
4447d99a
4447e000
4447e666
4447eccd
4447f333
4447f99a
44480000
44480666
44480ccd
44481333
4448199a
44482000
44482666
44482ccd
44483333
4448399a
44484000
44484666
44484ccd
44485333
4448599a
44486000
44486666
44486ccd
44487333
4448799a
44488000
44488666
44488ccd
44489333
4448999a
4448a000
4448a666
4448accd
4448b333
4448b99a
4448c000
4448c666
4448cccd
4448d333
4448d99a
4448e000
4448e666
4448eccd
4448f333
4448f99a
44490000
44490666
44490ccd
44491333
4449199a
44492000
44492666
44492ccd
44493333
4449399a
44494000
44494666
44494ccd
44495333
4449599a
44496000
44496666
44496ccd
44497333
4449799a
44498000
44498666
44498ccd
44499333
4449999a
4449a000
4449a666
4449accd
4449b333
4449b99a
4449c000
4449c666
4449cccd
4449d333
4449d99a
4449e000
4449e666
4449eccd
4449f333
4449f99a
444a0000
444a0666
444a0ccd
444a1333
444a199a
444a2000
444a2666
444a2ccd
444a3333
444a399a
444a4000
444a4666
444a4ccd
444a5333
444a599a
444a6000
444a6666
444a6ccd
444a7333
444a799a
444a8000
444a8666
444a8ccd
444a9333
444a999a
444aa000
444aa666
444aaccd
444ab333
444ab99a
444ac000
444ac666
444acccd
444ad333
444ad99a
444ae000
444ae666
444aeccd
444af333
444af99a
444b0000
444b0666
444b0ccd
444b1333
444b199a
444b2000
444b2666
444b2ccd
444b3333
444b399a
444b4000
444b4666
444b4ccd
444b5333
444b599a
444b6000
444b6666
444b6ccd
444b7333
444b799a
444b8000
444b8666
444b8ccd
444b9333
444b999a
444ba000
444ba666
444baccd
444bb333
444bb99a
444bc000
444bc666
444bcccd
444bd333
444bd99a
444be000
444be666
444beccd
444bf333
444bf99a
444c0000
444c0666
444c0ccd
444c1333
444c199a
444c2000
444c2666
444c2ccd
444c3333
444c399a
444c4000
444c4666
444c4ccd
444c5333
444c599a
444c6000
444c6666
444c6ccd
444c7333
444c799a
444c8000
444c8666
444c8ccd
444c9333
444c999a
444ca000
444ca666
444caccd
444cb333
444cb99a
444cc000
444cc666
444ccccd
444cd333
444cd99a
444ce000
444ce666
444ceccd
444cf333
444cf99a
444d0000
444d0666
444d0ccd
444d1333
444d199a
444d2000
444d2666
444d2ccd
444d3333
444d399a
444d4000
444d4666
444d4ccd
444d5333
444d599a
444d6000
444d6666
444d6ccd
444d7333
444d799a
444d8000
444d8666
444d8ccd
444d9333
444d999a
444da000
444da666
444daccd
444db333
444db99a
444dc000
444dc666
444dcccd
444dd333
444dd99a
444de000
444de666
444deccd
444df333
444df99a
444e0000
444e0666
444e0ccd
444e1333
444e199a
444e2000
444e2666
444e2ccd
444e3333
444e399a
444e4000
444e4666
444e4ccd
444e5333
444e599a
444e6000
444e6666
444e6ccd
444e7333
444e799a
444e8000
444e8666
444e8ccd
444e9333
444e999a
444ea000
444ea666
444eaccd
444eb333
444eb99a
444ec000
444ec666
444ecccd
444ed333
444ed99a
444ee000
444ee666
444eeccd
444ef333
444ef99a
444f0000
444f0666
444f0ccd
444f1333
444f199a
444f2000
444f2666
444f2ccd
444f3333
444f399a
444f4000
444f4666
444f4ccd
444f5333
444f599a
444f6000
444f6666
444f6ccd
444f7333
444f799a
444f8000
444f8666
444f8ccd
444f9333
444f999a
444fa000
444fa666
444faccd
444fb333
444fb99a
444fc000
444fc666
444fcccd
444fd333
444fd99a
444fe000
444fe666
444feccd
444ff333
444ff99a
44500000
44500666
44500ccd
44501333
4450199a
44502000
44502666
44502ccd
44503333
4450399a
44504000
44504666
44504ccd
44505333
4450599a
44506000
44506666
44506ccd
44507333
4450799a
44508000
44508666
44508ccd
44509333
4450999a
4450a000
4450a666
4450accd
4450b333
4450b99a
4450c000
4450c666
4450cccd
4450d333
4450d99a
4450e000
4450e666
4450eccd
4450f333
4450f99a
44510000
44510666
44510ccd
44511333
4451199a
44512000
44512666
44512ccd
44513333
4451399a
44514000
44514666
44514ccd
44515333
4451599a
44516000
44516666
44516ccd
44517333
4451799a
44518000
44518666
44518ccd
44519333
4451999a
4451a000
4451a666
4451accd
4451b333
4451b99a
4451c000
4451c666
4451cccd
4451d333
4451d99a
4451e000
4451e666
4451eccd
4451f333
4451f99a
44520000
44520666
44520ccd
44521333
4452199a
44522000
44522666
44522ccd
44523333
4452399a
44524000
44524666
44524ccd
44525333
4452599a
44526000
44526666
44526ccd
44527333
4452799a
44528000
44528666
44528ccd
44529333
4452999a
4452a000
4452a666
4452accd
4452b333
4452b99a
4452c000
4452c666
4452cccd
4452d333
4452d99a
4452e000
4452e666
4452eccd
4452f333
4452f99a
44530000
44530666
44530ccd
44531333
4453199a
44532000
44532666
44532ccd
44533333
4453399a
44534000
44534666
44534ccd
44535333
4453599a
44536000
44536666
44536ccd
44537333
4453799a
44538000
44538666
44538ccd
44539333
4453999a
4453a000
4453a666
4453accd
4453b333
4453b99a
4453c000
4453c666
4453cccd
4453d333
4453d99a
4453e000
4453e666
4453eccd
4453f333
4453f99a
44540000
44540666
44540ccd
44541333
4454199a
44542000
44542666
44542ccd
44543333
4454399a
44544000
44544666
44544ccd
44545333
4454599a
44546000
44546666
44546ccd
44547333
4454799a
44548000
44548666
44548ccd
44549333
4454999a
4454a000
4454a666
4454accd
4454b333
4454b99a
4454c000
4454c666
4454cccd
4454d333
4454d99a
4454e000
4454e666
4454eccd
4454f333
4454f99a
44550000
44550666
44550ccd
44551333
4455199a
44552000
44552666
44552ccd
44553333
4455399a
44554000
44554666
44554ccd
44555333
4455599a
44556000
44556666
44556ccd
44557333
4455799a
44558000
44558666
44558ccd
44559333
4455999a
4455a000
4455a666
4455accd
4455b333
4455b99a
4455c000
4455c666
4455cccd
4455d333
4455d99a
4455e000
4455e666
4455eccd
4455f333
4455f99a
44560000
44560666
44560ccd
44561333
4456199a
44562000
44562666
44562ccd
44563333
4456399a
44564000
44564666
44564ccd
44565333
4456599a
44566000
44566666
44566ccd
44567333
4456799a
44568000
44568666
44568ccd
44569333
4456999a
4456a000
4456a666
4456accd
4456b333
4456b99a
4456c000
4456c666
4456cccd
4456d333
4456d99a
4456e000
4456e666
4456eccd
4456f333
4456f99a
44570000
44570666
44570ccd
44571333
4457199a
44572000
44572666
44572ccd
44573333
4457399a
44574000
44574666
44574ccd
44575333
4457599a
44576000
44576666
44576ccd
44577333
4457799a
44578000
44578666
44578ccd
44579333
4457999a
4457a000
4457a666
4457accd
4457b333
4457b99a
4457c000
4457c666
4457cccd
4457d333
4457d99a
4457e000
4457e666
4457eccd
4457f333
4457f99a
44580000
44580666
44580ccd
44581333
4458199a
44582000
44582666
44582ccd
44583333
4458399a
44584000
44584666
44584ccd
44585333
4458599a
44586000
44586666
44586ccd
44587333
4458799a
44588000
44588666
44588ccd
44589333
4458999a
4458a000
4458a666
4458accd
4458b333
4458b99a
4458c000
4458c666
4458cccd
4458d333
4458d99a
4458e000
4458e666
4458eccd
4458f333
4458f99a
44590000
44590666
44590ccd
44591333
4459199a
44592000
44592666
44592ccd
44593333
4459399a
44594000
44594666
44594ccd
44595333
4459599a
44596000
44596666
44596ccd
44597333
4459799a
44598000
44598666
44598ccd
44599333
4459999a
4459a000
4459a666
4459accd
4459b333
4459b99a
4459c000
4459c666
4459cccd
4459d333
4459d99a
4459e000
4459e666
4459eccd
4459f333
4459f99a
445a0000
445a0666
445a0ccd
445a1333
445a199a
445a2000
445a2666
445a2ccd
445a3333
445a399a
445a4000
445a4666
445a4ccd
445a5333
445a599a
445a6000
445a6666
445a6ccd
445a7333
445a799a
445a8000
445a8666
445a8ccd
445a9333
445a999a
445aa000
445aa666
445aaccd
445ab333
445ab99a
445ac000
445ac666
445acccd
445ad333
445ad99a
445ae000
445ae666
445aeccd
445af333
445af99a
445b0000
445b0666
445b0ccd
445b1333
445b199a
445b2000
445b2666
445b2ccd
445b3333
445b399a
445b4000
445b4666
445b4ccd
445b5333
445b599a
445b6000
445b6666
445b6ccd
445b7333
445b799a
445b8000
445b8666
445b8ccd
445b9333
445b999a
445ba000
445ba666
445baccd
445bb333
445bb99a
445bc000
445bc666
445bcccd
445bd333
445bd99a
445be000
445be666
445beccd
445bf333
445bf99a
445c0000
445c0666
445c0ccd
445c1333
445c199a
445c2000
445c2666
445c2ccd
445c3333
445c399a
445c4000
445c4666
445c4ccd
445c5333
445c599a
445c6000
445c6666
445c6ccd
445c7333
445c799a
445c8000
445c8666
445c8ccd
445c9333
445c999a
445ca000
445ca666
445caccd
445cb333
445cb99a
445cc000
445cc666
445ccccd
445cd333
445cd99a
445ce000
445ce666
445ceccd
445cf333
445cf99a
445d0000
445d0666
445d0ccd
445d1333
445d199a
445d2000
445d2666
445d2ccd
445d3333
445d399a
445d4000
445d4666
445d4ccd
445d5333
445d599a
445d6000
445d6666
445d6ccd
445d7333
445d799a
445d8000
445d8666
445d8ccd
445d9333
445d999a
445da000
445da666
445daccd
445db333
445db99a
445dc000
445dc666
445dcccd
445dd333
445dd99a
445de000
445de666
445deccd
445df333
445df99a
445e0000
445e0666
445e0ccd
445e1333
445e199a
445e2000
445e2666
445e2ccd
445e3333
445e399a
445e4000
445e4666
445e4ccd
445e5333
445e599a
445e6000
445e6666
445e6ccd
445e7333
445e799a
445e8000
445e8666
445e8ccd
445e9333
445e999a
445ea000
445ea666
445eaccd
445eb333
445eb99a
445ec000
445ec666
445ecccd
445ed333
445ed99a
445ee000
445ee666
445eeccd
445ef333
445ef99a
445f0000
445f0666
445f0ccd
445f1333
445f199a
445f2000
445f2666
445f2ccd
445f3333
445f399a
445f4000
445f4666
445f4ccd
445f5333
445f599a
445f6000
445f6666
445f6ccd
445f7333
445f799a
445f8000
445f8666
445f8ccd
445f9333
445f999a
445fa000
445fa666
445faccd
445fb333
445fb99a
445fc000
445fc666
445fcccd
445fd333
445fd99a
445fe000
445fe666
445feccd
445ff333
445ff99a
44600000
44600666
44600ccd
44601333
4460199a
44602000
44602666
44602ccd
44603333
4460399a
44604000
44604666
44604ccd
44605333
4460599a
44606000
44606666
44606ccd
44607333
4460799a
44608000
44608666
44608ccd
44609333
4460999a
4460a000
4460a666
4460accd
4460b333
4460b99a
4460c000
4460c666
4460cccd
4460d333
4460d99a
4460e000
4460e666
4460eccd
4460f333
4460f99a
44610000
44610666
44610ccd
44611333
4461199a
44612000
44612666
44612ccd
44613333
4461399a
44614000
44614666
44614ccd
44615333
4461599a
44616000
44616666
44616ccd
44617333
4461799a
44618000
44618666
44618ccd
44619333
4461999a
4461a000
4461a666
4461accd
4461b333
4461b99a
4461c000
4461c666
4461cccd
4461d333
4461d99a
4461e000
4461e666
4461eccd
4461f333
4461f99a
44620000
44620666
44620ccd
44621333
4462199a
44622000
44622666
44622ccd
44623333
4462399a
44624000
44624666
44624ccd
44625333
4462599a
44626000
44626666
44626ccd
44627333
4462799a
44628000
44628666
44628ccd
44629333
4462999a
4462a000
4462a666
4462accd
4462b333
4462b99a
4462c000
4462c666
4462cccd
4462d333
4462d99a
4462e000
4462e666
4462eccd
4462f333
4462f99a
44630000
44630666
44630ccd
44631333
4463199a
44632000
44632666
44632ccd
44633333
4463399a
44634000
44634666
44634ccd
44635333
4463599a
44636000
44636666
44636ccd
44637333
4463799a
44638000
44638666
44638ccd
44639333
4463999a
4463a000
4463a666
4463accd
4463b333
4463b99a
4463c000
4463c666
4463cccd
4463d333
4463d99a
4463e000
4463e666
4463eccd
4463f333
4463f99a
44640000
44640666
44640ccd
44641333
4464199a
44642000
44642666
44642ccd
44643333
4464399a
44644000
44644666
44644ccd
44645333
4464599a
44646000
44646666
44646ccd
44647333
4464799a
44648000
44648666
44648ccd
44649333
4464999a
4464a000
4464a666
4464accd
4464b333
4464b99a
4464c000
4464c666
4464cccd
4464d333
4464d99a
4464e000
4464e666
4464eccd
4464f333
4464f99a
44650000
44650666
44650ccd
44651333
4465199a
44652000
44652666
44652ccd
44653333
4465399a
44654000
44654666
44654ccd
44655333
4465599a
44656000
44656666
44656ccd
44657333
4465799a
44658000
44658666
44658ccd
44659333
4465999a
4465a000
4465a666
4465accd
4465b333
4465b99a
4465c000
4465c666
4465cccd
4465d333
4465d99a
4465e000
4465e666
4465eccd
4465f333
4465f99a
44660000
44660666
44660ccd
44661333
4466199a
44662000
44662666
44662ccd
44663333
4466399a
44664000
44664666
44664ccd
44665333
4466599a
44666000
44666666
44666ccd
44667333
4466799a
44668000
44668666
44668ccd
44669333
4466999a
4466a000
4466a666
4466accd
4466b333
4466b99a
4466c000
4466c666
4466cccd
4466d333
4466d99a
4466e000
4466e666
4466eccd
4466f333
4466f99a
44670000
44670666
44670ccd
44671333
4467199a
44672000
44672666
44672ccd
44673333
4467399a
44674000
44674666
44674ccd
44675333
4467599a
44676000
44676666
44676ccd
44677333
4467799a
44678000
44678666
44678ccd
44679333
4467999a
4467a000
4467a666
4467accd
4467b333
4467b99a
4467c000
4467c666
4467cccd
4467d333
4467d99a
4467e000
4467e666
4467eccd
4467f333
4467f99a
44680000
44680666
44680ccd
44681333
4468199a
44682000
44682666
44682ccd
44683333
4468399a
44684000
44684666
44684ccd
44685333
4468599a
44686000
44686666
44686ccd
44687333
4468799a
44688000
44688666
44688ccd
44689333
4468999a
4468a000
4468a666
4468accd
4468b333
4468b99a
4468c000
4468c666
4468cccd
4468d333
4468d99a
4468e000
4468e666
4468eccd
4468f333
4468f99a
44690000
44690666
44690ccd
44691333
4469199a
44692000
44692666
44692ccd
44693333
4469399a
44694000
44694666
44694ccd
44695333
4469599a
44696000
44696666
44696ccd
44697333
4469799a
44698000
44698666
44698ccd
44699333
4469999a
4469a000
4469a666
4469accd
4469b333
4469b99a
4469c000
4469c666
4469cccd
4469d333
4469d99a
4469e000
4469e666
4469eccd
4469f333
4469f99a
446a0000
446a0666
446a0ccd
446a1333
446a199a
446a2000
446a2666
446a2ccd
446a3333
446a399a
446a4000
446a4666
446a4ccd
446a5333
446a599a
446a6000
446a6666
446a6ccd
446a7333
446a799a
446a8000
446a8666
446a8ccd
446a9333
446a999a
446aa000
446aa666
446aaccd
446ab333
446ab99a
446ac000
446ac666
446acccd
446ad333
446ad99a
446ae000
446ae666
446aeccd
446af333
446af99a
446b0000
446b0666
446b0ccd
446b1333
446b199a
446b2000
446b2666
446b2ccd
446b3333
446b399a
446b4000
446b4666
446b4ccd
446b5333
446b599a
446b6000
446b6666
446b6ccd
446b7333
446b799a
446b8000
446b8666
446b8ccd
446b9333
446b999a
446ba000
446ba666
446baccd
446bb333
446bb99a
446bc000
446bc666
446bcccd
446bd333
446bd99a
446be000
446be666
446beccd
446bf333
446bf99a
446c0000
446c0666
446c0ccd
446c1333
446c199a
446c2000
446c2666
446c2ccd
446c3333
446c399a
446c4000
446c4666
446c4ccd
446c5333
446c599a
446c6000
446c6666
446c6ccd
446c7333
446c799a
446c8000
446c8666
446c8ccd
446c9333
446c999a
446ca000
446ca666
446caccd
446cb333
446cb99a
446cc000
446cc666
446ccccd
446cd333
446cd99a
446ce000
446ce666
446ceccd
446cf333
446cf99a
446d0000
446d0666
446d0ccd
446d1333
446d199a
446d2000
446d2666
446d2ccd
446d3333
446d399a
446d4000
446d4666
446d4ccd
446d5333
446d599a
446d6000
446d6666
446d6ccd
446d7333
446d799a
446d8000
446d8666
446d8ccd
446d9333
446d999a
446da000
446da666
446daccd
446db333
446db99a
446dc000
446dc666
446dcccd
446dd333
446dd99a
446de000
446de666
446deccd
446df333
446df99a
446e0000
446e0666
446e0ccd
446e1333
446e199a
446e2000
446e2666
446e2ccd
446e3333
446e399a
446e4000
446e4666
446e4ccd
446e5333
446e599a
446e6000
446e6666
446e6ccd
446e7333
446e799a
446e8000
446e8666
446e8ccd
446e9333
446e999a
446ea000
446ea666
446eaccd
446eb333
446eb99a
446ec000
446ec666
446ecccd
446ed333
446ed99a
446ee000
446ee666
446eeccd
446ef333
446ef99a
446f0000
446f0666
446f0ccd
446f1333
446f199a
446f2000
446f2666
446f2ccd
446f3333
446f399a
446f4000
446f4666
446f4ccd
446f5333
446f599a
446f6000
446f6666
446f6ccd
446f7333
446f799a
446f8000
446f8666
446f8ccd
446f9333
446f999a
446fa000
446fa666
446faccd
446fb333
446fb99a
446fc000
446fc666
446fcccd
446fd333
446fd99a
446fe000
446fe666
446feccd
446ff333
446ff99a
44700000
44700666
44700ccd
44701333
4470199a
44702000
44702666
44702ccd
44703333
4470399a
44704000
44704666
44704ccd
44705333
4470599a
44706000
44706666
44706ccd
44707333
4470799a
44708000
44708666
44708ccd
44709333
4470999a
4470a000
4470a666
4470accd
4470b333
4470b99a
4470c000
4470c666
4470cccd
4470d333
4470d99a
4470e000
4470e666
4470eccd
4470f333
4470f99a
44710000
44710666
44710ccd
44711333
4471199a
44712000
44712666
44712ccd
44713333
4471399a
44714000
44714666
44714ccd
44715333
4471599a
44716000
44716666
44716ccd
44717333
4471799a
44718000
44718666
44718ccd
44719333
4471999a
4471a000
4471a666
4471accd
4471b333
4471b99a
4471c000
4471c666
4471cccd
4471d333
4471d99a
4471e000
4471e666
4471eccd
4471f333
4471f99a
44720000
44720666
44720ccd
44721333
4472199a
44722000
44722666
44722ccd
44723333
4472399a
44724000
44724666
44724ccd
44725333
4472599a
44726000
44726666
44726ccd
44727333
4472799a
44728000
44728666
44728ccd
44729333
4472999a
4472a000
4472a666
4472accd
4472b333
4472b99a
4472c000
4472c666
4472cccd
4472d333
4472d99a
4472e000
4472e666
4472eccd
4472f333
4472f99a
44730000
44730666
44730ccd
44731333
4473199a
44732000
44732666
44732ccd
44733333
4473399a
44734000
44734666
44734ccd
44735333
4473599a
44736000
44736666
44736ccd
44737333
4473799a
44738000
44738666
44738ccd
44739333
4473999a
4473a000
4473a666
4473accd
4473b333
4473b99a
4473c000
4473c666
4473cccd
4473d333
4473d99a
4473e000
4473e666
4473eccd
4473f333
4473f99a
44740000
44740666
44740ccd
44741333
4474199a
44742000
44742666
44742ccd
44743333
4474399a
44744000
44744666
44744ccd
44745333
4474599a
44746000
44746666
44746ccd
44747333
4474799a
44748000
44748666
44748ccd
44749333
4474999a
4474a000
4474a666
4474accd
4474b333
4474b99a
4474c000
4474c666
4474cccd
4474d333
4474d99a
4474e000
4474e666
4474eccd
4474f333
4474f99a
44750000
44750666
44750ccd
44751333
4475199a
44752000
44752666
44752ccd
44753333
4475399a
44754000
44754666
44754ccd
44755333
4475599a
44756000
44756666
44756ccd
44757333
4475799a
44758000
44758666
44758ccd
44759333
4475999a
4475a000
4475a666
4475accd
4475b333
4475b99a
4475c000
4475c666
4475cccd
4475d333
4475d99a
4475e000
4475e666
4475eccd
4475f333
4475f99a
44760000
44760666
44760ccd
44761333
4476199a
44762000
44762666
44762ccd
44763333
4476399a
44764000
44764666
44764ccd
44765333
4476599a
44766000
44766666
44766ccd
44767333
4476799a
44768000
44768666
44768ccd
44769333
4476999a
4476a000
4476a666
4476accd
4476b333
4476b99a
4476c000
4476c666
4476cccd
4476d333
4476d99a
4476e000
4476e666
4476eccd
4476f333
4476f99a
44770000
44770666
44770ccd
44771333
4477199a
44772000
44772666
44772ccd
44773333
4477399a
44774000
44774666
44774ccd
44775333
4477599a
44776000
44776666
44776ccd
44777333
4477799a
44778000
44778666
44778ccd
44779333
4477999a
4477a000
4477a666
4477accd
4477b333
4477b99a
4477c000
4477c666
4477cccd
4477d333
4477d99a
4477e000
4477e666
4477eccd
4477f333
4477f99a
44780000
44780666
44780ccd
44781333
4478199a
44782000
44782666
44782ccd
44783333
4478399a
44784000
44784666
44784ccd
44785333
4478599a
44786000
44786666
44786ccd
44787333
4478799a
44788000
44788666
44788ccd
44789333
4478999a
4478a000
4478a666
4478accd
4478b333
4478b99a
4478c000
4478c666
4478cccd
4478d333
4478d99a
4478e000
4478e666
4478eccd
4478f333
4478f99a
44790000
44790666
44790ccd
44791333
4479199a
44792000
44792666
44792ccd
44793333
4479399a
44794000
44794666
44794ccd
44795333
4479599a
44796000
44796666
44796ccd
44797333
4479799a
44798000
44798666
44798ccd
44799333
4479999a
4479a000
4479a666
4479accd
4479b333
4479b99a
4479c000
4479c666
4479cccd
4479d333
4479d99a
4479e000
4479e666
4479eccd
4479f333
4479f99a
447a0000
447a0666
447a0ccd
447a1333
447a199a
447a2000
447a2666
447a2ccd
447a3333
447a399a
447a4000
447a4666
447a4ccd
447a5333
447a599a
447a6000
447a6666
447a6ccd
447a7333
447a799a
447a8000
447a8666
447a8ccd
447a9333
447a999a
447aa000
447aa666
447aaccd
447ab333
447ab99a
447ac000
447ac666
447acccd
447ad333
447ad99a
447ae000
447ae666
447aeccd
447af333
447af99a
447b0000
447b0666
447b0ccd
447b1333
447b199a
447b2000
447b2666
447b2ccd
447b3333
447b399a
447b4000
447b4666
447b4ccd
447b5333
447b599a
447b6000
447b6666
447b6ccd
447b7333
447b799a
447b8000
447b8666
447b8ccd
447b9333
447b999a
447ba000
447ba666
447baccd
447bb333
447bb99a
447bc000
447bc666
447bcccd
447bd333
447bd99a
447be000
447be666
447beccd
447bf333
447bf99a
447c0000
447c0666
447c0ccd
447c1333
447c199a
447c2000
447c2666
447c2ccd
447c3333
447c399a
447c4000
447c4666
447c4ccd
447c5333
447c599a
447c6000
447c6666
447c6ccd
447c7333
447c799a
447c8000
447c8666
447c8ccd
447c9333
447c999a
447ca000
447ca666
447caccd
447cb333
447cb99a
447cc000
447cc666
447ccccd
447cd333
447cd99a
447ce000
447ce666
447ceccd
447cf333
447cf99a
447d0000
447d0666
447d0ccd
447d1333
447d199a
447d2000
447d2666
447d2ccd
447d3333
447d399a
447d4000
447d4666
447d4ccd
447d5333
447d599a
447d6000
447d6666
447d6ccd
447d7333
447d799a
447d8000
447d8666
447d8ccd
447d9333
447d999a
447da000
447da666
447daccd
447db333
447db99a
447dc000
447dc666
447dcccd
447dd333
447dd99a
447de000
447de666
447deccd
447df333
447df99a
447e0000
447e0666
447e0ccd
447e1333
447e199a
447e2000
447e2666
447e2ccd
447e3333
447e399a
447e4000
447e4666
447e4ccd
447e5333
447e599a
447e6000
447e6666
447e6ccd
447e7333
447e799a
447e8000
447e8666
447e8ccd
447e9333
447e999a
447ea000
447ea666
447eaccd
447eb333
447eb99a
447ec000
447ec666
447ecccd
447ed333
447ed99a
447ee000
447ee666
447eeccd
447ef333
447ef99a
447f0000
447f0666
447f0ccd
447f1333
447f199a
447f2000
447f2666
447f2ccd
447f3333
447f399a
447f4000
447f4666
447f4ccd
447f5333
447f599a
447f6000
447f6666
447f6ccd
447f7333
447f799a
447f8000
447f8666
447f8ccd
447f9333
447f999a
447fa000
447fa666
447faccd
447fb333
447fb99a
447fc000
447fc666
447fcccd
447fd333
447fd99a
447fe000
447fe666
447feccd
447ff333
447ff99a
44800000
44800333
44800666
4480099a
44800ccd
44801000
44801333
44801666
4480199a
44801ccd
44802000
44802333
44802666
4480299a
44802ccd
44803000
44803333
44803666
4480399a
44803ccd
44804000
44804333
44804666
4480499a
44804ccd
44805000
44805333
44805666
4480599a
44805ccd
44806000
44806333
44806666
4480699a
44806ccd
44807000
44807333
44807666
4480799a
44807ccd
44808000
44808333
44808666
4480899a
44808ccd
44809000
44809333
44809666
4480999a
44809ccd
4480a000
4480a333
4480a666
4480a99a
4480accd
4480b000
4480b333
4480b666
4480b99a
4480bccd
4480c000
4480c333
4480c666
4480c99a
4480cccd
4480d000
4480d333
4480d666
4480d99a
4480dccd
4480e000
4480e333
4480e666
4480e99a
4480eccd
4480f000
4480f333
4480f666
4480f99a
4480fccd
44810000
44810333
44810666
4481099a
44810ccd
44811000
44811333
44811666
4481199a
44811ccd
44812000
44812333
44812666
4481299a
44812ccd
44813000
44813333
44813666
4481399a
44813ccd
44814000
44814333
44814666
4481499a
44814ccd
44815000
44815333
44815666
4481599a
44815ccd
44816000
44816333
44816666
4481699a
44816ccd
44817000
44817333
44817666
4481799a
44817ccd
44818000
44818333
44818666
4481899a
44818ccd
44819000
44819333
44819666
4481999a
44819ccd
4481a000
4481a333
4481a666
4481a99a
4481accd
4481b000
4481b333
4481b666
4481b99a
4481bccd
4481c000
4481c333
4481c666
4481c99a
4481cccd
4481d000
4481d333
4481d666
4481d99a
4481dccd
4481e000
4481e333
4481e666
4481e99a
4481eccd
4481f000
4481f333
4481f666
4481f99a
4481fccd
44820000
44820333
44820666
4482099a
44820ccd
44821000
44821333
44821666
4482199a
44821ccd
44822000
44822333
44822666
4482299a
44822ccd
44823000
44823333
44823666
4482399a
44823ccd
44824000
44824333
44824666
4482499a
44824ccd
44825000
44825333
44825666
4482599a
44825ccd
44826000
44826333
44826666
4482699a
44826ccd
44827000
44827333
44827666
4482799a
44827ccd
44828000
44828333
44828666
4482899a
44828ccd
44829000
44829333
44829666
4482999a
44829ccd
4482a000
4482a333
4482a666
4482a99a
4482accd
4482b000
4482b333
4482b666
4482b99a
4482bccd
4482c000
4482c333
4482c666
4482c99a
4482cccd
4482d000
4482d333
4482d666
4482d99a
4482dccd
4482e000
4482e333
4482e666
4482e99a
4482eccd
4482f000
4482f333
4482f666
4482f99a
4482fccd
44830000
44830333
44830666
4483099a
44830ccd
44831000
44831333
44831666
4483199a
44831ccd
44832000
44832333
44832666
4483299a
44832ccd
44833000
44833333
44833666
4483399a
44833ccd
44834000
44834333
44834666
4483499a
44834ccd
44835000
44835333
44835666
4483599a
44835ccd
44836000
44836333
44836666
4483699a
44836ccd
44837000
44837333
44837666
4483799a
44837ccd
44838000
44838333
44838666
4483899a
44838ccd
44839000
44839333
44839666
4483999a
44839ccd
4483a000
4483a333
4483a666
4483a99a
4483accd
4483b000
4483b333
4483b666
4483b99a
4483bccd
4483c000
4483c333
4483c666
4483c99a
4483cccd
4483d000
4483d333
4483d666
4483d99a
4483dccd
4483e000
4483e333
4483e666
4483e99a
4483eccd
4483f000
4483f333
4483f666
4483f99a
4483fccd
44840000
44840333
44840666
4484099a
44840ccd
44841000
44841333
44841666
4484199a
44841ccd
44842000
44842333
44842666
4484299a
44842ccd
44843000
44843333
44843666
4484399a
44843ccd
44844000
44844333
44844666
4484499a
44844ccd
44845000
44845333
44845666
4484599a
44845ccd
44846000
44846333
44846666
4484699a
44846ccd
44847000
44847333
44847666
4484799a
44847ccd
44848000
44848333
44848666
4484899a
44848ccd
44849000
44849333
44849666
4484999a
44849ccd
4484a000
4484a333
4484a666
4484a99a
4484accd
4484b000
4484b333
4484b666
4484b99a
4484bccd
4484c000
4484c333
4484c666
4484c99a
4484cccd
4484d000
4484d333
4484d666
4484d99a
4484dccd
4484e000
4484e333
4484e666
4484e99a
4484eccd
4484f000
4484f333
4484f666
4484f99a
4484fccd
44850000
44850333
44850666
4485099a
44850ccd
44851000
44851333
44851666
4485199a
44851ccd
44852000
44852333
44852666
4485299a
44852ccd
44853000
44853333
44853666
4485399a
44853ccd
44854000
44854333
44854666
4485499a
44854ccd
44855000
44855333
44855666
4485599a
44855ccd
44856000
44856333
44856666
4485699a
44856ccd
44857000
44857333
44857666
4485799a
44857ccd
44858000
44858333
44858666
4485899a
44858ccd
44859000
44859333
44859666
4485999a
44859ccd
4485a000
4485a333
4485a666
4485a99a
4485accd
4485b000
4485b333
4485b666
4485b99a
4485bccd
4485c000
4485c333
4485c666
4485c99a
4485cccd
4485d000
4485d333
4485d666
4485d99a
4485dccd
4485e000
4485e333
4485e666
4485e99a
4485eccd
4485f000
4485f333
4485f666
4485f99a
4485fccd
44860000
44860333
44860666
4486099a
44860ccd
44861000
44861333
44861666
4486199a
44861ccd
44862000
44862333
44862666
4486299a
44862ccd
44863000
44863333
44863666
4486399a
44863ccd
44864000
44864333
44864666
4486499a
44864ccd
44865000
44865333
44865666
4486599a
44865ccd
44866000
44866333
44866666
4486699a
44866ccd
44867000
44867333
44867666
4486799a
44867ccd
44868000
44868333
44868666
4486899a
44868ccd
44869000
44869333
44869666
4486999a
44869ccd
4486a000
4486a333
4486a666
4486a99a
4486accd
4486b000
4486b333
4486b666
4486b99a
4486bccd
4486c000
4486c333
4486c666
4486c99a
4486cccd
4486d000
4486d333
4486d666
4486d99a
4486dccd
4486e000
4486e333
4486e666
4486e99a
4486eccd
4486f000
4486f333
4486f666
4486f99a
4486fccd
44870000
44870333
44870666
4487099a
44870ccd
44871000
44871333
44871666
4487199a
44871ccd
44872000
44872333
44872666
4487299a
44872ccd
44873000
44873333
44873666
4487399a
44873ccd
44874000
44874333
44874666
4487499a
44874ccd
44875000
44875333
44875666
4487599a
44875ccd
44876000
44876333
44876666
4487699a
44876ccd
44877000
44877333
44877666
4487799a
44877ccd
44878000
44878333
44878666
4487899a
44878ccd
44879000
44879333
44879666
4487999a
44879ccd
4487a000
4487a333
4487a666
4487a99a
4487accd
4487b000
4487b333
4487b666
4487b99a
4487bccd
4487c000
4487c333
4487c666
4487c99a
4487cccd
4487d000
4487d333
4487d666
4487d99a
4487dccd
4487e000
4487e333
4487e666
4487e99a
4487eccd
4487f000
4487f333
4487f666
4487f99a
4487fccd
44880000
44880333
44880666
4488099a
44880ccd
44881000
44881333
44881666
4488199a
44881ccd
44882000
44882333
44882666
4488299a
44882ccd
44883000
44883333
44883666
4488399a
44883ccd
44884000
44884333
44884666
4488499a
44884ccd
44885000
44885333
44885666
4488599a
44885ccd
44886000
44886333
44886666
4488699a
44886ccd
44887000
44887333
44887666
4488799a
44887ccd
44888000
44888333
44888666
4488899a
44888ccd
44889000
44889333
44889666
4488999a
44889ccd
4488a000
4488a333
4488a666
4488a99a
4488accd
4488b000
4488b333
4488b666
4488b99a
4488bccd
4488c000
4488c333
4488c666
4488c99a
4488cccd
4488d000
4488d333
4488d666
4488d99a
4488dccd
4488e000
4488e333
4488e666
4488e99a
4488eccd
4488f000
4488f333
4488f666
4488f99a
4488fccd
44890000
44890333
44890666
4489099a
44890ccd
44891000
44891333
44891666
4489199a
44891ccd
44892000
44892333
44892666
4489299a
44892ccd
44893000
44893333
44893666
4489399a
44893ccd
44894000
44894333
44894666
4489499a
44894ccd
44895000
44895333
44895666
4489599a
44895ccd
44896000
44896333
44896666
4489699a
44896ccd
44897000
44897333
44897666
4489799a
44897ccd
44898000
44898333
44898666
4489899a
44898ccd
44899000
44899333
44899666
4489999a
44899ccd
4489a000
4489a333
4489a666
4489a99a
4489accd
4489b000
4489b333
4489b666
4489b99a
4489bccd
4489c000
4489c333
4489c666
4489c99a
4489cccd
4489d000
4489d333
4489d666
4489d99a
4489dccd
4489e000
4489e333
4489e666
4489e99a
4489eccd
4489f000
4489f333
4489f666
4489f99a
4489fccd
448a0000
448a0333
448a0666
448a099a
448a0ccd
448a1000
448a1333
448a1666
448a199a
448a1ccd
448a2000
448a2333
448a2666
448a299a
448a2ccd
448a3000
448a3333
448a3666
448a399a
448a3ccd
448a4000
448a4333
448a4666
448a499a
448a4ccd
448a5000
448a5333
448a5666
448a599a
448a5ccd
448a6000
448a6333
448a6666
448a699a
448a6ccd
448a7000
448a7333
448a7666
448a799a
448a7ccd
448a8000
448a8333
448a8666
448a899a
448a8ccd
448a9000
448a9333
448a9666
448a999a
448a9ccd
448aa000
448aa333
448aa666
448aa99a
448aaccd
448ab000
448ab333
448ab666
448ab99a
448abccd
448ac000
448ac333
448ac666
448ac99a
448acccd
448ad000
448ad333
448ad666
448ad99a
448adccd
448ae000
448ae333
448ae666
448ae99a
448aeccd
448af000
448af333
448af666
448af99a
448afccd
448b0000
448b0333
448b0666
448b099a
448b0ccd
448b1000
448b1333
448b1666
448b199a
448b1ccd
448b2000
448b2333
448b2666
448b299a
448b2ccd
448b3000
448b3333
448b3666
448b399a
448b3ccd
448b4000
448b4333
448b4666
448b499a
448b4ccd
448b5000
448b5333
448b5666
448b599a
448b5ccd
448b6000
448b6333
448b6666
448b699a
448b6ccd
448b7000
448b7333
448b7666
448b799a
448b7ccd
448b8000
448b8333
448b8666
448b899a
448b8ccd
448b9000
448b9333
448b9666
448b999a
448b9ccd
448ba000
448ba333
448ba666
448ba99a
448baccd
448bb000
448bb333
448bb666
448bb99a
448bbccd
448bc000
448bc333
448bc666
448bc99a
448bcccd
448bd000
448bd333
448bd666
448bd99a
448bdccd
448be000
448be333
448be666
448be99a
448beccd
448bf000
448bf333
448bf666
448bf99a
448bfccd
448c0000
448c0333
448c0666
448c099a
448c0ccd
448c1000
448c1333
448c1666
448c199a
448c1ccd
448c2000
448c2333
448c2666
448c299a
448c2ccd
448c3000
448c3333
448c3666
448c399a
448c3ccd
448c4000
448c4333
448c4666
448c499a
448c4ccd
448c5000
448c5333
448c5666
448c599a
448c5ccd
448c6000
448c6333
448c6666
448c699a
448c6ccd
448c7000
448c7333
448c7666
448c799a
448c7ccd
448c8000
448c8333
448c8666
448c899a
448c8ccd
448c9000
448c9333
448c9666
448c999a
448c9ccd
448ca000
448ca333
448ca666
448ca99a
448caccd
448cb000
448cb333
448cb666
448cb99a
448cbccd
448cc000
448cc333
448cc666
448cc99a
448ccccd
448cd000
448cd333
448cd666
448cd99a
448cdccd
448ce000
448ce333
448ce666
448ce99a
448ceccd
448cf000
448cf333
448cf666
448cf99a
448cfccd
448d0000
448d0333
448d0666
448d099a
448d0ccd
448d1000
448d1333
448d1666
448d199a
448d1ccd
448d2000
448d2333
448d2666
448d299a
448d2ccd
448d3000
448d3333
448d3666
448d399a
448d3ccd
448d4000
448d4333
448d4666
448d499a
448d4ccd
448d5000
448d5333
448d5666
448d599a
448d5ccd
448d6000
448d6333
448d6666
448d699a
448d6ccd
448d7000
448d7333
448d7666
448d799a
448d7ccd
448d8000
448d8333
448d8666
448d899a
448d8ccd
448d9000
448d9333
448d9666
448d999a
448d9ccd
448da000
448da333
448da666
448da99a
448daccd
448db000
448db333
448db666
448db99a
448dbccd
448dc000
448dc333
448dc666
448dc99a
448dcccd
448dd000
448dd333
448dd666
448dd99a
448ddccd
448de000
448de333
448de666
448de99a
448deccd
448df000
448df333
448df666
448df99a
448dfccd
448e0000
448e0333
448e0666
448e099a
448e0ccd
448e1000
448e1333
448e1666
448e199a
448e1ccd
448e2000
448e2333
448e2666
448e299a
448e2ccd
448e3000
448e3333
448e3666
448e399a
448e3ccd
448e4000
448e4333
448e4666
448e499a
448e4ccd
448e5000
448e5333
448e5666
448e599a
448e5ccd
448e6000
448e6333
448e6666
448e699a
448e6ccd
448e7000
448e7333
448e7666
448e799a
448e7ccd
448e8000
448e8333
448e8666
448e899a
448e8ccd
448e9000
448e9333
448e9666
448e999a
448e9ccd
448ea000
448ea333
448ea666
448ea99a
448eaccd
448eb000
448eb333
448eb666
448eb99a
448ebccd
448ec000
448ec333
448ec666
448ec99a
448ecccd
448ed000
448ed333
448ed666
448ed99a
448edccd
448ee000
448ee333
448ee666
448ee99a
448eeccd
448ef000
448ef333
448ef666
448ef99a
448efccd
448f0000
448f0333
448f0666
448f099a
448f0ccd
448f1000
448f1333
448f1666
448f199a
448f1ccd
448f2000
448f2333
448f2666
448f299a
448f2ccd
448f3000
448f3333
448f3666
448f399a
448f3ccd
448f4000
448f4333
448f4666
448f499a
448f4ccd
448f5000
448f5333
448f5666
448f599a
448f5ccd
448f6000
448f6333
448f6666
448f699a
448f6ccd
448f7000
448f7333
448f7666
448f799a
448f7ccd
448f8000
448f8333
448f8666
448f899a
448f8ccd
448f9000
448f9333
448f9666
448f999a
448f9ccd
448fa000
448fa333
448fa666
448fa99a
448faccd
448fb000
448fb333
448fb666
448fb99a
448fbccd
448fc000
448fc333
448fc666
448fc99a
448fcccd
448fd000
448fd333
448fd666
448fd99a
448fdccd
448fe000
448fe333
448fe666
448fe99a
448feccd
448ff000
448ff333
448ff666
448ff99a
448ffccd
44900000
44900333
44900666
4490099a
44900ccd
44901000
44901333
44901666
4490199a
44901ccd
44902000
44902333
44902666
4490299a
44902ccd
44903000
44903333
44903666
4490399a
44903ccd
44904000
44904333
44904666
4490499a
44904ccd
44905000
44905333
44905666
4490599a
44905ccd
44906000
44906333
44906666
4490699a
44906ccd
44907000
44907333
44907666
4490799a
44907ccd
44908000
44908333
44908666
4490899a
44908ccd
44909000
44909333
44909666
4490999a
44909ccd
4490a000
4490a333
4490a666
4490a99a
4490accd
4490b000
4490b333
4490b666
4490b99a
4490bccd
4490c000
4490c333
4490c666
4490c99a
4490cccd
4490d000
4490d333
4490d666
4490d99a
4490dccd
4490e000
4490e333
4490e666
4490e99a
4490eccd
4490f000
4490f333
4490f666
4490f99a
4490fccd
44910000
44910333
44910666
4491099a
44910ccd
44911000
44911333
44911666
4491199a
44911ccd
44912000
44912333
44912666
4491299a
44912ccd
44913000
44913333
44913666
4491399a
44913ccd
44914000
44914333
44914666
4491499a
44914ccd
44915000
44915333
44915666
4491599a
44915ccd
44916000
44916333
44916666
4491699a
44916ccd
44917000
44917333
44917666
4491799a
44917ccd
44918000
44918333
44918666
4491899a
44918ccd
44919000
44919333
44919666
4491999a
44919ccd
4491a000
4491a333
4491a666
4491a99a
4491accd
4491b000
4491b333
4491b666
4491b99a
4491bccd
4491c000
4491c333
4491c666
4491c99a
4491cccd
4491d000
4491d333
4491d666
4491d99a
4491dccd
4491e000
4491e333
4491e666
4491e99a
4491eccd
4491f000
4491f333
4491f666
4491f99a
4491fccd
44920000
44920333
44920666
4492099a
44920ccd
44921000
44921333
44921666
4492199a
44921ccd
44922000
44922333
44922666
4492299a
44922ccd
44923000
44923333
44923666
4492399a
44923ccd
44924000
44924333
44924666
4492499a
44924ccd
44925000
44925333
44925666
4492599a
44925ccd
44926000
44926333
44926666
4492699a
44926ccd
44927000
44927333
44927666
4492799a
44927ccd
44928000
44928333
44928666
4492899a
44928ccd
44929000
44929333
44929666
4492999a
44929ccd
4492a000
4492a333
4492a666
4492a99a
4492accd
4492b000
4492b333
4492b666
4492b99a
4492bccd
4492c000
4492c333
4492c666
4492c99a
4492cccd
4492d000
4492d333
4492d666
4492d99a
4492dccd
4492e000
4492e333
4492e666
4492e99a
4492eccd
4492f000
4492f333
4492f666
4492f99a
4492fccd
44930000
44930333
44930666
4493099a
44930ccd
44931000
44931333
44931666
4493199a
44931ccd
44932000
44932333
44932666
4493299a
44932ccd
44933000
44933333
44933666
4493399a
44933ccd
44934000
44934333
44934666
4493499a
44934ccd
44935000
44935333
44935666
4493599a
44935ccd
44936000
44936333
44936666
4493699a
44936ccd
44937000
44937333
44937666
4493799a
44937ccd
44938000
44938333
44938666
4493899a
44938ccd
44939000
44939333
44939666
4493999a
44939ccd
4493a000
4493a333
4493a666
4493a99a
4493accd
4493b000
4493b333
4493b666
4493b99a
4493bccd
4493c000
4493c333
4493c666
4493c99a
4493cccd
4493d000
4493d333
4493d666
4493d99a
4493dccd
4493e000
4493e333
4493e666
4493e99a
4493eccd
4493f000
4493f333
4493f666
4493f99a
4493fccd
44940000
44940333
44940666
4494099a
44940ccd
44941000
44941333
44941666
4494199a
44941ccd
44942000
44942333
44942666
4494299a
44942ccd
44943000
44943333
44943666
4494399a
44943ccd
44944000
44944333
44944666
4494499a
44944ccd
44945000
44945333
44945666
4494599a
44945ccd
44946000
44946333
44946666
4494699a
44946ccd
44947000
44947333
44947666
4494799a
44947ccd
44948000
44948333
44948666
4494899a
44948ccd
44949000
44949333
44949666
4494999a
44949ccd
4494a000
4494a333
4494a666
4494a99a
4494accd
4494b000
4494b333
4494b666
4494b99a
4494bccd
4494c000
4494c333
4494c666
4494c99a
4494cccd
4494d000
4494d333
4494d666
4494d99a
4494dccd
4494e000
4494e333
4494e666
4494e99a
4494eccd
4494f000
4494f333
4494f666
4494f99a
4494fccd
44950000
44950333
44950666
4495099a
44950ccd
44951000
44951333
44951666
4495199a
44951ccd
44952000
44952333
44952666
4495299a
44952ccd
44953000
44953333
44953666
4495399a
44953ccd
44954000
44954333
44954666
4495499a
44954ccd
44955000
44955333
44955666
4495599a
44955ccd
44956000
44956333
44956666
4495699a
44956ccd
44957000
44957333
44957666
4495799a
44957ccd
44958000
44958333
44958666
4495899a
44958ccd
44959000
44959333
44959666
4495999a
44959ccd
4495a000
4495a333
4495a666
4495a99a
4495accd
4495b000
4495b333
4495b666
4495b99a
4495bccd
4495c000
4495c333
4495c666
4495c99a
4495cccd
4495d000
4495d333
4495d666
4495d99a
4495dccd
4495e000
4495e333
4495e666
4495e99a
4495eccd
4495f000
4495f333
4495f666
4495f99a
4495fccd
44960000
44960333
44960666
4496099a
44960ccd
44961000
44961333
44961666
4496199a
44961ccd
44962000
44962333
44962666
4496299a
44962ccd
44963000
44963333
44963666
4496399a
44963ccd
44964000
44964333
44964666
4496499a
44964ccd
44965000
44965333
44965666
4496599a
44965ccd
44966000
44966333
44966666
4496699a
44966ccd
44967000
44967333
44967666
4496799a
44967ccd
44968000
44968333
44968666
4496899a
44968ccd
44969000
44969333
44969666
4496999a
44969ccd
4496a000
4496a333
4496a666
4496a99a
4496accd
4496b000
4496b333
4496b666
4496b99a
4496bccd
4496c000
4496c333
4496c666
4496c99a
4496cccd
4496d000
4496d333
4496d666
4496d99a
4496dccd
4496e000
4496e333
4496e666
4496e99a
4496eccd
4496f000
4496f333
4496f666
4496f99a
4496fccd
44970000
44970333
44970666
4497099a
44970ccd
44971000
44971333
44971666
4497199a
44971ccd
44972000
44972333
44972666
4497299a
44972ccd
44973000
44973333
44973666
4497399a
44973ccd
44974000
44974333
44974666
4497499a
44974ccd
44975000
44975333
44975666
4497599a
44975ccd
44976000
44976333
44976666
4497699a
44976ccd
44977000
44977333
44977666
4497799a
44977ccd
44978000
44978333
44978666
4497899a
44978ccd
44979000
44979333
44979666
4497999a
44979ccd
4497a000
4497a333
4497a666
4497a99a
4497accd
4497b000
4497b333
4497b666
4497b99a
4497bccd
4497c000
4497c333
4497c666
4497c99a
4497cccd
4497d000
4497d333
4497d666
4497d99a
4497dccd
4497e000
4497e333
4497e666
4497e99a
4497eccd
4497f000
4497f333
4497f666
4497f99a
4497fccd
44980000
44980333
44980666
4498099a
44980ccd
44981000
44981333
44981666
4498199a
44981ccd
44982000
44982333
44982666
4498299a
44982ccd
44983000
44983333
44983666
4498399a
44983ccd
44984000
44984333
44984666
4498499a
44984ccd
44985000
44985333
44985666
4498599a
44985ccd
44986000
44986333
44986666
4498699a
44986ccd
44987000
44987333
44987666
4498799a
44987ccd
44988000
44988333
44988666
4498899a
44988ccd
44989000
44989333
44989666
4498999a
44989ccd
4498a000
4498a333
4498a666
4498a99a
4498accd
4498b000
4498b333
4498b666
4498b99a
4498bccd
4498c000
4498c333
4498c666
4498c99a
4498cccd
4498d000
4498d333
4498d666
4498d99a
4498dccd
4498e000
4498e333
4498e666
4498e99a
4498eccd
4498f000
4498f333
4498f666
4498f99a
4498fccd
44990000
44990333
44990666
4499099a
44990ccd
44991000
44991333
44991666
4499199a
44991ccd
44992000
44992333
44992666
4499299a
44992ccd
44993000
44993333
44993666
4499399a
44993ccd
44994000
44994333
44994666
4499499a
44994ccd
44995000
44995333
44995666
4499599a
44995ccd
44996000
44996333
44996666
4499699a
44996ccd
44997000
44997333
44997666
4499799a
44997ccd
44998000
44998333
44998666
4499899a
44998ccd
44999000
44999333
44999666
4499999a
44999ccd
4499a000
4499a333
4499a666
4499a99a
4499accd
4499b000
4499b333
4499b666
4499b99a
4499bccd
4499c000
4499c333
4499c666
4499c99a
4499cccd
4499d000
4499d333
4499d666
4499d99a
4499dccd
4499e000
4499e333
4499e666
4499e99a
4499eccd
4499f000
4499f333
4499f666
4499f99a
4499fccd
449a0000
449a0333
449a0666
449a099a
449a0ccd
449a1000
449a1333
449a1666
449a199a
449a1ccd
449a2000
449a2333
449a2666
449a299a
449a2ccd
449a3000
449a3333
449a3666
449a399a
449a3ccd
449a4000
449a4333
449a4666
449a499a
449a4ccd
449a5000
449a5333
449a5666
449a599a
449a5ccd
449a6000
449a6333
449a6666
449a699a
449a6ccd
449a7000
449a7333
449a7666
449a799a
449a7ccd
449a8000
449a8333
449a8666
449a899a
449a8ccd
449a9000
449a9333
449a9666
449a999a
449a9ccd
449aa000
449aa333
449aa666
449aa99a
449aaccd
449ab000
449ab333
449ab666
449ab99a
449abccd
449ac000
449ac333
449ac666
449ac99a
449acccd
449ad000
449ad333
449ad666
449ad99a
449adccd
449ae000
449ae333
449ae666
449ae99a
449aeccd
449af000
449af333
449af666
449af99a
449afccd
449b0000
449b0333
449b0666
449b099a
449b0ccd
449b1000
449b1333
449b1666
449b199a
449b1ccd
449b2000
449b2333
449b2666
449b299a
449b2ccd
449b3000
449b3333
449b3666
449b399a
449b3ccd
449b4000
449b4333
449b4666
449b499a
449b4ccd
449b5000
449b5333
449b5666
449b599a
449b5ccd
449b6000
449b6333
449b6666
449b699a
449b6ccd
449b7000
449b7333
449b7666
449b799a
449b7ccd
449b8000
449b8333
449b8666
449b899a
449b8ccd
449b9000
449b9333
449b9666
449b999a
449b9ccd
449ba000
449ba333
449ba666
449ba99a
449baccd
449bb000
449bb333
449bb666
449bb99a
449bbccd
449bc000
449bc333
449bc666
449bc99a
449bcccd
449bd000
449bd333
449bd666
449bd99a
449bdccd
449be000
449be333
449be666
449be99a
449beccd
449bf000
449bf333
449bf666
449bf99a
449bfccd
449c0000
449c0333
449c0666
449c099a
449c0ccd
449c1000
449c1333
449c1666
449c199a
449c1ccd
449c2000
449c2333
449c2666
449c299a
449c2ccd
449c3000
449c3333
449c3666
449c399a
449c3ccd
449c4000
449c4333
449c4666
449c499a
449c4ccd
449c5000
449c5333
449c5666
449c599a
449c5ccd
449c6000
449c6333
449c6666
449c699a
449c6ccd
449c7000
449c7333
449c7666
449c799a
449c7ccd
449c8000
449c8333
449c8666
449c899a
449c8ccd
449c9000
449c9333
449c9666
449c999a
449c9ccd
449ca000
449ca333
449ca666
449ca99a
449caccd
449cb000
449cb333
449cb666
449cb99a
449cbccd
449cc000
449cc333
449cc666
449cc99a
449ccccd
449cd000
449cd333
449cd666
449cd99a
449cdccd
449ce000
449ce333
449ce666
449ce99a
449ceccd
449cf000
449cf333
449cf666
449cf99a
449cfccd
449d0000
449d0333
449d0666
449d099a
449d0ccd
449d1000
449d1333
449d1666
449d199a
449d1ccd
449d2000
449d2333
449d2666
449d299a
449d2ccd
449d3000
449d3333
449d3666
449d399a
449d3ccd
449d4000
449d4333
449d4666
449d499a
449d4ccd
449d5000
449d5333
449d5666
449d599a
449d5ccd
449d6000
449d6333
449d6666
449d699a
449d6ccd
449d7000
449d7333
449d7666
449d799a
449d7ccd
449d8000
449d8333
449d8666
449d899a
449d8ccd
449d9000
449d9333
449d9666
449d999a
449d9ccd
449da000
449da333
449da666
449da99a
449daccd
449db000
449db333
449db666
449db99a
449dbccd
449dc000
449dc333
449dc666
449dc99a
449dcccd
449dd000
449dd333
449dd666
449dd99a
449ddccd
449de000
449de333
449de666
449de99a
449deccd
449df000
449df333
449df666
449df99a
449dfccd
449e0000
449e0333
449e0666
449e099a
449e0ccd
449e1000
449e1333
449e1666
449e199a
449e1ccd
449e2000
449e2333
449e2666
449e299a
449e2ccd
449e3000
449e3333
449e3666
449e399a
449e3ccd
449e4000
449e4333
449e4666
449e499a
449e4ccd
449e5000
449e5333
449e5666
449e599a
449e5ccd
449e6000
449e6333
449e6666
449e699a
449e6ccd
449e7000
449e7333
449e7666
449e799a
449e7ccd
449e8000
449e8333
449e8666
449e899a
449e8ccd
449e9000
449e9333
449e9666
449e999a
449e9ccd
449ea000
449ea333
449ea666
449ea99a
449eaccd
449eb000
449eb333
449eb666
449eb99a
449ebccd
449ec000
449ec333
449ec666
449ec99a
449ecccd
449ed000
449ed333
449ed666
449ed99a
449edccd
449ee000
449ee333
449ee666
449ee99a
449eeccd
449ef000
449ef333
449ef666
449ef99a
449efccd
449f0000
449f0333
449f0666
449f099a
449f0ccd
449f1000
449f1333
449f1666
449f199a
449f1ccd
449f2000
449f2333
449f2666
449f299a
449f2ccd
449f3000
449f3333
449f3666
449f399a
449f3ccd
449f4000
449f4333
449f4666
449f499a
449f4ccd
449f5000
449f5333
449f5666
449f599a
449f5ccd
449f6000
449f6333
449f6666
449f699a
449f6ccd
449f7000
449f7333
449f7666
449f799a
449f7ccd
449f8000
449f8333
449f8666
449f899a
449f8ccd
449f9000
449f9333
449f9666
449f999a
449f9ccd
449fa000
449fa333
449fa666
449fa99a
449faccd
449fb000
449fb333
449fb666
449fb99a
449fbccd
449fc000
449fc333
449fc666
449fc99a
449fcccd
449fd000
449fd333
449fd666
449fd99a
449fdccd
449fe000
449fe333
449fe666
449fe99a
449feccd
449ff000
449ff333
449ff666
449ff99a
449ffccd
44a00000
44a00333
44a00666
44a0099a
44a00ccd
44a01000
44a01333
44a01666
44a0199a
44a01ccd
44a02000
44a02333
44a02666
44a0299a
44a02ccd
44a03000
44a03333
44a03666
44a0399a
44a03ccd
44a04000
44a04333
44a04666
44a0499a
44a04ccd
44a05000
44a05333
44a05666
44a0599a
44a05ccd
44a06000
44a06333
44a06666
44a0699a
44a06ccd
44a07000
44a07333
44a07666
44a0799a
44a07ccd
44a08000
44a08333
44a08666
44a0899a
44a08ccd
44a09000
44a09333
44a09666
44a0999a
44a09ccd
44a0a000
44a0a333
44a0a666
44a0a99a
44a0accd
44a0b000
44a0b333
44a0b666
44a0b99a
44a0bccd
44a0c000
44a0c333
44a0c666
44a0c99a
44a0cccd
44a0d000
44a0d333
44a0d666
44a0d99a
44a0dccd
44a0e000
44a0e333
44a0e666
44a0e99a
44a0eccd
44a0f000
44a0f333
44a0f666
44a0f99a
44a0fccd
44a10000
44a10333
44a10666
44a1099a
44a10ccd
44a11000
44a11333
44a11666
44a1199a
44a11ccd
44a12000
44a12333
44a12666
44a1299a
44a12ccd
44a13000
44a13333
44a13666
44a1399a
44a13ccd
44a14000
44a14333
44a14666
44a1499a
44a14ccd
44a15000
44a15333
44a15666
44a1599a
44a15ccd
44a16000
44a16333
44a16666
44a1699a
44a16ccd
44a17000
44a17333
44a17666
44a1799a
44a17ccd
44a18000
44a18333
44a18666
44a1899a
44a18ccd
44a19000
44a19333
44a19666
44a1999a
44a19ccd
44a1a000
44a1a333
44a1a666
44a1a99a
44a1accd
44a1b000
44a1b333
44a1b666
44a1b99a
44a1bccd
44a1c000
44a1c333
44a1c666
44a1c99a
44a1cccd
44a1d000
44a1d333
44a1d666
44a1d99a
44a1dccd
44a1e000
44a1e333
44a1e666
44a1e99a
44a1eccd
44a1f000
44a1f333
44a1f666
44a1f99a
44a1fccd
44a20000
44a20333
44a20666
44a2099a
44a20ccd
44a21000
44a21333
44a21666
44a2199a
44a21ccd
44a22000
44a22333
44a22666
44a2299a
44a22ccd
44a23000
44a23333
44a23666
44a2399a
44a23ccd
44a24000
44a24333
44a24666
44a2499a
44a24ccd
44a25000
44a25333
44a25666
44a2599a
44a25ccd
44a26000
44a26333
44a26666
44a2699a
44a26ccd
44a27000
44a27333
44a27666
44a2799a
44a27ccd
44a28000
44a28333
44a28666
44a2899a
44a28ccd
44a29000
44a29333
44a29666
44a2999a
44a29ccd
44a2a000
44a2a333
44a2a666
44a2a99a
44a2accd
44a2b000
44a2b333
44a2b666
44a2b99a
44a2bccd
44a2c000
44a2c333
44a2c666
44a2c99a
44a2cccd
44a2d000
44a2d333
44a2d666
44a2d99a
44a2dccd
44a2e000
44a2e333
44a2e666
44a2e99a
44a2eccd
44a2f000
44a2f333
44a2f666
44a2f99a
44a2fccd
44a30000
44a30333
44a30666
44a3099a
44a30ccd
44a31000
44a31333
44a31666
44a3199a
44a31ccd
44a32000
44a32333
44a32666
44a3299a
44a32ccd
44a33000
44a33333
44a33666
44a3399a
44a33ccd
44a34000
44a34333
44a34666
44a3499a
44a34ccd
44a35000
44a35333
44a35666
44a3599a
44a35ccd
44a36000
44a36333
44a36666
44a3699a
44a36ccd
44a37000
44a37333
44a37666
44a3799a
44a37ccd
44a38000
44a38333
44a38666
44a3899a
44a38ccd
44a39000
44a39333
44a39666
44a3999a
44a39ccd
44a3a000
44a3a333
44a3a666
44a3a99a
44a3accd
44a3b000
44a3b333
44a3b666
44a3b99a
44a3bccd
44a3c000
44a3c333
44a3c666
44a3c99a
44a3cccd
44a3d000
44a3d333
44a3d666
44a3d99a
44a3dccd
44a3e000
44a3e333
44a3e666
44a3e99a
44a3eccd
44a3f000
44a3f333
44a3f666
44a3f99a
44a3fccd
44a40000
44a40333
44a40666
44a4099a
44a40ccd
44a41000
44a41333
44a41666
44a4199a
44a41ccd
44a42000
44a42333
44a42666
44a4299a
44a42ccd
44a43000
44a43333
44a43666
44a4399a
44a43ccd
44a44000
44a44333
44a44666
44a4499a
44a44ccd
44a45000
44a45333
44a45666
44a4599a
44a45ccd
44a46000
44a46333
44a46666
44a4699a
44a46ccd
44a47000
44a47333
44a47666
44a4799a
44a47ccd
44a48000
44a48333
44a48666
44a4899a
44a48ccd
44a49000
44a49333
44a49666
44a4999a
44a49ccd
44a4a000
44a4a333
44a4a666
44a4a99a
44a4accd
44a4b000
44a4b333
44a4b666
44a4b99a
44a4bccd
44a4c000
44a4c333
44a4c666
44a4c99a
44a4cccd
44a4d000
44a4d333
44a4d666
44a4d99a
44a4dccd
44a4e000
44a4e333
44a4e666
44a4e99a
44a4eccd
44a4f000
44a4f333
44a4f666
44a4f99a
44a4fccd
44a50000
44a50333
44a50666
44a5099a
44a50ccd
44a51000
44a51333
44a51666
44a5199a
44a51ccd
44a52000
44a52333
44a52666
44a5299a
44a52ccd
44a53000
44a53333
44a53666
44a5399a
44a53ccd
44a54000
44a54333
44a54666
44a5499a
44a54ccd
44a55000
44a55333
44a55666
44a5599a
44a55ccd
44a56000
44a56333
44a56666
44a5699a
44a56ccd
44a57000
44a57333
44a57666
44a5799a
44a57ccd
44a58000
44a58333
44a58666
44a5899a
44a58ccd
44a59000
44a59333
44a59666
44a5999a
44a59ccd
44a5a000
44a5a333
44a5a666
44a5a99a
44a5accd
44a5b000
44a5b333
44a5b666
44a5b99a
44a5bccd
44a5c000
44a5c333
44a5c666
44a5c99a
44a5cccd
44a5d000
44a5d333
44a5d666
44a5d99a
44a5dccd
44a5e000
44a5e333
44a5e666
44a5e99a
44a5eccd
44a5f000
44a5f333
44a5f666
44a5f99a
44a5fccd
44a60000
44a60333
44a60666
44a6099a
44a60ccd
44a61000
44a61333
44a61666
44a6199a
44a61ccd
44a62000
44a62333
44a62666
44a6299a
44a62ccd
44a63000
44a63333
44a63666
44a6399a
44a63ccd
44a64000
44a64333
44a64666
44a6499a
44a64ccd
44a65000
44a65333
44a65666
44a6599a
44a65ccd
44a66000
44a66333
44a66666
44a6699a
44a66ccd
44a67000
44a67333
44a67666
44a6799a
44a67ccd
44a68000
44a68333
44a68666
44a6899a
44a68ccd
44a69000
44a69333
44a69666
44a6999a
44a69ccd
44a6a000
44a6a333
44a6a666
44a6a99a
44a6accd
44a6b000
44a6b333
44a6b666
44a6b99a
44a6bccd
44a6c000
44a6c333
44a6c666
44a6c99a
44a6cccd
44a6d000
44a6d333
44a6d666
44a6d99a
44a6dccd
44a6e000
44a6e333
44a6e666
44a6e99a
44a6eccd
44a6f000
44a6f333
44a6f666
44a6f99a
44a6fccd
44a70000
44a70333
44a70666
44a7099a
44a70ccd
44a71000
44a71333
44a71666
44a7199a
44a71ccd
44a72000
44a72333
44a72666
44a7299a
44a72ccd
44a73000
44a73333
44a73666
44a7399a
44a73ccd
44a74000
44a74333
44a74666
44a7499a
44a74ccd
44a75000
44a75333
44a75666
44a7599a
44a75ccd
44a76000
44a76333
44a76666
44a7699a
44a76ccd
44a77000
44a77333
44a77666
44a7799a
44a77ccd
44a78000
44a78333
44a78666
44a7899a
44a78ccd
44a79000
44a79333
44a79666
44a7999a
44a79ccd
44a7a000
44a7a333
44a7a666
44a7a99a
44a7accd
44a7b000
44a7b333
44a7b666
44a7b99a
44a7bccd
44a7c000
44a7c333
44a7c666
44a7c99a
44a7cccd
44a7d000
44a7d333
44a7d666
44a7d99a
44a7dccd
44a7e000
44a7e333
44a7e666
44a7e99a
44a7eccd
44a7f000
44a7f333
44a7f666
44a7f99a
44a7fccd
44a80000
44a80333
44a80666
44a8099a
44a80ccd
44a81000
44a81333
44a81666
44a8199a
44a81ccd
44a82000
44a82333
44a82666
44a8299a
44a82ccd
44a83000
44a83333
44a83666
44a8399a
44a83ccd
44a84000
44a84333
44a84666
44a8499a
44a84ccd
44a85000
44a85333
44a85666
44a8599a
44a85ccd
44a86000
44a86333
44a86666
44a8699a
44a86ccd
44a87000
44a87333
44a87666
44a8799a
44a87ccd
44a88000
44a88333
44a88666
44a8899a
44a88ccd
44a89000
44a89333
44a89666
44a8999a
44a89ccd
44a8a000
44a8a333
44a8a666
44a8a99a
44a8accd
44a8b000
44a8b333
44a8b666
44a8b99a
44a8bccd
44a8c000
44a8c333
44a8c666
44a8c99a
44a8cccd
44a8d000
44a8d333
44a8d666
44a8d99a
44a8dccd
44a8e000
44a8e333
44a8e666
44a8e99a
44a8eccd
44a8f000
44a8f333
44a8f666
44a8f99a
44a8fccd
44a90000
44a90333
44a90666
44a9099a
44a90ccd
44a91000
44a91333
44a91666
44a9199a
44a91ccd
44a92000
44a92333
44a92666
44a9299a
44a92ccd
44a93000
44a93333
44a93666
44a9399a
44a93ccd
44a94000
44a94333
44a94666
44a9499a
44a94ccd
44a95000
44a95333
44a95666
44a9599a
44a95ccd
44a96000
44a96333
44a96666
44a9699a
44a96ccd
44a97000
44a97333
44a97666
44a9799a
44a97ccd
44a98000
44a98333
44a98666
44a9899a
44a98ccd
44a99000
44a99333
44a99666
44a9999a
44a99ccd
44a9a000
44a9a333
44a9a666
44a9a99a
44a9accd
44a9b000
44a9b333
44a9b666
44a9b99a
44a9bccd
44a9c000
44a9c333
44a9c666
44a9c99a
44a9cccd
44a9d000
44a9d333
44a9d666
44a9d99a
44a9dccd
44a9e000
44a9e333
44a9e666
44a9e99a
44a9eccd
44a9f000
44a9f333
44a9f666
44a9f99a
44a9fccd
44aa0000
44aa0333
44aa0666
44aa099a
44aa0ccd
44aa1000
44aa1333
44aa1666
44aa199a
44aa1ccd
44aa2000
44aa2333
44aa2666
44aa299a
44aa2ccd
44aa3000
44aa3333
44aa3666
44aa399a
44aa3ccd
44aa4000
44aa4333
44aa4666
44aa499a
44aa4ccd
44aa5000
44aa5333
44aa5666
44aa599a
44aa5ccd
44aa6000
44aa6333
44aa6666
44aa699a
44aa6ccd
44aa7000
44aa7333
44aa7666
44aa799a
44aa7ccd
44aa8000
44aa8333
44aa8666
44aa899a
44aa8ccd
44aa9000
44aa9333
44aa9666
44aa999a
44aa9ccd
44aaa000
44aaa333
44aaa666
44aaa99a
44aaaccd
44aab000
44aab333
44aab666
44aab99a
44aabccd
44aac000
44aac333
44aac666
44aac99a
44aacccd
44aad000
44aad333
44aad666
44aad99a
44aadccd
44aae000
44aae333
44aae666
44aae99a
44aaeccd
44aaf000
44aaf333
44aaf666
44aaf99a
44aafccd
44ab0000
44ab0333
44ab0666
44ab099a
44ab0ccd
44ab1000
44ab1333
44ab1666
44ab199a
44ab1ccd
44ab2000
44ab2333
44ab2666
44ab299a
44ab2ccd
44ab3000
44ab3333
44ab3666
44ab399a
44ab3ccd
44ab4000
44ab4333
44ab4666
44ab499a
44ab4ccd
44ab5000
44ab5333
44ab5666
44ab599a
44ab5ccd
44ab6000
44ab6333
44ab6666
44ab699a
44ab6ccd
44ab7000
44ab7333
44ab7666
44ab799a
44ab7ccd
44ab8000
44ab8333
44ab8666
44ab899a
44ab8ccd
44ab9000
44ab9333
44ab9666
44ab999a
44ab9ccd
44aba000
44aba333
44aba666
44aba99a
44abaccd
44abb000
44abb333
44abb666
44abb99a
44abbccd
44abc000
44abc333
44abc666
44abc99a
44abcccd
44abd000
44abd333
44abd666
44abd99a
44abdccd
44abe000
44abe333
44abe666
44abe99a
44abeccd
44abf000
44abf333
44abf666
44abf99a
44abfccd
44ac0000
44ac0333
44ac0666
44ac099a
44ac0ccd
44ac1000
44ac1333
44ac1666
44ac199a
44ac1ccd
44ac2000
44ac2333
44ac2666
44ac299a
44ac2ccd
44ac3000
44ac3333
44ac3666
44ac399a
44ac3ccd
44ac4000
44ac4333
44ac4666
44ac499a
44ac4ccd
44ac5000
44ac5333
44ac5666
44ac599a
44ac5ccd
44ac6000
44ac6333
44ac6666
44ac699a
44ac6ccd
44ac7000
44ac7333
44ac7666
44ac799a
44ac7ccd
44ac8000
44ac8333
44ac8666
44ac899a
44ac8ccd
44ac9000
44ac9333
44ac9666
44ac999a
44ac9ccd
44aca000
44aca333
44aca666
44aca99a
44acaccd
44acb000
44acb333
44acb666
44acb99a
44acbccd
44acc000
44acc333
44acc666
44acc99a
44accccd
44acd000
44acd333
44acd666
44acd99a
44acdccd
44ace000
44ace333
44ace666
44ace99a
44aceccd
44acf000
44acf333
44acf666
44acf99a
44acfccd
44ad0000
44ad0333
44ad0666
44ad099a
44ad0ccd
44ad1000
44ad1333
44ad1666
44ad199a
44ad1ccd
44ad2000
44ad2333
44ad2666
44ad299a
44ad2ccd
44ad3000
44ad3333
44ad3666
44ad399a
44ad3ccd
44ad4000
44ad4333
44ad4666
44ad499a
44ad4ccd
44ad5000
44ad5333
44ad5666
44ad599a
44ad5ccd
44ad6000
44ad6333
44ad6666
44ad699a
44ad6ccd
44ad7000
44ad7333
44ad7666
44ad799a
44ad7ccd
44ad8000
44ad8333
44ad8666
44ad899a
44ad8ccd
44ad9000
44ad9333
44ad9666
44ad999a
44ad9ccd
44ada000
44ada333
44ada666
44ada99a
44adaccd
44adb000
44adb333
44adb666
44adb99a
44adbccd
44adc000
44adc333
44adc666
44adc99a
44adcccd
44add000
44add333
44add666
44add99a
44addccd
44ade000
44ade333
44ade666
44ade99a
44adeccd
44adf000
44adf333
44adf666
44adf99a
44adfccd
44ae0000
44ae0333
44ae0666
44ae099a
44ae0ccd
44ae1000
44ae1333
44ae1666
44ae199a
44ae1ccd
44ae2000
44ae2333
44ae2666
44ae299a
44ae2ccd
44ae3000
44ae3333
44ae3666
44ae399a
44ae3ccd
44ae4000
44ae4333
44ae4666
44ae499a
44ae4ccd
44ae5000
44ae5333
44ae5666
44ae599a
44ae5ccd
44ae6000
44ae6333
44ae6666
44ae699a
44ae6ccd
44ae7000
44ae7333
44ae7666
44ae799a
44ae7ccd
44ae8000
44ae8333
44ae8666
44ae899a
44ae8ccd
44ae9000
44ae9333
44ae9666
44ae999a
44ae9ccd
44aea000
44aea333
44aea666
44aea99a
44aeaccd
44aeb000
44aeb333
44aeb666
44aeb99a
44aebccd
44aec000
44aec333
44aec666
44aec99a
44aecccd
44aed000
44aed333
44aed666
44aed99a
44aedccd
44aee000
44aee333
44aee666
44aee99a
44aeeccd
44aef000
44aef333
44aef666
44aef99a
44aefccd
44af0000
44af0333
44af0666
44af099a
44af0ccd
44af1000
44af1333
44af1666
44af199a
44af1ccd
44af2000
44af2333
44af2666
44af299a
44af2ccd
44af3000
44af3333
44af3666
44af399a
44af3ccd
44af4000
44af4333
44af4666
44af499a
44af4ccd
44af5000
44af5333
44af5666
44af599a
44af5ccd
44af6000
44af6333
44af6666
44af699a
44af6ccd
44af7000
44af7333
44af7666
44af799a
44af7ccd
44af8000
44af8333
44af8666
44af899a
44af8ccd
44af9000
44af9333
44af9666
44af999a
44af9ccd
44afa000
44afa333
44afa666
44afa99a
44afaccd
44afb000
44afb333
44afb666
44afb99a
44afbccd
44afc000
44afc333
44afc666
44afc99a
44afcccd
44afd000
44afd333
44afd666
44afd99a
44afdccd
44afe000
44afe333
44afe666
44afe99a
44afeccd
44aff000
44aff333
44aff666
44aff99a
44affccd
44b00000
44b00333
44b00666
44b0099a
44b00ccd
44b01000
44b01333
44b01666
44b0199a
44b01ccd
44b02000
44b02333
44b02666
44b0299a
44b02ccd
44b03000
44b03333
44b03666
44b0399a
44b03ccd
44b04000
44b04333
44b04666
44b0499a
44b04ccd
44b05000
44b05333
44b05666
44b0599a
44b05ccd
44b06000
44b06333
44b06666
44b0699a
44b06ccd
44b07000
44b07333
44b07666
44b0799a
44b07ccd
44b08000
44b08333
44b08666
44b0899a
44b08ccd
44b09000
44b09333
44b09666
44b0999a
44b09ccd
44b0a000
44b0a333
44b0a666
44b0a99a
44b0accd
44b0b000
44b0b333
44b0b666
44b0b99a
44b0bccd
44b0c000
44b0c333
44b0c666
44b0c99a
44b0cccd
44b0d000
44b0d333
44b0d666
44b0d99a
44b0dccd
44b0e000
44b0e333
44b0e666
44b0e99a
44b0eccd
44b0f000
44b0f333
44b0f666
44b0f99a
44b0fccd
44b10000
44b10333
44b10666
44b1099a
44b10ccd
44b11000
44b11333
44b11666
44b1199a
44b11ccd
44b12000
44b12333
44b12666
44b1299a
44b12ccd
44b13000
44b13333
44b13666
44b1399a
44b13ccd
44b14000
44b14333
44b14666
44b1499a
44b14ccd
44b15000
44b15333
44b15666
44b1599a
44b15ccd
44b16000
44b16333
44b16666
44b1699a
44b16ccd
44b17000
44b17333
44b17666
44b1799a
44b17ccd
44b18000
44b18333
44b18666
44b1899a
44b18ccd
44b19000
44b19333
44b19666
44b1999a
44b19ccd
44b1a000
44b1a333
44b1a666
44b1a99a
44b1accd
44b1b000
44b1b333
44b1b666
44b1b99a
44b1bccd
44b1c000
44b1c333
44b1c666
44b1c99a
44b1cccd
44b1d000
44b1d333
44b1d666
44b1d99a
44b1dccd
44b1e000
44b1e333
44b1e666
44b1e99a
44b1eccd
44b1f000
44b1f333
44b1f666
44b1f99a
44b1fccd
44b20000
44b20333
44b20666
44b2099a
44b20ccd
44b21000
44b21333
44b21666
44b2199a
44b21ccd
44b22000
44b22333
44b22666
44b2299a
44b22ccd
44b23000
44b23333
44b23666
44b2399a
44b23ccd
44b24000
44b24333
44b24666
44b2499a
44b24ccd
44b25000
44b25333
44b25666
44b2599a
44b25ccd
44b26000
44b26333
44b26666
44b2699a
44b26ccd
44b27000
44b27333
44b27666
44b2799a
44b27ccd
44b28000
44b28333
44b28666
44b2899a
44b28ccd
44b29000
44b29333
44b29666
44b2999a
44b29ccd
44b2a000
44b2a333
44b2a666
44b2a99a
44b2accd
44b2b000
44b2b333
44b2b666
44b2b99a
44b2bccd
44b2c000
44b2c333
44b2c666
44b2c99a
44b2cccd
44b2d000
44b2d333
44b2d666
44b2d99a
44b2dccd
44b2e000
44b2e333
44b2e666
44b2e99a
44b2eccd
44b2f000
44b2f333
44b2f666
44b2f99a
44b2fccd
44b30000
44b30333
44b30666
44b3099a
44b30ccd
44b31000
44b31333
44b31666
44b3199a
44b31ccd
44b32000
44b32333
44b32666
44b3299a
44b32ccd
44b33000
44b33333
44b33666
44b3399a
44b33ccd
44b34000
44b34333
44b34666
44b3499a
44b34ccd
44b35000
44b35333
44b35666
44b3599a
44b35ccd
44b36000
44b36333
44b36666
44b3699a
44b36ccd
44b37000
44b37333
44b37666
44b3799a
44b37ccd
44b38000
44b38333
44b38666
44b3899a
44b38ccd
44b39000
44b39333
44b39666
44b3999a
44b39ccd
44b3a000
44b3a333
44b3a666
44b3a99a
44b3accd
44b3b000
44b3b333
44b3b666
44b3b99a
44b3bccd
44b3c000
44b3c333
44b3c666
44b3c99a
44b3cccd
44b3d000
44b3d333
44b3d666
44b3d99a
44b3dccd
44b3e000
44b3e333
44b3e666
44b3e99a
44b3eccd
44b3f000
44b3f333
44b3f666
44b3f99a
44b3fccd
44b40000
44b40333
44b40666
44b4099a
44b40ccd
44b41000
44b41333
44b41666
44b4199a
44b41ccd
44b42000
44b42333
44b42666
44b4299a
44b42ccd
44b43000
44b43333
44b43666
44b4399a
44b43ccd
44b44000
44b44333
44b44666
44b4499a
44b44ccd
44b45000
44b45333
44b45666
44b4599a
44b45ccd
44b46000
44b46333
44b46666
44b4699a
44b46ccd
44b47000
44b47333
44b47666
44b4799a
44b47ccd
44b48000
44b48333
44b48666
44b4899a
44b48ccd
44b49000
44b49333
44b49666
44b4999a
44b49ccd
44b4a000
44b4a333
44b4a666
44b4a99a
44b4accd
44b4b000
44b4b333
44b4b666
44b4b99a
44b4bccd
44b4c000
44b4c333
44b4c666
44b4c99a
44b4cccd
44b4d000
44b4d333
44b4d666
44b4d99a
44b4dccd
44b4e000
44b4e333
44b4e666
44b4e99a
44b4eccd
44b4f000
44b4f333
44b4f666
44b4f99a
44b4fccd
44b50000
44b50333
44b50666
44b5099a
44b50ccd
44b51000
44b51333
44b51666
44b5199a
44b51ccd
44b52000
44b52333
44b52666
44b5299a
44b52ccd
44b53000
44b53333
44b53666
44b5399a
44b53ccd
44b54000
44b54333
44b54666
44b5499a
44b54ccd
44b55000
44b55333
44b55666
44b5599a
44b55ccd
44b56000
44b56333
44b56666
44b5699a
44b56ccd
44b57000
44b57333
44b57666
44b5799a
44b57ccd
44b58000
44b58333
44b58666
44b5899a
44b58ccd
44b59000
44b59333
44b59666
44b5999a
44b59ccd
44b5a000
44b5a333
44b5a666
44b5a99a
44b5accd
44b5b000
44b5b333
44b5b666
44b5b99a
44b5bccd
44b5c000
44b5c333
44b5c666
44b5c99a
44b5cccd
44b5d000
44b5d333
44b5d666
44b5d99a
44b5dccd
44b5e000
44b5e333
44b5e666
44b5e99a
44b5eccd
44b5f000
44b5f333
44b5f666
44b5f99a
44b5fccd
44b60000
44b60333
44b60666
44b6099a
44b60ccd
44b61000
44b61333
44b61666
44b6199a
44b61ccd
44b62000
44b62333
44b62666
44b6299a
44b62ccd
44b63000
44b63333
44b63666
44b6399a
44b63ccd
44b64000
44b64333
44b64666
44b6499a
44b64ccd
44b65000
44b65333
44b65666
44b6599a
44b65ccd
44b66000
44b66333
44b66666
44b6699a
44b66ccd
44b67000
44b67333
44b67666
44b6799a
44b67ccd
44b68000
44b68333
44b68666
44b6899a
44b68ccd
44b69000
44b69333
44b69666
44b6999a
44b69ccd
44b6a000
44b6a333
44b6a666
44b6a99a
44b6accd
44b6b000
44b6b333
44b6b666
44b6b99a
44b6bccd
44b6c000
44b6c333
44b6c666
44b6c99a
44b6cccd
44b6d000
44b6d333
44b6d666
44b6d99a
44b6dccd
44b6e000
44b6e333
44b6e666
44b6e99a
44b6eccd
44b6f000
44b6f333
44b6f666
44b6f99a
44b6fccd
44b70000
44b70333
44b70666
44b7099a
44b70ccd
44b71000
44b71333
44b71666
44b7199a
44b71ccd
44b72000
44b72333
44b72666
44b7299a
44b72ccd
44b73000
44b73333
44b73666
44b7399a
44b73ccd
44b74000
44b74333
44b74666
44b7499a
44b74ccd
44b75000
44b75333
44b75666
44b7599a
44b75ccd
44b76000
44b76333
44b76666
44b7699a
44b76ccd
44b77000
44b77333
44b77666
44b7799a
44b77ccd
44b78000
44b78333
44b78666
44b7899a
44b78ccd
44b79000
44b79333
44b79666
44b7999a
44b79ccd
44b7a000
44b7a333
44b7a666
44b7a99a
44b7accd
44b7b000
44b7b333
44b7b666
44b7b99a
44b7bccd
44b7c000
44b7c333
44b7c666
44b7c99a
44b7cccd
44b7d000
44b7d333
44b7d666
44b7d99a
44b7dccd
44b7e000
44b7e333
44b7e666
44b7e99a
44b7eccd
44b7f000
44b7f333
44b7f666
44b7f99a
44b7fccd
44b80000
44b80333
44b80666
44b8099a
44b80ccd
44b81000
44b81333
44b81666
44b8199a
44b81ccd
44b82000
44b82333
44b82666
44b8299a
44b82ccd
44b83000
44b83333
44b83666
44b8399a
44b83ccd
44b84000
44b84333
44b84666
44b8499a
44b84ccd
44b85000
44b85333
44b85666
44b8599a
44b85ccd
44b86000
44b86333
44b86666
44b8699a
44b86ccd
44b87000
44b87333
44b87666
44b8799a
44b87ccd
44b88000
44b88333
44b88666
44b8899a
44b88ccd
44b89000
44b89333
44b89666
44b8999a
44b89ccd
44b8a000
44b8a333
44b8a666
44b8a99a
44b8accd
44b8b000
44b8b333
44b8b666
44b8b99a
44b8bccd
44b8c000
44b8c333
44b8c666
44b8c99a
44b8cccd
44b8d000
44b8d333
44b8d666
44b8d99a
44b8dccd
44b8e000
44b8e333
44b8e666
44b8e99a
44b8eccd
44b8f000
44b8f333
44b8f666
44b8f99a
44b8fccd
44b90000
44b90333
44b90666
44b9099a
44b90ccd
44b91000
44b91333
44b91666
44b9199a
44b91ccd
44b92000
44b92333
44b92666
44b9299a
44b92ccd
44b93000
44b93333
44b93666
44b9399a
44b93ccd
44b94000
44b94333
44b94666
44b9499a
44b94ccd
44b95000
44b95333
44b95666
44b9599a
44b95ccd
44b96000
44b96333
44b96666
44b9699a
44b96ccd
44b97000
44b97333
44b97666
44b9799a
44b97ccd
44b98000
44b98333
44b98666
44b9899a
44b98ccd
44b99000
44b99333
44b99666
44b9999a
44b99ccd
44b9a000
44b9a333
44b9a666
44b9a99a
44b9accd
44b9b000
44b9b333
44b9b666
44b9b99a
44b9bccd
44b9c000
44b9c333
44b9c666
44b9c99a
44b9cccd
44b9d000
44b9d333
44b9d666
44b9d99a
44b9dccd
44b9e000
44b9e333
44b9e666
44b9e99a
44b9eccd
44b9f000
44b9f333
44b9f666
44b9f99a
44b9fccd
44ba0000
44ba0333
44ba0666
44ba099a
44ba0ccd
44ba1000
44ba1333
44ba1666
44ba199a
44ba1ccd
44ba2000
44ba2333
44ba2666
44ba299a
44ba2ccd
44ba3000
44ba3333
44ba3666
44ba399a
44ba3ccd
44ba4000
44ba4333
44ba4666
44ba499a
44ba4ccd
44ba5000
44ba5333
44ba5666
44ba599a
44ba5ccd
44ba6000
44ba6333
44ba6666
44ba699a
44ba6ccd
44ba7000
44ba7333
44ba7666
44ba799a
44ba7ccd
44ba8000
44ba8333
44ba8666
44ba899a
44ba8ccd
44ba9000
44ba9333
44ba9666
44ba999a
44ba9ccd
44baa000
44baa333
44baa666
44baa99a
44baaccd
44bab000
44bab333
44bab666
44bab99a
44babccd
44bac000
44bac333
44bac666
44bac99a
44bacccd
44bad000
44bad333
44bad666
44bad99a
44badccd
44bae000
44bae333
44bae666
44bae99a
44baeccd
44baf000
44baf333
44baf666
44baf99a
44bafccd
44bb0000
44bb0333
44bb0666
44bb099a
44bb0ccd
44bb1000
44bb1333
44bb1666
44bb199a
44bb1ccd
44bb2000
44bb2333
44bb2666
44bb299a
44bb2ccd
44bb3000
44bb3333
44bb3666
44bb399a
44bb3ccd
44bb4000
44bb4333
44bb4666
44bb499a
44bb4ccd
44bb5000
44bb5333
44bb5666
44bb599a
44bb5ccd
44bb6000
44bb6333
44bb6666
44bb699a
44bb6ccd
44bb7000
44bb7333
44bb7666
44bb799a
44bb7ccd
44bb8000
44bb8333
44bb8666
44bb899a
44bb8ccd
44bb9000
44bb9333
44bb9666
44bb999a
44bb9ccd
44bba000
44bba333
44bba666
44bba99a
44bbaccd
44bbb000
44bbb333
44bbb666
44bbb99a
44bbbccd
44bbc000
44bbc333
44bbc666
44bbc99a
44bbcccd
44bbd000
44bbd333
44bbd666
44bbd99a
44bbdccd
44bbe000
44bbe333
44bbe666
44bbe99a
44bbeccd
44bbf000
44bbf333
44bbf666
44bbf99a
44bbfccd
44bc0000
44bc0333
44bc0666
44bc099a
44bc0ccd
44bc1000
44bc1333
44bc1666
44bc199a
44bc1ccd
44bc2000
44bc2333
44bc2666
44bc299a
44bc2ccd
44bc3000
44bc3333
44bc3666
44bc399a
44bc3ccd
44bc4000
44bc4333
44bc4666
44bc499a
44bc4ccd
44bc5000
44bc5333
44bc5666
44bc599a
44bc5ccd
44bc6000
44bc6333
44bc6666
44bc699a
44bc6ccd
44bc7000
44bc7333
44bc7666
44bc799a
44bc7ccd
44bc8000
44bc8333
44bc8666
44bc899a
44bc8ccd
44bc9000
44bc9333
44bc9666
44bc999a
44bc9ccd
44bca000
44bca333
44bca666
44bca99a
44bcaccd
44bcb000
44bcb333
44bcb666
44bcb99a
44bcbccd
44bcc000
44bcc333
44bcc666
44bcc99a
44bccccd
44bcd000
44bcd333
44bcd666
44bcd99a
44bcdccd
44bce000
44bce333
44bce666
44bce99a
44bceccd
44bcf000
44bcf333
44bcf666
44bcf99a
44bcfccd
44bd0000
44bd0333
44bd0666
44bd099a
44bd0ccd
44bd1000
44bd1333
44bd1666
44bd199a
44bd1ccd
44bd2000
44bd2333
44bd2666
44bd299a
44bd2ccd
44bd3000
44bd3333
44bd3666
44bd399a
44bd3ccd
44bd4000
44bd4333
44bd4666
44bd499a
44bd4ccd
44bd5000
44bd5333
44bd5666
44bd599a
44bd5ccd
44bd6000
44bd6333
44bd6666
44bd699a
44bd6ccd
44bd7000
44bd7333
44bd7666
44bd799a
44bd7ccd
44bd8000
44bd8333
44bd8666
44bd899a
44bd8ccd
44bd9000
44bd9333
44bd9666
44bd999a
44bd9ccd
44bda000
44bda333
44bda666
44bda99a
44bdaccd
44bdb000
44bdb333
44bdb666
44bdb99a
44bdbccd
44bdc000
44bdc333
44bdc666
44bdc99a
44bdcccd
44bdd000
44bdd333
44bdd666
44bdd99a
44bddccd
44bde000
44bde333
44bde666
44bde99a
44bdeccd
44bdf000
44bdf333
44bdf666
44bdf99a
44bdfccd
44be0000
44be0333
44be0666
44be099a
44be0ccd
44be1000
44be1333
44be1666
44be199a
44be1ccd
44be2000
44be2333
44be2666
44be299a
44be2ccd
44be3000
44be3333
44be3666
44be399a
44be3ccd
44be4000
44be4333
44be4666
44be499a
44be4ccd
44be5000
44be5333
44be5666
44be599a
44be5ccd
44be6000
44be6333
44be6666
44be699a
44be6ccd
44be7000
44be7333
44be7666
44be799a
44be7ccd
44be8000
44be8333
44be8666
44be899a
44be8ccd
44be9000
44be9333
44be9666
44be999a
44be9ccd
44bea000
44bea333
44bea666
44bea99a
44beaccd
44beb000
44beb333
44beb666
44beb99a
44bebccd
44bec000
44bec333
44bec666
44bec99a
44becccd
44bed000
44bed333
44bed666
44bed99a
44bedccd
44bee000
44bee333
44bee666
44bee99a
44beeccd
44bef000
44bef333
44bef666
44bef99a
44befccd
44bf0000
44bf0333
44bf0666
44bf099a
44bf0ccd
44bf1000
44bf1333
44bf1666
44bf199a
44bf1ccd
44bf2000
44bf2333
44bf2666
44bf299a
44bf2ccd
44bf3000
44bf3333
44bf3666
44bf399a
44bf3ccd
44bf4000
44bf4333
44bf4666
44bf499a
44bf4ccd
44bf5000
44bf5333
44bf5666
44bf599a
44bf5ccd
44bf6000
44bf6333
44bf6666
44bf699a
44bf6ccd
44bf7000
44bf7333
44bf7666
44bf799a
44bf7ccd
44bf8000
44bf8333
44bf8666
44bf899a
44bf8ccd
44bf9000
44bf9333
44bf9666
44bf999a
44bf9ccd
44bfa000
44bfa333
44bfa666
44bfa99a
44bfaccd
44bfb000
44bfb333
44bfb666
44bfb99a
44bfbccd
44bfc000
44bfc333
44bfc666
44bfc99a
44bfcccd
44bfd000
44bfd333
44bfd666
44bfd99a
44bfdccd
44bfe000
44bfe333
44bfe666
44bfe99a
44bfeccd
44bff000
44bff333
44bff666
44bff99a
44bffccd
44c00000
44c00333
44c00666
44c0099a
44c00ccd
44c01000
44c01333
44c01666
44c0199a
44c01ccd
44c02000
44c02333
44c02666
44c0299a
44c02ccd
44c03000
44c03333
44c03666
44c0399a
44c03ccd
44c04000
44c04333
44c04666
44c0499a
44c04ccd
44c05000
44c05333
44c05666
44c0599a
44c05ccd
44c06000
44c06333
44c06666
44c0699a
44c06ccd
44c07000
44c07333
44c07666
44c0799a
44c07ccd
44c08000
44c08333
44c08666
44c0899a
44c08ccd
44c09000
44c09333
44c09666
44c0999a
44c09ccd
44c0a000
44c0a333
44c0a666
44c0a99a
44c0accd
44c0b000
44c0b333
44c0b666
44c0b99a
44c0bccd
44c0c000
44c0c333
44c0c666
44c0c99a
44c0cccd
44c0d000
44c0d333
44c0d666
44c0d99a
44c0dccd
44c0e000
44c0e333
44c0e666
44c0e99a
44c0eccd
44c0f000
44c0f333
44c0f666
44c0f99a
44c0fccd
44c10000
44c10333
44c10666
44c1099a
44c10ccd
44c11000
44c11333
44c11666
44c1199a
44c11ccd
44c12000
44c12333
44c12666
44c1299a
44c12ccd
44c13000
44c13333
44c13666
44c1399a
44c13ccd
44c14000
44c14333
44c14666
44c1499a
44c14ccd
44c15000
44c15333
44c15666
44c1599a
44c15ccd
44c16000
44c16333
44c16666
44c1699a
44c16ccd
44c17000
44c17333
44c17666
44c1799a
44c17ccd
44c18000
44c18333
44c18666
44c1899a
44c18ccd
44c19000
44c19333
44c19666
44c1999a
44c19ccd
44c1a000
44c1a333
44c1a666
44c1a99a
44c1accd
44c1b000
44c1b333
44c1b666
44c1b99a
44c1bccd
44c1c000
44c1c333
44c1c666
44c1c99a
44c1cccd
44c1d000
44c1d333
44c1d666
44c1d99a
44c1dccd
44c1e000
44c1e333
44c1e666
44c1e99a
44c1eccd
44c1f000
44c1f333
44c1f666
44c1f99a
44c1fccd
44c20000
44c20333
44c20666
44c2099a
44c20ccd
44c21000
44c21333
44c21666
44c2199a
44c21ccd
44c22000
44c22333
44c22666
44c2299a
44c22ccd
44c23000
44c23333
44c23666
44c2399a
44c23ccd
44c24000
44c24333
44c24666
44c2499a
44c24ccd
44c25000
44c25333
44c25666
44c2599a
44c25ccd
44c26000
44c26333
44c26666
44c2699a
44c26ccd
44c27000
44c27333
44c27666
44c2799a
44c27ccd
44c28000
44c28333
44c28666
44c2899a
44c28ccd
44c29000
44c29333
44c29666
44c2999a
44c29ccd
44c2a000
44c2a333
44c2a666
44c2a99a
44c2accd
44c2b000
44c2b333
44c2b666
44c2b99a
44c2bccd
44c2c000
44c2c333
44c2c666
44c2c99a
44c2cccd
44c2d000
44c2d333
44c2d666
44c2d99a
44c2dccd
44c2e000
44c2e333
44c2e666
44c2e99a
44c2eccd
44c2f000
44c2f333
44c2f666
44c2f99a
44c2fccd
44c30000
44c30333
44c30666
44c3099a
44c30ccd
44c31000
44c31333
44c31666
44c3199a
44c31ccd
44c32000
44c32333
44c32666
44c3299a
44c32ccd
44c33000
44c33333
44c33666
44c3399a
44c33ccd
44c34000
44c34333
44c34666
44c3499a
44c34ccd
44c35000
44c35333
44c35666
44c3599a
44c35ccd
44c36000
44c36333
44c36666
44c3699a
44c36ccd
44c37000
44c37333
44c37666
44c3799a
44c37ccd
44c38000
44c38333
44c38666
44c3899a
44c38ccd
44c39000
44c39333
44c39666
44c3999a
44c39ccd
44c3a000
44c3a333
44c3a666
44c3a99a
44c3accd
44c3b000
44c3b333
44c3b666
44c3b99a
44c3bccd
44c3c000
44c3c333
44c3c666
44c3c99a
44c3cccd
44c3d000
44c3d333
44c3d666
44c3d99a
44c3dccd
44c3e000
44c3e333
44c3e666
44c3e99a
44c3eccd
44c3f000
44c3f333
44c3f666
44c3f99a
44c3fccd
44c40000
44c40333
44c40666
44c4099a
44c40ccd
44c41000
44c41333
44c41666
44c4199a
44c41ccd
44c42000
44c42333
44c42666
44c4299a
44c42ccd
44c43000
44c43333
44c43666
44c4399a
44c43ccd
44c44000
44c44333
44c44666
44c4499a
44c44ccd
44c45000
44c45333
44c45666
44c4599a
44c45ccd
44c46000
44c46333
44c46666
44c4699a
44c46ccd
44c47000
44c47333
44c47666
44c4799a
44c47ccd
44c48000
44c48333
44c48666
44c4899a
44c48ccd
44c49000
44c49333
44c49666
44c4999a
44c49ccd
44c4a000
44c4a333
44c4a666
44c4a99a
44c4accd
44c4b000
44c4b333
44c4b666
44c4b99a
44c4bccd
44c4c000
44c4c333
44c4c666
44c4c99a
44c4cccd
44c4d000
44c4d333
44c4d666
44c4d99a
44c4dccd
44c4e000
44c4e333
44c4e666
44c4e99a
44c4eccd
44c4f000
44c4f333
44c4f666
44c4f99a
44c4fccd
44c50000
44c50333
44c50666
44c5099a
44c50ccd
44c51000
44c51333
44c51666
44c5199a
44c51ccd
44c52000
44c52333
44c52666
44c5299a
44c52ccd
44c53000
44c53333
44c53666
44c5399a
44c53ccd
44c54000
44c54333
44c54666
44c5499a
44c54ccd
44c55000
44c55333
44c55666
44c5599a
44c55ccd
44c56000
44c56333
44c56666
44c5699a
44c56ccd
44c57000
44c57333
44c57666
44c5799a
44c57ccd
44c58000
44c58333
44c58666
44c5899a
44c58ccd
44c59000
44c59333
44c59666
44c5999a
44c59ccd
44c5a000
44c5a333
44c5a666
44c5a99a
44c5accd
44c5b000
44c5b333
44c5b666
44c5b99a
44c5bccd
44c5c000
44c5c333
44c5c666
44c5c99a
44c5cccd
44c5d000
44c5d333
44c5d666
44c5d99a
44c5dccd
44c5e000
44c5e333
44c5e666
44c5e99a
44c5eccd
44c5f000
44c5f333
44c5f666
44c5f99a
44c5fccd
44c60000
44c60333
44c60666
44c6099a
44c60ccd
44c61000
44c61333
44c61666
44c6199a
44c61ccd
44c62000
44c62333
44c62666
44c6299a
44c62ccd
44c63000
44c63333
44c63666
44c6399a
44c63ccd
44c64000
44c64333
44c64666
44c6499a
44c64ccd
44c65000
44c65333
44c65666
44c6599a
44c65ccd
44c66000
44c66333
44c66666
44c6699a
44c66ccd
44c67000
44c67333
44c67666
44c6799a
44c67ccd
44c68000
44c68333
44c68666
44c6899a
44c68ccd
44c69000
44c69333
44c69666
44c6999a
44c69ccd
44c6a000
44c6a333
44c6a666
44c6a99a
44c6accd
44c6b000
44c6b333
44c6b666
44c6b99a
44c6bccd
44c6c000
44c6c333
44c6c666
44c6c99a
44c6cccd
44c6d000
44c6d333
44c6d666
44c6d99a
44c6dccd
44c6e000
44c6e333
44c6e666
44c6e99a
44c6eccd
44c6f000
44c6f333
44c6f666
44c6f99a
44c6fccd
44c70000
44c70333
44c70666
44c7099a
44c70ccd
44c71000
44c71333
44c71666
44c7199a
44c71ccd
44c72000
44c72333
44c72666
44c7299a
44c72ccd
44c73000
44c73333
44c73666
44c7399a
44c73ccd
44c74000
44c74333
44c74666
44c7499a
44c74ccd
44c75000
44c75333
44c75666
44c7599a
44c75ccd
44c76000
44c76333
44c76666
44c7699a
44c76ccd
44c77000
44c77333
44c77666
44c7799a
44c77ccd
44c78000
44c78333
44c78666
44c7899a
44c78ccd
44c79000
44c79333
44c79666
44c7999a
44c79ccd
44c7a000
44c7a333
44c7a666
44c7a99a
44c7accd
44c7b000
44c7b333
44c7b666
44c7b99a
44c7bccd
44c7c000
44c7c333
44c7c666
44c7c99a
44c7cccd
44c7d000
44c7d333
44c7d666
44c7d99a
44c7dccd
44c7e000
44c7e333
44c7e666
44c7e99a
44c7eccd
44c7f000
44c7f333
44c7f666
44c7f99a
44c7fccd
44c80000
44c80333
44c80666
44c8099a
44c80ccd
44c81000
44c81333
44c81666
44c8199a
44c81ccd
44c82000
44c82333
44c82666
44c8299a
44c82ccd
44c83000
44c83333
44c83666
44c8399a
44c83ccd
44c84000
44c84333
44c84666
44c8499a
44c84ccd
44c85000
44c85333
44c85666
44c8599a
44c85ccd
44c86000
44c86333
44c86666
44c8699a
44c86ccd
44c87000
44c87333
44c87666
44c8799a
44c87ccd
44c88000
44c88333
44c88666
44c8899a
44c88ccd
44c89000
44c89333
44c89666
44c8999a
44c89ccd
44c8a000
44c8a333
44c8a666
44c8a99a
44c8accd
44c8b000
44c8b333
44c8b666
44c8b99a
44c8bccd
44c8c000
44c8c333
44c8c666
44c8c99a
44c8cccd
44c8d000
44c8d333
44c8d666
44c8d99a
44c8dccd
44c8e000
44c8e333
44c8e666
44c8e99a
44c8eccd
44c8f000
44c8f333
44c8f666
44c8f99a
44c8fccd
44c90000
44c90333
44c90666
44c9099a
44c90ccd
44c91000
44c91333
44c91666
44c9199a
44c91ccd
44c92000
44c92333
44c92666
44c9299a
44c92ccd
44c93000
44c93333
44c93666
44c9399a
44c93ccd
44c94000
44c94333
44c94666
44c9499a
44c94ccd
44c95000
44c95333
44c95666
44c9599a
44c95ccd
44c96000
44c96333
44c96666
44c9699a
44c96ccd
44c97000
44c97333
44c97666
44c9799a
44c97ccd
44c98000
44c98333
44c98666
44c9899a
44c98ccd
44c99000
44c99333
44c99666
44c9999a
44c99ccd
44c9a000
44c9a333
44c9a666
44c9a99a
44c9accd
44c9b000
44c9b333
44c9b666
44c9b99a
44c9bccd
44c9c000
44c9c333
44c9c666
44c9c99a
44c9cccd
44c9d000
44c9d333
44c9d666
44c9d99a
44c9dccd
44c9e000
44c9e333
44c9e666
44c9e99a
44c9eccd
44c9f000
44c9f333
44c9f666
44c9f99a
44c9fccd
44ca0000
44ca0333
44ca0666
44ca099a
44ca0ccd
44ca1000
44ca1333
44ca1666
44ca199a
44ca1ccd
44ca2000
44ca2333
44ca2666
44ca299a
44ca2ccd
44ca3000
44ca3333
44ca3666
44ca399a
44ca3ccd
44ca4000
44ca4333
44ca4666
44ca499a
44ca4ccd
44ca5000
44ca5333
44ca5666
44ca599a
44ca5ccd
44ca6000
44ca6333
44ca6666
44ca699a
44ca6ccd
44ca7000
44ca7333
44ca7666
44ca799a
44ca7ccd
44ca8000
44ca8333
44ca8666
44ca899a
44ca8ccd
44ca9000
44ca9333
44ca9666
44ca999a
44ca9ccd
44caa000
44caa333
44caa666
44caa99a
44caaccd
44cab000
44cab333
44cab666
44cab99a
44cabccd
44cac000
44cac333
44cac666
44cac99a
44cacccd
44cad000
44cad333
44cad666
44cad99a
44cadccd
44cae000
44cae333
44cae666
44cae99a
44caeccd
44caf000
44caf333
44caf666
44caf99a
44cafccd
44cb0000
44cb0333
44cb0666
44cb099a
44cb0ccd
44cb1000
44cb1333
44cb1666
44cb199a
44cb1ccd
44cb2000
44cb2333
44cb2666
44cb299a
44cb2ccd
44cb3000
44cb3333
44cb3666
44cb399a
44cb3ccd
44cb4000
44cb4333
44cb4666
44cb499a
44cb4ccd
44cb5000
44cb5333
44cb5666
44cb599a
44cb5ccd
44cb6000
44cb6333
44cb6666
44cb699a
44cb6ccd
44cb7000
44cb7333
44cb7666
44cb799a
44cb7ccd
44cb8000
44cb8333
44cb8666
44cb899a
44cb8ccd
44cb9000
44cb9333
44cb9666
44cb999a
44cb9ccd
44cba000
44cba333
44cba666
44cba99a
44cbaccd
44cbb000
44cbb333
44cbb666
44cbb99a
44cbbccd
44cbc000
44cbc333
44cbc666
44cbc99a
44cbcccd
44cbd000
44cbd333
44cbd666
44cbd99a
44cbdccd
44cbe000
44cbe333
44cbe666
44cbe99a
44cbeccd
44cbf000
44cbf333
44cbf666
44cbf99a
44cbfccd
44cc0000
44cc0333
44cc0666
44cc099a
44cc0ccd
44cc1000
44cc1333
44cc1666
44cc199a
44cc1ccd
44cc2000
44cc2333
44cc2666
44cc299a
44cc2ccd
44cc3000
44cc3333
44cc3666
44cc399a
44cc3ccd
44cc4000
44cc4333
44cc4666
44cc499a
44cc4ccd
44cc5000
44cc5333
44cc5666
44cc599a
44cc5ccd
44cc6000
44cc6333
44cc6666
44cc699a
44cc6ccd
44cc7000
44cc7333
44cc7666
44cc799a
44cc7ccd
44cc8000
44cc8333
44cc8666
44cc899a
44cc8ccd
44cc9000
44cc9333
44cc9666
44cc999a
44cc9ccd
44cca000
44cca333
44cca666
44cca99a
44ccaccd
44ccb000
44ccb333
44ccb666
44ccb99a
44ccbccd
44ccc000
44ccc333
44ccc666
44ccc99a
44cccccd
44ccd000
44ccd333
44ccd666
44ccd99a
44ccdccd
44cce000
44cce333
44cce666
44cce99a
44cceccd
44ccf000
44ccf333
44ccf666
44ccf99a
44ccfccd
44cd0000
44cd0333
44cd0666
44cd099a
44cd0ccd
44cd1000
44cd1333
44cd1666
44cd199a
44cd1ccd
44cd2000
44cd2333
44cd2666
44cd299a
44cd2ccd
44cd3000
44cd3333
44cd3666
44cd399a
44cd3ccd
44cd4000
44cd4333
44cd4666
44cd499a
44cd4ccd
44cd5000
44cd5333
44cd5666
44cd599a
44cd5ccd
44cd6000
44cd6333
44cd6666
44cd699a
44cd6ccd
44cd7000
44cd7333
44cd7666
44cd799a
44cd7ccd
44cd8000
44cd8333
44cd8666
44cd899a
44cd8ccd
44cd9000
44cd9333
44cd9666
44cd999a
44cd9ccd
44cda000
44cda333
44cda666
44cda99a
44cdaccd
44cdb000
44cdb333
44cdb666
44cdb99a
44cdbccd
44cdc000
44cdc333
44cdc666
44cdc99a
44cdcccd
44cdd000
44cdd333
44cdd666
44cdd99a
44cddccd
44cde000
44cde333
44cde666
44cde99a
44cdeccd
44cdf000
44cdf333
44cdf666
44cdf99a
44cdfccd
44ce0000
44ce0333
44ce0666
44ce099a
44ce0ccd
44ce1000
44ce1333
44ce1666
44ce199a
44ce1ccd
44ce2000
44ce2333
44ce2666
44ce299a
44ce2ccd
44ce3000
44ce3333
44ce3666
44ce399a
44ce3ccd
44ce4000
44ce4333
44ce4666
44ce499a
44ce4ccd
44ce5000
44ce5333
44ce5666
44ce599a
44ce5ccd
44ce6000
44ce6333
44ce6666
44ce699a
44ce6ccd
44ce7000
44ce7333
44ce7666
44ce799a
44ce7ccd
44ce8000
44ce8333
44ce8666
44ce899a
44ce8ccd
44ce9000
44ce9333
44ce9666
44ce999a
44ce9ccd
44cea000
44cea333
44cea666
44cea99a
44ceaccd
44ceb000
44ceb333
44ceb666
44ceb99a
44cebccd
44cec000
44cec333
44cec666
44cec99a
44cecccd
44ced000
44ced333
44ced666
44ced99a
44cedccd
44cee000
44cee333
44cee666
44cee99a
44ceeccd
44cef000
44cef333
44cef666
44cef99a
44cefccd
44cf0000
44cf0333
44cf0666
44cf099a
44cf0ccd
44cf1000
44cf1333
44cf1666
44cf199a
44cf1ccd
44cf2000
44cf2333
44cf2666
44cf299a
44cf2ccd
44cf3000
44cf3333
44cf3666
44cf399a
44cf3ccd
44cf4000
44cf4333
44cf4666
44cf499a
44cf4ccd
44cf5000
44cf5333
44cf5666
44cf599a
44cf5ccd
44cf6000
44cf6333
44cf6666
44cf699a
44cf6ccd
44cf7000
44cf7333
44cf7666
44cf799a
44cf7ccd
44cf8000
44cf8333
44cf8666
44cf899a
44cf8ccd
44cf9000
44cf9333
44cf9666
44cf999a
44cf9ccd
44cfa000
44cfa333
44cfa666
44cfa99a
44cfaccd
44cfb000
44cfb333
44cfb666
44cfb99a
44cfbccd
44cfc000
44cfc333
44cfc666
44cfc99a
44cfcccd
44cfd000
44cfd333
44cfd666
44cfd99a
44cfdccd
44cfe000
44cfe333
44cfe666
44cfe99a
44cfeccd
44cff000
44cff333
44cff666
44cff99a
44cffccd
44d00000
44d00333
44d00666
44d0099a
44d00ccd
44d01000
44d01333
44d01666
44d0199a
44d01ccd
44d02000
44d02333
44d02666
44d0299a
44d02ccd
44d03000
44d03333
44d03666
44d0399a
44d03ccd
44d04000
44d04333
44d04666
44d0499a
44d04ccd
44d05000
44d05333
44d05666
44d0599a
44d05ccd
44d06000
44d06333
44d06666
44d0699a
44d06ccd
44d07000
44d07333
44d07666
44d0799a
44d07ccd
44d08000
44d08333
44d08666
44d0899a
44d08ccd
44d09000
44d09333
44d09666
44d0999a
44d09ccd
44d0a000
44d0a333
44d0a666
44d0a99a
44d0accd
44d0b000
44d0b333
44d0b666
44d0b99a
44d0bccd
44d0c000
44d0c333
44d0c666
44d0c99a
44d0cccd
44d0d000
44d0d333
44d0d666
44d0d99a
44d0dccd
44d0e000
44d0e333
44d0e666
44d0e99a
44d0eccd
44d0f000
44d0f333
44d0f666
44d0f99a
44d0fccd
44d10000
44d10333
44d10666
44d1099a
44d10ccd
44d11000
44d11333
44d11666
44d1199a
44d11ccd
44d12000
44d12333
44d12666
44d1299a
44d12ccd
44d13000
44d13333
44d13666
44d1399a
44d13ccd
44d14000
44d14333
44d14666
44d1499a
44d14ccd
44d15000
44d15333
44d15666
44d1599a
44d15ccd
44d16000
44d16333
44d16666
44d1699a
44d16ccd
44d17000
44d17333
44d17666
44d1799a
44d17ccd
44d18000
44d18333
44d18666
44d1899a
44d18ccd
44d19000
44d19333
44d19666
44d1999a
44d19ccd
44d1a000
44d1a333
44d1a666
44d1a99a
44d1accd
44d1b000
44d1b333
44d1b666
44d1b99a
44d1bccd
44d1c000
44d1c333
44d1c666
44d1c99a
44d1cccd
44d1d000
44d1d333
44d1d666
44d1d99a
44d1dccd
44d1e000
44d1e333
44d1e666
44d1e99a
44d1eccd
44d1f000
44d1f333
44d1f666
44d1f99a
44d1fccd
44d20000
44d20333
44d20666
44d2099a
44d20ccd
44d21000
44d21333
44d21666
44d2199a
44d21ccd
44d22000
44d22333
44d22666
44d2299a
44d22ccd
44d23000
44d23333
44d23666
44d2399a
44d23ccd
44d24000
44d24333
44d24666
44d2499a
44d24ccd
44d25000
44d25333
44d25666
44d2599a
44d25ccd
44d26000
44d26333
44d26666
44d2699a
44d26ccd
44d27000
44d27333
44d27666
44d2799a
44d27ccd
44d28000
44d28333
44d28666
44d2899a
44d28ccd
44d29000
44d29333
44d29666
44d2999a
44d29ccd
44d2a000
44d2a333
44d2a666
44d2a99a
44d2accd
44d2b000
44d2b333
44d2b666
44d2b99a
44d2bccd
44d2c000
44d2c333
44d2c666
44d2c99a
44d2cccd
44d2d000
44d2d333
44d2d666
44d2d99a
44d2dccd
44d2e000
44d2e333
44d2e666
44d2e99a
44d2eccd
44d2f000
44d2f333
44d2f666
44d2f99a
44d2fccd
44d30000
44d30333
44d30666
44d3099a
44d30ccd
44d31000
44d31333
44d31666
44d3199a
44d31ccd
44d32000
44d32333
44d32666
44d3299a
44d32ccd
44d33000
44d33333
44d33666
44d3399a
44d33ccd
44d34000
44d34333
44d34666
44d3499a
44d34ccd
44d35000
44d35333
44d35666
44d3599a
44d35ccd
44d36000
44d36333
44d36666
44d3699a
44d36ccd
44d37000
44d37333
44d37666
44d3799a
44d37ccd
44d38000
44d38333
44d38666
44d3899a
44d38ccd
44d39000
44d39333
44d39666
44d3999a
44d39ccd
44d3a000
44d3a333
44d3a666
44d3a99a
44d3accd
44d3b000
44d3b333
44d3b666
44d3b99a
44d3bccd
44d3c000
44d3c333
44d3c666
44d3c99a
44d3cccd
44d3d000
44d3d333
44d3d666
44d3d99a
44d3dccd
44d3e000
44d3e333
44d3e666
44d3e99a
44d3eccd
44d3f000
44d3f333
44d3f666
44d3f99a
44d3fccd
44d40000
44d40333
44d40666
44d4099a
44d40ccd
44d41000
44d41333
44d41666
44d4199a
44d41ccd
44d42000
44d42333
44d42666
44d4299a
44d42ccd
44d43000
44d43333
44d43666
44d4399a
44d43ccd
44d44000
44d44333
44d44666
44d4499a
44d44ccd
44d45000
44d45333
44d45666
44d4599a
44d45ccd
44d46000
44d46333
44d46666
44d4699a
44d46ccd
44d47000
44d47333
44d47666
44d4799a
44d47ccd
44d48000
44d48333
44d48666
44d4899a
44d48ccd
44d49000
44d49333
44d49666
44d4999a
44d49ccd
44d4a000
44d4a333
44d4a666
44d4a99a
44d4accd
44d4b000
44d4b333
44d4b666
44d4b99a
44d4bccd
44d4c000
44d4c333
44d4c666
44d4c99a
44d4cccd
44d4d000
44d4d333
44d4d666
44d4d99a
44d4dccd
44d4e000
44d4e333
44d4e666
44d4e99a
44d4eccd
44d4f000
44d4f333
44d4f666
44d4f99a
44d4fccd
44d50000
44d50333
44d50666
44d5099a
44d50ccd
44d51000
44d51333
44d51666
44d5199a
44d51ccd
44d52000
44d52333
44d52666
44d5299a
44d52ccd
44d53000
44d53333
44d53666
44d5399a
44d53ccd
44d54000
44d54333
44d54666
44d5499a
44d54ccd
44d55000
44d55333
44d55666
44d5599a
44d55ccd
44d56000
44d56333
44d56666
44d5699a
44d56ccd
44d57000
44d57333
44d57666
44d5799a
44d57ccd
44d58000
44d58333
44d58666
44d5899a
44d58ccd
44d59000
44d59333
44d59666
44d5999a
44d59ccd
44d5a000
44d5a333
44d5a666
44d5a99a
44d5accd
44d5b000
44d5b333
44d5b666
44d5b99a
44d5bccd
44d5c000
44d5c333
44d5c666
44d5c99a
44d5cccd
44d5d000
44d5d333
44d5d666
44d5d99a
44d5dccd
44d5e000
44d5e333
44d5e666
44d5e99a
44d5eccd
44d5f000
44d5f333
44d5f666
44d5f99a
44d5fccd
44d60000
44d60333
44d60666
44d6099a
44d60ccd
44d61000
44d61333
44d61666
44d6199a
44d61ccd
44d62000
44d62333
44d62666
44d6299a
44d62ccd
44d63000
44d63333
44d63666
44d6399a
44d63ccd
44d64000
44d64333
44d64666
44d6499a
44d64ccd
44d65000
44d65333
44d65666
44d6599a
44d65ccd
44d66000
44d66333
44d66666
44d6699a
44d66ccd
44d67000
44d67333
44d67666
44d6799a
44d67ccd
44d68000
44d68333
44d68666
44d6899a
44d68ccd
44d69000
44d69333
44d69666
44d6999a
44d69ccd
44d6a000
44d6a333
44d6a666
44d6a99a
44d6accd
44d6b000
44d6b333
44d6b666
44d6b99a
44d6bccd
44d6c000
44d6c333
44d6c666
44d6c99a
44d6cccd
44d6d000
44d6d333
44d6d666
44d6d99a
44d6dccd
44d6e000
44d6e333
44d6e666
44d6e99a
44d6eccd
44d6f000
44d6f333
44d6f666
44d6f99a
44d6fccd
44d70000
44d70333
44d70666
44d7099a
44d70ccd
44d71000
44d71333
44d71666
44d7199a
44d71ccd
44d72000
44d72333
44d72666
44d7299a
44d72ccd
44d73000
44d73333
44d73666
44d7399a
44d73ccd
44d74000
44d74333
44d74666
44d7499a
44d74ccd
44d75000
44d75333
44d75666
44d7599a
44d75ccd
44d76000
44d76333
44d76666
44d7699a
44d76ccd
44d77000
44d77333
44d77666
44d7799a
44d77ccd
44d78000
44d78333
44d78666
44d7899a
44d78ccd
44d79000
44d79333
44d79666
44d7999a
44d79ccd
44d7a000
44d7a333
44d7a666
44d7a99a
44d7accd
44d7b000
44d7b333
44d7b666
44d7b99a
44d7bccd
44d7c000
44d7c333
44d7c666
44d7c99a
44d7cccd
44d7d000
44d7d333
44d7d666
44d7d99a
44d7dccd
44d7e000
44d7e333
44d7e666
44d7e99a
44d7eccd
44d7f000
44d7f333
44d7f666
44d7f99a
44d7fccd
44d80000
44d80333
44d80666
44d8099a
44d80ccd
44d81000
44d81333
44d81666
44d8199a
44d81ccd
44d82000
44d82333
44d82666
44d8299a
44d82ccd
44d83000
44d83333
44d83666
44d8399a
44d83ccd
44d84000
44d84333
44d84666
44d8499a
44d84ccd
44d85000
44d85333
44d85666
44d8599a
44d85ccd
44d86000
44d86333
44d86666
44d8699a
44d86ccd
44d87000
44d87333
44d87666
44d8799a
44d87ccd
44d88000
44d88333
44d88666
44d8899a
44d88ccd
44d89000
44d89333
44d89666
44d8999a
44d89ccd
44d8a000
44d8a333
44d8a666
44d8a99a
44d8accd
44d8b000
44d8b333
44d8b666
44d8b99a
44d8bccd
44d8c000
44d8c333
44d8c666
44d8c99a
44d8cccd
44d8d000
44d8d333
44d8d666
44d8d99a
44d8dccd
44d8e000
44d8e333
44d8e666
44d8e99a
44d8eccd
44d8f000
44d8f333
44d8f666
44d8f99a
44d8fccd
44d90000
44d90333
44d90666
44d9099a
44d90ccd
44d91000
44d91333
44d91666
44d9199a
44d91ccd
44d92000
44d92333
44d92666
44d9299a
44d92ccd
44d93000
44d93333
44d93666
44d9399a
44d93ccd
44d94000
44d94333
44d94666
44d9499a
44d94ccd
44d95000
44d95333
44d95666
44d9599a
44d95ccd
44d96000
44d96333
44d96666
44d9699a
44d96ccd
44d97000
44d97333
44d97666
44d9799a
44d97ccd
44d98000
44d98333
44d98666
44d9899a
44d98ccd
44d99000
44d99333
44d99666
44d9999a
44d99ccd
44d9a000
44d9a333
44d9a666
44d9a99a
44d9accd
44d9b000
44d9b333
44d9b666
44d9b99a
44d9bccd
44d9c000
44d9c333
44d9c666
44d9c99a
44d9cccd
44d9d000
44d9d333
44d9d666
44d9d99a
44d9dccd
44d9e000
44d9e333
44d9e666
44d9e99a
44d9eccd
44d9f000
44d9f333
44d9f666
44d9f99a
44d9fccd
44da0000
44da0333
44da0666
44da099a
44da0ccd
44da1000
44da1333
44da1666
44da199a
44da1ccd
44da2000
44da2333
44da2666
44da299a
44da2ccd
44da3000
44da3333
44da3666
44da399a
44da3ccd
44da4000
44da4333
44da4666
44da499a
44da4ccd
44da5000
44da5333
44da5666
44da599a
44da5ccd
44da6000
44da6333
44da6666
44da699a
44da6ccd
44da7000
44da7333
44da7666
44da799a
44da7ccd
44da8000
44da8333
44da8666
44da899a
44da8ccd
44da9000
44da9333
44da9666
44da999a
44da9ccd
44daa000
44daa333
44daa666
44daa99a
44daaccd
44dab000
44dab333
44dab666
44dab99a
44dabccd
44dac000
44dac333
44dac666
44dac99a
44dacccd
44dad000
44dad333
44dad666
44dad99a
44dadccd
44dae000
44dae333
44dae666
44dae99a
44daeccd
44daf000
44daf333
44daf666
44daf99a
44dafccd
44db0000
44db0333
44db0666
44db099a
44db0ccd
44db1000
44db1333
44db1666
44db199a
44db1ccd
44db2000
44db2333
44db2666
44db299a
44db2ccd
44db3000
44db3333
44db3666
44db399a
44db3ccd
44db4000
44db4333
44db4666
44db499a
44db4ccd
44db5000
44db5333
44db5666
44db599a
44db5ccd
44db6000
44db6333
44db6666
44db699a
44db6ccd
44db7000
44db7333
44db7666
44db799a
44db7ccd
44db8000
44db8333
44db8666
44db899a
44db8ccd
44db9000
44db9333
44db9666
44db999a
44db9ccd
44dba000
44dba333
44dba666
44dba99a
44dbaccd
44dbb000
44dbb333
44dbb666
44dbb99a
44dbbccd
44dbc000
44dbc333
44dbc666
44dbc99a
44dbcccd
44dbd000
44dbd333
44dbd666
44dbd99a
44dbdccd
44dbe000
44dbe333
44dbe666
44dbe99a
44dbeccd
44dbf000
44dbf333
44dbf666
44dbf99a
44dbfccd
44dc0000
44dc0333
44dc0666
44dc099a
44dc0ccd
44dc1000
44dc1333
44dc1666
44dc199a
44dc1ccd
44dc2000
44dc2333
44dc2666
44dc299a
44dc2ccd
44dc3000
44dc3333
44dc3666
44dc399a
44dc3ccd
44dc4000
44dc4333
44dc4666
44dc499a
44dc4ccd
44dc5000
44dc5333
44dc5666
44dc599a
44dc5ccd
44dc6000
44dc6333
44dc6666
44dc699a
44dc6ccd
44dc7000
44dc7333
44dc7666
44dc799a
44dc7ccd
44dc8000
44dc8333
44dc8666
44dc899a
44dc8ccd
44dc9000
44dc9333
44dc9666
44dc999a
44dc9ccd
44dca000
44dca333
44dca666
44dca99a
44dcaccd
44dcb000
44dcb333
44dcb666
44dcb99a
44dcbccd
44dcc000
44dcc333
44dcc666
44dcc99a
44dccccd
44dcd000
44dcd333
44dcd666
44dcd99a
44dcdccd
44dce000
44dce333
44dce666
44dce99a
44dceccd
44dcf000
44dcf333
44dcf666
44dcf99a
44dcfccd
44dd0000
44dd0333
44dd0666
44dd099a
44dd0ccd
44dd1000
44dd1333
44dd1666
44dd199a
44dd1ccd
44dd2000
44dd2333
44dd2666
44dd299a
44dd2ccd
44dd3000
44dd3333
44dd3666
44dd399a
44dd3ccd
44dd4000
44dd4333
44dd4666
44dd499a
44dd4ccd
44dd5000
44dd5333
44dd5666
44dd599a
44dd5ccd
44dd6000
44dd6333
44dd6666
44dd699a
44dd6ccd
44dd7000
44dd7333
44dd7666
44dd799a
44dd7ccd
44dd8000
44dd8333
44dd8666
44dd899a
44dd8ccd
44dd9000
44dd9333
44dd9666
44dd999a
44dd9ccd
44dda000
44dda333
44dda666
44dda99a
44ddaccd
44ddb000
44ddb333
44ddb666
44ddb99a
44ddbccd
44ddc000
44ddc333
44ddc666
44ddc99a
44ddcccd
44ddd000
44ddd333
44ddd666
44ddd99a
44dddccd
44dde000
44dde333
44dde666
44dde99a
44ddeccd
44ddf000
44ddf333
44ddf666
44ddf99a
44ddfccd
44de0000
44de0333
44de0666
44de099a
44de0ccd
44de1000
44de1333
44de1666
44de199a
44de1ccd
44de2000
44de2333
44de2666
44de299a
44de2ccd
44de3000
44de3333
44de3666
44de399a
44de3ccd
44de4000
44de4333
44de4666
44de499a
44de4ccd
44de5000
44de5333
44de5666
44de599a
44de5ccd
44de6000
44de6333
44de6666
44de699a
44de6ccd
44de7000
44de7333
44de7666
44de799a
44de7ccd
44de8000
44de8333
44de8666
44de899a
44de8ccd
44de9000
44de9333
44de9666
44de999a
44de9ccd
44dea000
44dea333
44dea666
44dea99a
44deaccd
44deb000
44deb333
44deb666
44deb99a
44debccd
44dec000
44dec333
44dec666
44dec99a
44decccd
44ded000
44ded333
44ded666
44ded99a
44dedccd
44dee000
44dee333
44dee666
44dee99a
44deeccd
44def000
44def333
44def666
44def99a
44defccd
44df0000
44df0333
44df0666
44df099a
44df0ccd
44df1000
44df1333
44df1666
44df199a
44df1ccd
44df2000
44df2333
44df2666
44df299a
44df2ccd
44df3000
44df3333
44df3666
44df399a
44df3ccd
44df4000
44df4333
44df4666
44df499a
44df4ccd
44df5000
44df5333
44df5666
44df599a
44df5ccd
44df6000
44df6333
44df6666
44df699a
44df6ccd
44df7000
44df7333
44df7666
44df799a
44df7ccd
44df8000
44df8333
44df8666
44df899a
44df8ccd
44df9000
44df9333
44df9666
44df999a
44df9ccd
44dfa000
44dfa333
44dfa666
44dfa99a
44dfaccd
44dfb000
44dfb333
44dfb666
44dfb99a
44dfbccd
44dfc000
44dfc333
44dfc666
44dfc99a
44dfcccd
44dfd000
44dfd333
44dfd666
44dfd99a
44dfdccd
44dfe000
44dfe333
44dfe666
44dfe99a
44dfeccd
44dff000
44dff333
44dff666
44dff99a
44dffccd
44e00000
44e00333
44e00666
44e0099a
44e00ccd
44e01000
44e01333
44e01666
44e0199a
44e01ccd
44e02000
44e02333
44e02666
44e0299a
44e02ccd
44e03000
44e03333
44e03666
44e0399a
44e03ccd
44e04000
44e04333
44e04666
44e0499a
44e04ccd
44e05000
44e05333
44e05666
44e0599a
44e05ccd
44e06000
44e06333
44e06666
44e0699a
44e06ccd
44e07000
44e07333
44e07666
44e0799a
44e07ccd
44e08000
44e08333
44e08666
44e0899a
44e08ccd
44e09000
44e09333
44e09666
44e0999a
44e09ccd
44e0a000
44e0a333
44e0a666
44e0a99a
44e0accd
44e0b000
44e0b333
44e0b666
44e0b99a
44e0bccd
44e0c000
44e0c333
44e0c666
44e0c99a
44e0cccd
44e0d000
44e0d333
44e0d666
44e0d99a
44e0dccd
44e0e000
44e0e333
44e0e666
44e0e99a
44e0eccd
44e0f000
44e0f333
44e0f666
44e0f99a
44e0fccd
44e10000
44e10333
44e10666
44e1099a
44e10ccd
44e11000
44e11333
44e11666
44e1199a
44e11ccd
44e12000
44e12333
44e12666
44e1299a
44e12ccd
44e13000
44e13333
44e13666
44e1399a
44e13ccd
44e14000
44e14333
44e14666
44e1499a
44e14ccd
44e15000
44e15333
44e15666
44e1599a
44e15ccd
44e16000
44e16333
44e16666
44e1699a
44e16ccd
44e17000
44e17333
44e17666
44e1799a
44e17ccd
44e18000
44e18333
44e18666
44e1899a
44e18ccd
44e19000
44e19333
44e19666
44e1999a
44e19ccd
44e1a000
44e1a333
44e1a666
44e1a99a
44e1accd
44e1b000
44e1b333
44e1b666
44e1b99a
44e1bccd
44e1c000
44e1c333
44e1c666
44e1c99a
44e1cccd
44e1d000
44e1d333
44e1d666
44e1d99a
44e1dccd
44e1e000
44e1e333
44e1e666
44e1e99a
44e1eccd
44e1f000
44e1f333
44e1f666
44e1f99a
44e1fccd
44e20000
44e20333
44e20666
44e2099a
44e20ccd
44e21000
44e21333
44e21666
44e2199a
44e21ccd
44e22000
44e22333
44e22666
44e2299a
44e22ccd
44e23000
44e23333
44e23666
44e2399a
44e23ccd
44e24000
44e24333
44e24666
44e2499a
44e24ccd
44e25000
44e25333
44e25666
44e2599a
44e25ccd
44e26000
44e26333
44e26666
44e2699a
44e26ccd
44e27000
44e27333
44e27666
44e2799a
44e27ccd
44e28000
44e28333
44e28666
44e2899a
44e28ccd
44e29000
44e29333
44e29666
44e2999a
44e29ccd
44e2a000
44e2a333
44e2a666
44e2a99a
44e2accd
44e2b000
44e2b333
44e2b666
44e2b99a
44e2bccd
44e2c000
44e2c333
44e2c666
44e2c99a
44e2cccd
44e2d000
44e2d333
44e2d666
44e2d99a
44e2dccd
44e2e000
44e2e333
44e2e666
44e2e99a
44e2eccd
44e2f000
44e2f333
44e2f666
44e2f99a
44e2fccd
44e30000
44e30333
44e30666
44e3099a
44e30ccd
44e31000
44e31333
44e31666
44e3199a
44e31ccd
44e32000
44e32333
44e32666
44e3299a
44e32ccd
44e33000
44e33333
44e33666
44e3399a
44e33ccd
44e34000
44e34333
44e34666
44e3499a
44e34ccd
44e35000
44e35333
44e35666
44e3599a
44e35ccd
44e36000
44e36333
44e36666
44e3699a
44e36ccd
44e37000
44e37333
44e37666
44e3799a
44e37ccd
44e38000
44e38333
44e38666
44e3899a
44e38ccd
44e39000
44e39333
44e39666
44e3999a
44e39ccd
44e3a000
44e3a333
44e3a666
44e3a99a
44e3accd
44e3b000
44e3b333
44e3b666
44e3b99a
44e3bccd
44e3c000
44e3c333
44e3c666
44e3c99a
44e3cccd
44e3d000
44e3d333
44e3d666
44e3d99a
44e3dccd
44e3e000
44e3e333
44e3e666
44e3e99a
44e3eccd
44e3f000
44e3f333
44e3f666
44e3f99a
44e3fccd
44e40000
44e40333
44e40666
44e4099a
44e40ccd
44e41000
44e41333
44e41666
44e4199a
44e41ccd
44e42000
44e42333
44e42666
44e4299a
44e42ccd
44e43000
44e43333
44e43666
44e4399a
44e43ccd
44e44000
44e44333
44e44666
44e4499a
44e44ccd
44e45000
44e45333
44e45666
44e4599a
44e45ccd
44e46000
44e46333
44e46666
44e4699a
44e46ccd
44e47000
44e47333
44e47666
44e4799a
44e47ccd
44e48000
44e48333
44e48666
44e4899a
44e48ccd
44e49000
44e49333
44e49666
44e4999a
44e49ccd
44e4a000
44e4a333
44e4a666
44e4a99a
44e4accd
44e4b000
44e4b333
44e4b666
44e4b99a
44e4bccd
44e4c000
44e4c333
44e4c666
44e4c99a
44e4cccd
44e4d000
44e4d333
44e4d666
44e4d99a
44e4dccd
44e4e000
44e4e333
44e4e666
44e4e99a
44e4eccd
44e4f000
44e4f333
44e4f666
44e4f99a
44e4fccd
44e50000
44e50333
44e50666
44e5099a
44e50ccd
44e51000
44e51333
44e51666
44e5199a
44e51ccd
44e52000
44e52333
44e52666
44e5299a
44e52ccd
44e53000
44e53333
44e53666
44e5399a
44e53ccd
44e54000
44e54333
44e54666
44e5499a
44e54ccd
44e55000
44e55333
44e55666
44e5599a
44e55ccd
44e56000
44e56333
44e56666
44e5699a
44e56ccd
44e57000
44e57333
44e57666
44e5799a
44e57ccd
44e58000
44e58333
44e58666
44e5899a
44e58ccd
44e59000
44e59333
44e59666
44e5999a
44e59ccd
44e5a000
44e5a333
44e5a666
44e5a99a
44e5accd
44e5b000
44e5b333
44e5b666
44e5b99a
44e5bccd
44e5c000
44e5c333
44e5c666
44e5c99a
44e5cccd
44e5d000
44e5d333
44e5d666
44e5d99a
44e5dccd
44e5e000
44e5e333
44e5e666
44e5e99a
44e5eccd
44e5f000
44e5f333
44e5f666
44e5f99a
44e5fccd
44e60000
44e60333
44e60666
44e6099a
44e60ccd
44e61000
44e61333
44e61666
44e6199a
44e61ccd
44e62000
44e62333
44e62666
44e6299a
44e62ccd
44e63000
44e63333
44e63666
44e6399a
44e63ccd
44e64000
44e64333
44e64666
44e6499a
44e64ccd
44e65000
44e65333
44e65666
44e6599a
44e65ccd
44e66000
44e66333
44e66666
44e6699a
44e66ccd
44e67000
44e67333
44e67666
44e6799a
44e67ccd
44e68000
44e68333
44e68666
44e6899a
44e68ccd
44e69000
44e69333
44e69666
44e6999a
44e69ccd
44e6a000
44e6a333
44e6a666
44e6a99a
44e6accd
44e6b000
44e6b333
44e6b666
44e6b99a
44e6bccd
44e6c000
44e6c333
44e6c666
44e6c99a
44e6cccd
44e6d000
44e6d333
44e6d666
44e6d99a
44e6dccd
44e6e000
44e6e333
44e6e666
44e6e99a
44e6eccd
44e6f000
44e6f333
44e6f666
44e6f99a
44e6fccd
44e70000
44e70333
44e70666
44e7099a
44e70ccd
44e71000
44e71333
44e71666
44e7199a
44e71ccd
44e72000
44e72333
44e72666
44e7299a
44e72ccd
44e73000
44e73333
44e73666
44e7399a
44e73ccd
44e74000
44e74333
44e74666
44e7499a
44e74ccd
44e75000
44e75333
44e75666
44e7599a
44e75ccd
44e76000
44e76333
44e76666
44e7699a
44e76ccd
44e77000
44e77333
44e77666
44e7799a
44e77ccd
44e78000
44e78333
44e78666
44e7899a
44e78ccd
44e79000
44e79333
44e79666
44e7999a
44e79ccd
44e7a000
44e7a333
44e7a666
44e7a99a
44e7accd
44e7b000
44e7b333
44e7b666
44e7b99a
44e7bccd
44e7c000
44e7c333
44e7c666
44e7c99a
44e7cccd
44e7d000
44e7d333
44e7d666
44e7d99a
44e7dccd
44e7e000
44e7e333
44e7e666
44e7e99a
44e7eccd
44e7f000
44e7f333
44e7f666
44e7f99a
44e7fccd
44e80000
44e80333
44e80666
44e8099a
44e80ccd
44e81000
44e81333
44e81666
44e8199a
44e81ccd
44e82000
44e82333
44e82666
44e8299a
44e82ccd
44e83000
44e83333
44e83666
44e8399a
44e83ccd
44e84000
44e84333
44e84666
44e8499a
44e84ccd
44e85000
44e85333
44e85666
44e8599a
44e85ccd
44e86000
44e86333
44e86666
44e8699a
44e86ccd
44e87000
44e87333
44e87666
44e8799a
44e87ccd
44e88000
44e88333
44e88666
44e8899a
44e88ccd
44e89000
44e89333
44e89666
44e8999a
44e89ccd
44e8a000
44e8a333
44e8a666
44e8a99a
44e8accd
44e8b000
44e8b333
44e8b666
44e8b99a
44e8bccd
44e8c000
44e8c333
44e8c666
44e8c99a
44e8cccd
44e8d000
44e8d333
44e8d666
44e8d99a
44e8dccd
44e8e000
44e8e333
44e8e666
44e8e99a
44e8eccd
44e8f000
44e8f333
44e8f666
44e8f99a
44e8fccd
44e90000
44e90333
44e90666
44e9099a
44e90ccd
44e91000
44e91333
44e91666
44e9199a
44e91ccd
44e92000
44e92333
44e92666
44e9299a
44e92ccd
44e93000
44e93333
44e93666
44e9399a
44e93ccd
44e94000
44e94333
44e94666
44e9499a
44e94ccd
44e95000
44e95333
44e95666
44e9599a
44e95ccd
44e96000
44e96333
44e96666
44e9699a
44e96ccd
44e97000
44e97333
44e97666
44e9799a
44e97ccd
44e98000
44e98333
44e98666
44e9899a
44e98ccd
44e99000
44e99333
44e99666
44e9999a
44e99ccd
44e9a000
44e9a333
44e9a666
44e9a99a
44e9accd
44e9b000
44e9b333
44e9b666
44e9b99a
44e9bccd
44e9c000
44e9c333
44e9c666
44e9c99a
44e9cccd
44e9d000
44e9d333
44e9d666
44e9d99a
44e9dccd
44e9e000
44e9e333
44e9e666
44e9e99a
44e9eccd
44e9f000
44e9f333
44e9f666
44e9f99a
44e9fccd
44ea0000
44ea0333
44ea0666
44ea099a
44ea0ccd
44ea1000
44ea1333
44ea1666
44ea199a
44ea1ccd
44ea2000
44ea2333
44ea2666
44ea299a
44ea2ccd
44ea3000
44ea3333
44ea3666
44ea399a
44ea3ccd
44ea4000
44ea4333
44ea4666
44ea499a
44ea4ccd
44ea5000
44ea5333
44ea5666
44ea599a
44ea5ccd
44ea6000
44ea6333
44ea6666
44ea699a
44ea6ccd
44ea7000
44ea7333
44ea7666
44ea799a
44ea7ccd
44ea8000
44ea8333
44ea8666
44ea899a
44ea8ccd
44ea9000
44ea9333
44ea9666
44ea999a
44ea9ccd
44eaa000
44eaa333
44eaa666
44eaa99a
44eaaccd
44eab000
44eab333
44eab666
44eab99a
44eabccd
44eac000
44eac333
44eac666
44eac99a
44eacccd
44ead000
44ead333
44ead666
44ead99a
44eadccd
44eae000
44eae333
44eae666
44eae99a
44eaeccd
44eaf000
44eaf333
44eaf666
44eaf99a
44eafccd
44eb0000
44eb0333
44eb0666
44eb099a
44eb0ccd
44eb1000
44eb1333
44eb1666
44eb199a
44eb1ccd
44eb2000
44eb2333
44eb2666
44eb299a
44eb2ccd
44eb3000
44eb3333
44eb3666
44eb399a
44eb3ccd
44eb4000
44eb4333
44eb4666
44eb499a
44eb4ccd
44eb5000
44eb5333
44eb5666
44eb599a
44eb5ccd
44eb6000
44eb6333
44eb6666
44eb699a
44eb6ccd
44eb7000
44eb7333
44eb7666
44eb799a
44eb7ccd
44eb8000
44eb8333
44eb8666
44eb899a
44eb8ccd
44eb9000
44eb9333
44eb9666
44eb999a
44eb9ccd
44eba000
44eba333
44eba666
44eba99a
44ebaccd
44ebb000
44ebb333
44ebb666
44ebb99a
44ebbccd
44ebc000
44ebc333
44ebc666
44ebc99a
44ebcccd
44ebd000
44ebd333
44ebd666
44ebd99a
44ebdccd
44ebe000
44ebe333
44ebe666
44ebe99a
44ebeccd
44ebf000
44ebf333
44ebf666
44ebf99a
44ebfccd
44ec0000
44ec0333
44ec0666
44ec099a
44ec0ccd
44ec1000
44ec1333
44ec1666
44ec199a
44ec1ccd
44ec2000
44ec2333
44ec2666
44ec299a
44ec2ccd
44ec3000
44ec3333
44ec3666
44ec399a
44ec3ccd
44ec4000
44ec4333
44ec4666
44ec499a
44ec4ccd
44ec5000
44ec5333
44ec5666
44ec599a
44ec5ccd
44ec6000
44ec6333
44ec6666
44ec699a
44ec6ccd
44ec7000
44ec7333
44ec7666
44ec799a
44ec7ccd
44ec8000
44ec8333
44ec8666
44ec899a
44ec8ccd
44ec9000
44ec9333
44ec9666
44ec999a
44ec9ccd
44eca000
44eca333
44eca666
44eca99a
44ecaccd
44ecb000
44ecb333
44ecb666
44ecb99a
44ecbccd
44ecc000
44ecc333
44ecc666
44ecc99a
44eccccd
44ecd000
44ecd333
44ecd666
44ecd99a
44ecdccd
44ece000
44ece333
44ece666
44ece99a
44ececcd
44ecf000
44ecf333
44ecf666
44ecf99a
44ecfccd
44ed0000
44ed0333
44ed0666
44ed099a
44ed0ccd
44ed1000
44ed1333
44ed1666
44ed199a
44ed1ccd
44ed2000
44ed2333
44ed2666
44ed299a
44ed2ccd
44ed3000
44ed3333
44ed3666
44ed399a
44ed3ccd
44ed4000
44ed4333
44ed4666
44ed499a
44ed4ccd
44ed5000
44ed5333
44ed5666
44ed599a
44ed5ccd
44ed6000
44ed6333
44ed6666
44ed699a
44ed6ccd
44ed7000
44ed7333
44ed7666
44ed799a
44ed7ccd
44ed8000
44ed8333
44ed8666
44ed899a
44ed8ccd
44ed9000
44ed9333
44ed9666
44ed999a
44ed9ccd
44eda000
44eda333
44eda666
44eda99a
44edaccd
44edb000
44edb333
44edb666
44edb99a
44edbccd
44edc000
44edc333
44edc666
44edc99a
44edcccd
44edd000
44edd333
44edd666
44edd99a
44eddccd
44ede000
44ede333
44ede666
44ede99a
44edeccd
44edf000
44edf333
44edf666
44edf99a
44edfccd
44ee0000
44ee0333
44ee0666
44ee099a
44ee0ccd
44ee1000
44ee1333
44ee1666
44ee199a
44ee1ccd
44ee2000
44ee2333
44ee2666
44ee299a
44ee2ccd
44ee3000
44ee3333
44ee3666
44ee399a
44ee3ccd
44ee4000
44ee4333
44ee4666
44ee499a
44ee4ccd
44ee5000
44ee5333
44ee5666
44ee599a
44ee5ccd
44ee6000
44ee6333
44ee6666
44ee699a
44ee6ccd
44ee7000
44ee7333
44ee7666
44ee799a
44ee7ccd
44ee8000
44ee8333
44ee8666
44ee899a
44ee8ccd
44ee9000
44ee9333
44ee9666
44ee999a
44ee9ccd
44eea000
44eea333
44eea666
44eea99a
44eeaccd
44eeb000
44eeb333
44eeb666
44eeb99a
44eebccd
44eec000
44eec333
44eec666
44eec99a
44eecccd
44eed000
44eed333
44eed666
44eed99a
44eedccd
44eee000
44eee333
44eee666
44eee99a
44eeeccd
44eef000
44eef333
44eef666
44eef99a
44eefccd
44ef0000
44ef0333
44ef0666
44ef099a
44ef0ccd
44ef1000
44ef1333
44ef1666
44ef199a
44ef1ccd
44ef2000
44ef2333
44ef2666
44ef299a
44ef2ccd
44ef3000
44ef3333
44ef3666
44ef399a
44ef3ccd
44ef4000
44ef4333
44ef4666
44ef499a
44ef4ccd
44ef5000
44ef5333
44ef5666
44ef599a
44ef5ccd
44ef6000
44ef6333
44ef6666
44ef699a
44ef6ccd
44ef7000
44ef7333
44ef7666
44ef799a
44ef7ccd
44ef8000
44ef8333
44ef8666
44ef899a
44ef8ccd
44ef9000
44ef9333
44ef9666
44ef999a
44ef9ccd
44efa000
44efa333
44efa666
44efa99a
44efaccd
44efb000
44efb333
44efb666
44efb99a
44efbccd
44efc000
44efc333
44efc666
44efc99a
44efcccd
44efd000
44efd333
44efd666
44efd99a
44efdccd
44efe000
44efe333
44efe666
44efe99a
44efeccd
44eff000
44eff333
44eff666
44eff99a
44effccd
44f00000
44f00333
44f00666
44f0099a
44f00ccd
44f01000
44f01333
44f01666
44f0199a
44f01ccd
44f02000
44f02333
44f02666
44f0299a
44f02ccd
44f03000
44f03333
44f03666
44f0399a
44f03ccd
44f04000
44f04333
44f04666
44f0499a
44f04ccd
44f05000
44f05333
44f05666
44f0599a
44f05ccd
44f06000
44f06333
44f06666
44f0699a
44f06ccd
44f07000
44f07333
44f07666
44f0799a
44f07ccd
44f08000
44f08333
44f08666
44f0899a
44f08ccd
44f09000
44f09333
44f09666
44f0999a
44f09ccd
44f0a000
44f0a333
44f0a666
44f0a99a
44f0accd
44f0b000
44f0b333
44f0b666
44f0b99a
44f0bccd
44f0c000
44f0c333
44f0c666
44f0c99a
44f0cccd
44f0d000
44f0d333
44f0d666
44f0d99a
44f0dccd
44f0e000
44f0e333
44f0e666
44f0e99a
44f0eccd
44f0f000
44f0f333
44f0f666
44f0f99a
44f0fccd
44f10000
44f10333
44f10666
44f1099a
44f10ccd
44f11000
44f11333
44f11666
44f1199a
44f11ccd
44f12000
44f12333
44f12666
44f1299a
44f12ccd
44f13000
44f13333
44f13666
44f1399a
44f13ccd
44f14000
44f14333
44f14666
44f1499a
44f14ccd
44f15000
44f15333
44f15666
44f1599a
44f15ccd
44f16000
44f16333
44f16666
44f1699a
44f16ccd
44f17000
44f17333
44f17666
44f1799a
44f17ccd
44f18000
44f18333
44f18666
44f1899a
44f18ccd
44f19000
44f19333
44f19666
44f1999a
44f19ccd
44f1a000
44f1a333
44f1a666
44f1a99a
44f1accd
44f1b000
44f1b333
44f1b666
44f1b99a
44f1bccd
44f1c000
44f1c333
44f1c666
44f1c99a
44f1cccd
44f1d000
44f1d333
44f1d666
44f1d99a
44f1dccd
44f1e000
44f1e333
44f1e666
44f1e99a
44f1eccd
44f1f000
44f1f333
44f1f666
44f1f99a
44f1fccd
44f20000
44f20333
44f20666
44f2099a
44f20ccd
44f21000
44f21333
44f21666
44f2199a
44f21ccd
44f22000
44f22333
44f22666
44f2299a
44f22ccd
44f23000
44f23333
44f23666
44f2399a
44f23ccd
44f24000
44f24333
44f24666
44f2499a
44f24ccd
44f25000
44f25333
44f25666
44f2599a
44f25ccd
44f26000
44f26333
44f26666
44f2699a
44f26ccd
44f27000
44f27333
44f27666
44f2799a
44f27ccd
44f28000
44f28333
44f28666
44f2899a
44f28ccd
44f29000
44f29333
44f29666
44f2999a
44f29ccd
44f2a000
44f2a333
44f2a666
44f2a99a
44f2accd
44f2b000
44f2b333
44f2b666
44f2b99a
44f2bccd
44f2c000
44f2c333
44f2c666
44f2c99a
44f2cccd
44f2d000
44f2d333
44f2d666
44f2d99a
44f2dccd
44f2e000
44f2e333
44f2e666
44f2e99a
44f2eccd
44f2f000
44f2f333
44f2f666
44f2f99a
44f2fccd
44f30000
44f30333
44f30666
44f3099a
44f30ccd
44f31000
44f31333
44f31666
44f3199a
44f31ccd
44f32000
44f32333
44f32666
44f3299a
44f32ccd
44f33000
44f33333
44f33666
44f3399a
44f33ccd
44f34000
44f34333
44f34666
44f3499a
44f34ccd
44f35000
44f35333
44f35666
44f3599a
44f35ccd
44f36000
44f36333
44f36666
44f3699a
44f36ccd
44f37000
44f37333
44f37666
44f3799a
44f37ccd
44f38000
44f38333
44f38666
44f3899a
44f38ccd
44f39000
44f39333
44f39666
44f3999a
44f39ccd
44f3a000
44f3a333
44f3a666
44f3a99a
44f3accd
44f3b000
44f3b333
44f3b666
44f3b99a
44f3bccd
44f3c000
44f3c333
44f3c666
44f3c99a
44f3cccd
44f3d000
44f3d333
44f3d666
44f3d99a
44f3dccd
44f3e000
44f3e333
44f3e666
44f3e99a
44f3eccd
44f3f000
44f3f333
44f3f666
44f3f99a
44f3fccd
44f40000
44f40333
44f40666
44f4099a
44f40ccd
44f41000
44f41333
44f41666
44f4199a
44f41ccd
44f42000
44f42333
44f42666
44f4299a
44f42ccd
44f43000
44f43333
44f43666
44f4399a
44f43ccd
44f44000
44f44333
44f44666
44f4499a
44f44ccd
44f45000
44f45333
44f45666
44f4599a
44f45ccd
44f46000
44f46333
44f46666
44f4699a
44f46ccd
44f47000
44f47333
44f47666
44f4799a
44f47ccd
44f48000
44f48333
44f48666
44f4899a
44f48ccd
44f49000
44f49333
44f49666
44f4999a
44f49ccd
44f4a000
44f4a333
44f4a666
44f4a99a
44f4accd
44f4b000
44f4b333
44f4b666
44f4b99a
44f4bccd
44f4c000
44f4c333
44f4c666
44f4c99a
44f4cccd
44f4d000
44f4d333
44f4d666
44f4d99a
44f4dccd
44f4e000
44f4e333
44f4e666
44f4e99a
44f4eccd
44f4f000
44f4f333
44f4f666
44f4f99a
44f4fccd
44f50000
44f50333
44f50666
44f5099a
44f50ccd
44f51000
44f51333
44f51666
44f5199a
44f51ccd
44f52000
44f52333
44f52666
44f5299a
44f52ccd
44f53000
44f53333
44f53666
44f5399a
44f53ccd
44f54000
44f54333
44f54666
44f5499a
44f54ccd
44f55000
44f55333
44f55666
44f5599a
44f55ccd
44f56000
44f56333
44f56666
44f5699a
44f56ccd
44f57000
44f57333
44f57666
44f5799a
44f57ccd
44f58000
44f58333
44f58666
44f5899a
44f58ccd
44f59000
44f59333
44f59666
44f5999a
44f59ccd
44f5a000
44f5a333
44f5a666
44f5a99a
44f5accd
44f5b000
44f5b333
44f5b666
44f5b99a
44f5bccd
44f5c000
44f5c333
44f5c666
44f5c99a
44f5cccd
44f5d000
44f5d333
44f5d666
44f5d99a
44f5dccd
44f5e000
44f5e333
44f5e666
44f5e99a
44f5eccd
44f5f000
44f5f333
44f5f666
44f5f99a
44f5fccd
44f60000
44f60333
44f60666
44f6099a
44f60ccd
44f61000
44f61333
44f61666
44f6199a
44f61ccd
44f62000
44f62333
44f62666
44f6299a
44f62ccd
44f63000
44f63333
44f63666
44f6399a
44f63ccd
44f64000
44f64333
44f64666
44f6499a
44f64ccd
44f65000
44f65333
44f65666
44f6599a
44f65ccd
44f66000
44f66333
44f66666
44f6699a
44f66ccd
44f67000
44f67333
44f67666
44f6799a
44f67ccd
44f68000
44f68333
44f68666
44f6899a
44f68ccd
44f69000
44f69333
44f69666
44f6999a
44f69ccd
44f6a000
44f6a333
44f6a666
44f6a99a
44f6accd
44f6b000
44f6b333
44f6b666
44f6b99a
44f6bccd
44f6c000
44f6c333
44f6c666
44f6c99a
44f6cccd
44f6d000
44f6d333
44f6d666
44f6d99a
44f6dccd
44f6e000
44f6e333
44f6e666
44f6e99a
44f6eccd
44f6f000
44f6f333
44f6f666
44f6f99a
44f6fccd
44f70000
44f70333
44f70666
44f7099a
44f70ccd
44f71000
44f71333
44f71666
44f7199a
44f71ccd
44f72000
44f72333
44f72666
44f7299a
44f72ccd
44f73000
44f73333
44f73666
44f7399a
44f73ccd
44f74000
44f74333
44f74666
44f7499a
44f74ccd
44f75000
44f75333
44f75666
44f7599a
44f75ccd
44f76000
44f76333
44f76666
44f7699a
44f76ccd
44f77000
44f77333
44f77666
44f7799a
44f77ccd
44f78000
44f78333
44f78666
44f7899a
44f78ccd
44f79000
44f79333
44f79666
44f7999a
44f79ccd
44f7a000
44f7a333
44f7a666
44f7a99a
44f7accd
44f7b000
44f7b333
44f7b666
44f7b99a
44f7bccd
44f7c000
44f7c333
44f7c666
44f7c99a
44f7cccd
44f7d000
44f7d333
44f7d666
44f7d99a
44f7dccd
44f7e000
44f7e333
44f7e666
44f7e99a
44f7eccd
44f7f000
44f7f333
44f7f666
44f7f99a
44f7fccd
44f80000
44f80333
44f80666
44f8099a
44f80ccd
44f81000
44f81333
44f81666
44f8199a
44f81ccd
44f82000
44f82333
44f82666
44f8299a
44f82ccd
44f83000
44f83333
44f83666
44f8399a
44f83ccd
44f84000
44f84333
44f84666
44f8499a
44f84ccd
44f85000
44f85333
44f85666
44f8599a
44f85ccd
44f86000
44f86333
44f86666
44f8699a
44f86ccd
44f87000
44f87333
44f87666
44f8799a
44f87ccd
44f88000
44f88333
44f88666
44f8899a
44f88ccd
44f89000
44f89333
44f89666
44f8999a
44f89ccd
44f8a000
44f8a333
44f8a666
44f8a99a
44f8accd
44f8b000
44f8b333
44f8b666
44f8b99a
44f8bccd
44f8c000
44f8c333
44f8c666
44f8c99a
44f8cccd
44f8d000
44f8d333
44f8d666
44f8d99a
44f8dccd
44f8e000
44f8e333
44f8e666
44f8e99a
44f8eccd
44f8f000
44f8f333
44f8f666
44f8f99a
44f8fccd
44f90000
44f90333
44f90666
44f9099a
44f90ccd
44f91000
44f91333
44f91666
44f9199a
44f91ccd
44f92000
44f92333
44f92666
44f9299a
44f92ccd
44f93000
44f93333
44f93666
44f9399a
44f93ccd
44f94000
44f94333
44f94666
44f9499a
44f94ccd
44f95000
44f95333
44f95666
44f9599a
44f95ccd
44f96000
44f96333
44f96666
44f9699a
44f96ccd
44f97000
44f97333
44f97666
44f9799a
44f97ccd
44f98000
44f98333
44f98666
44f9899a
44f98ccd
44f99000
44f99333
44f99666
44f9999a
44f99ccd
44f9a000
44f9a333
44f9a666
44f9a99a
44f9accd
44f9b000
44f9b333
44f9b666
44f9b99a
44f9bccd
44f9c000
44f9c333
44f9c666
44f9c99a
44f9cccd
44f9d000
44f9d333
44f9d666
44f9d99a
44f9dccd
44f9e000
44f9e333
44f9e666
44f9e99a
44f9eccd
44f9f000
44f9f333
44f9f666
44f9f99a
44f9fccd
44fa0000
44fa0333
44fa0666
44fa099a
44fa0ccd
44fa1000
44fa1333
44fa1666
44fa199a
44fa1ccd
44fa2000
44fa2333
44fa2666
44fa299a
44fa2ccd
44fa3000
44fa3333
44fa3666
44fa399a
44fa3ccd
44fa4000
44fa4333
44fa4666
44fa499a
44fa4ccd
44fa5000
44fa5333
44fa5666
44fa599a
44fa5ccd
44fa6000
44fa6333
44fa6666
44fa699a
44fa6ccd
44fa7000
44fa7333
44fa7666
44fa799a
44fa7ccd
44fa8000
44fa8333
44fa8666
44fa899a
44fa8ccd
44fa9000
44fa9333
44fa9666
44fa999a
44fa9ccd
44faa000
44faa333
44faa666
44faa99a
44faaccd
44fab000
44fab333
44fab666
44fab99a
44fabccd
44fac000
44fac333
44fac666
44fac99a
44facccd
44fad000
44fad333
44fad666
44fad99a
44fadccd
44fae000
44fae333
44fae666
44fae99a
44faeccd
44faf000
44faf333
44faf666
44faf99a
44fafccd
44fb0000
44fb0333
44fb0666
44fb099a
44fb0ccd
44fb1000
44fb1333
44fb1666
44fb199a
44fb1ccd
44fb2000
44fb2333
44fb2666
44fb299a
44fb2ccd
44fb3000
44fb3333
44fb3666
44fb399a
44fb3ccd
44fb4000
44fb4333
44fb4666
44fb499a
44fb4ccd
44fb5000
44fb5333
44fb5666
44fb599a
44fb5ccd
44fb6000
44fb6333
44fb6666
44fb699a
44fb6ccd
44fb7000
44fb7333
44fb7666
44fb799a
44fb7ccd
44fb8000
44fb8333
44fb8666
44fb899a
44fb8ccd
44fb9000
44fb9333
44fb9666
44fb999a
44fb9ccd
44fba000
44fba333
44fba666
44fba99a
44fbaccd
44fbb000
44fbb333
44fbb666
44fbb99a
44fbbccd
44fbc000
44fbc333
44fbc666
44fbc99a
44fbcccd
44fbd000
44fbd333
44fbd666
44fbd99a
44fbdccd
44fbe000
44fbe333
44fbe666
44fbe99a
44fbeccd
44fbf000
44fbf333
44fbf666
44fbf99a
44fbfccd
44fc0000
44fc0333
44fc0666
44fc099a
44fc0ccd
44fc1000
44fc1333
44fc1666
44fc199a
44fc1ccd
44fc2000
44fc2333
44fc2666
44fc299a
44fc2ccd
44fc3000
44fc3333
44fc3666
44fc399a
44fc3ccd
44fc4000
44fc4333
44fc4666
44fc499a
44fc4ccd
44fc5000
44fc5333
44fc5666
44fc599a
44fc5ccd
44fc6000
44fc6333
44fc6666
44fc699a
44fc6ccd
44fc7000
44fc7333
44fc7666
44fc799a
44fc7ccd
44fc8000
44fc8333
44fc8666
44fc899a
44fc8ccd
44fc9000
44fc9333
44fc9666
44fc999a
44fc9ccd
44fca000
44fca333
44fca666
44fca99a
44fcaccd
44fcb000
44fcb333
44fcb666
44fcb99a
44fcbccd
44fcc000
44fcc333
44fcc666
44fcc99a
44fccccd
44fcd000
44fcd333
44fcd666
44fcd99a
44fcdccd
44fce000
44fce333
44fce666
44fce99a
44fceccd
44fcf000
44fcf333
44fcf666
44fcf99a
44fcfccd
44fd0000
44fd0333
44fd0666
44fd099a
44fd0ccd
44fd1000
44fd1333
44fd1666
44fd199a
44fd1ccd
44fd2000
44fd2333
44fd2666
44fd299a
44fd2ccd
44fd3000
44fd3333
44fd3666
44fd399a
44fd3ccd
44fd4000
44fd4333
44fd4666
44fd499a
44fd4ccd
44fd5000
44fd5333
44fd5666
44fd599a
44fd5ccd
44fd6000
44fd6333
44fd6666
44fd699a
44fd6ccd
44fd7000
44fd7333
44fd7666
44fd799a
44fd7ccd
44fd8000
44fd8333
44fd8666
44fd899a
44fd8ccd
44fd9000
44fd9333
44fd9666
44fd999a
44fd9ccd
44fda000
44fda333
44fda666
44fda99a
44fdaccd
44fdb000
44fdb333
44fdb666
44fdb99a
44fdbccd
44fdc000
44fdc333
44fdc666
44fdc99a
44fdcccd
44fdd000
44fdd333
44fdd666
44fdd99a
44fddccd
44fde000
44fde333
44fde666
44fde99a
44fdeccd
44fdf000
44fdf333
44fdf666
44fdf99a
44fdfccd
44fe0000
44fe0333
44fe0666
44fe099a
44fe0ccd
44fe1000
44fe1333
44fe1666
44fe199a
44fe1ccd
44fe2000
44fe2333
44fe2666
44fe299a
44fe2ccd
44fe3000
44fe3333
44fe3666
44fe399a
44fe3ccd
44fe4000
44fe4333
44fe4666
44fe499a
44fe4ccd
44fe5000
44fe5333
44fe5666
44fe599a
44fe5ccd
44fe6000
44fe6333
44fe6666
44fe699a
44fe6ccd
44fe7000
44fe7333
44fe7666
44fe799a
44fe7ccd
44fe8000
44fe8333
44fe8666
44fe899a
44fe8ccd
44fe9000
44fe9333
44fe9666
44fe999a
44fe9ccd
44fea000
44fea333
44fea666
44fea99a
44feaccd
44feb000
44feb333
44feb666
44feb99a
44febccd
44fec000
44fec333
44fec666
44fec99a
44fecccd
44fed000
44fed333
44fed666
44fed99a
44fedccd
44fee000
44fee333
44fee666
44fee99a
44feeccd
44fef000
44fef333
44fef666
44fef99a
44fefccd
44ff0000
44ff0333
44ff0666
44ff099a
44ff0ccd
44ff1000
44ff1333
44ff1666
44ff199a
44ff1ccd
44ff2000
44ff2333
44ff2666
44ff299a
44ff2ccd
44ff3000
44ff3333
44ff3666
44ff399a
44ff3ccd
44ff4000
44ff4333
44ff4666
44ff499a
44ff4ccd
44ff5000
44ff5333
44ff5666
44ff599a
44ff5ccd
44ff6000
44ff6333
44ff6666
44ff699a
44ff6ccd
44ff7000
44ff7333
44ff7666
44ff799a
44ff7ccd
44ff8000
44ff8333
44ff8666
44ff899a
44ff8ccd
44ff9000
44ff9333
44ff9666
44ff999a
44ff9ccd
44ffa000
44ffa333
44ffa666
44ffa99a
44ffaccd
44ffb000
44ffb333
44ffb666
44ffb99a
44ffbccd
44ffc000
44ffc333
44ffc666
44ffc99a
44ffcccd
44ffd000
44ffd333
44ffd666
44ffd99a
44ffdccd
44ffe000
44ffe333
44ffe666
44ffe99a
44ffeccd
44fff000
44fff333
44fff666
44fff99a
44fffccd
45000000
4500019a
45000333
450004cd
45000666
45000800
4500099a
45000b33
45000ccd
45000e66
45001000
4500119a
45001333
450014cd
45001666
45001800
4500199a
45001b33
45001ccd
45001e66
45002000
4500219a
45002333
450024cd
45002666
45002800
4500299a
45002b33
45002ccd
45002e66
45003000
4500319a
45003333
450034cd
45003666
45003800
4500399a
45003b33
45003ccd
45003e66
45004000
4500419a
45004333
450044cd
45004666
45004800
4500499a
45004b33
45004ccd
45004e66
45005000
4500519a
45005333
450054cd
45005666
45005800
4500599a
45005b33
45005ccd
45005e66
45006000
4500619a
45006333
450064cd
45006666
45006800
4500699a
45006b33
45006ccd
45006e66
45007000
4500719a
45007333
450074cd
45007666
45007800
4500799a
45007b33
45007ccd
45007e66
45008000
4500819a
45008333
450084cd
45008666
45008800
4500899a
45008b33
45008ccd
45008e66
45009000
4500919a
45009333
450094cd
45009666
45009800
4500999a
45009b33
45009ccd
45009e66
4500a000
4500a19a
4500a333
4500a4cd
4500a666
4500a800
4500a99a
4500ab33
4500accd
4500ae66
4500b000
4500b19a
4500b333
4500b4cd
4500b666
4500b800
4500b99a
4500bb33
4500bccd
4500be66
4500c000
4500c19a
4500c333
4500c4cd
4500c666
4500c800
4500c99a
4500cb33
4500cccd
4500ce66
4500d000
4500d19a
4500d333
4500d4cd
4500d666
4500d800
4500d99a
4500db33
4500dccd
4500de66
4500e000
4500e19a
4500e333
4500e4cd
4500e666
4500e800
4500e99a
4500eb33
4500eccd
4500ee66
4500f000
4500f19a
4500f333
4500f4cd
4500f666
4500f800
4500f99a
4500fb33
4500fccd
4500fe66
45010000
4501019a
45010333
450104cd
45010666
45010800
4501099a
45010b33
45010ccd
45010e66
45011000
4501119a
45011333
450114cd
45011666
45011800
4501199a
45011b33
45011ccd
45011e66
45012000
4501219a
45012333
450124cd
45012666
45012800
4501299a
45012b33
45012ccd
45012e66
45013000
4501319a
45013333
450134cd
45013666
45013800
4501399a
45013b33
45013ccd
45013e66
45014000
4501419a
45014333
450144cd
45014666
45014800
4501499a
45014b33
45014ccd
45014e66
45015000
4501519a
45015333
450154cd
45015666
45015800
4501599a
45015b33
45015ccd
45015e66
45016000
4501619a
45016333
450164cd
45016666
45016800
4501699a
45016b33
45016ccd
45016e66
45017000
4501719a
45017333
450174cd
45017666
45017800
4501799a
45017b33
45017ccd
45017e66
45018000
4501819a
45018333
450184cd
45018666
45018800
4501899a
45018b33
45018ccd
45018e66
45019000
4501919a
45019333
450194cd
45019666
45019800
4501999a
45019b33
45019ccd
45019e66
4501a000
4501a19a
4501a333
4501a4cd
4501a666
4501a800
4501a99a
4501ab33
4501accd
4501ae66
4501b000
4501b19a
4501b333
4501b4cd
4501b666
4501b800
4501b99a
4501bb33
4501bccd
4501be66
4501c000
4501c19a
4501c333
4501c4cd
4501c666
4501c800
4501c99a
4501cb33
4501cccd
4501ce66
4501d000
4501d19a
4501d333
4501d4cd
4501d666
4501d800
4501d99a
4501db33
4501dccd
4501de66
4501e000
4501e19a
4501e333
4501e4cd
4501e666
4501e800
4501e99a
4501eb33
4501eccd
4501ee66
4501f000
4501f19a
4501f333
4501f4cd
4501f666
4501f800
4501f99a
4501fb33
4501fccd
4501fe66
45020000
4502019a
45020333
450204cd
45020666
45020800
4502099a
45020b33
45020ccd
45020e66
45021000
4502119a
45021333
450214cd
45021666
45021800
4502199a
45021b33
45021ccd
45021e66
45022000
4502219a
45022333
450224cd
45022666
45022800
4502299a
45022b33
45022ccd
45022e66
45023000
4502319a
45023333
450234cd
45023666
45023800
4502399a
45023b33
45023ccd
45023e66
45024000
4502419a
45024333
450244cd
45024666
45024800
4502499a
45024b33
45024ccd
45024e66
45025000
4502519a
45025333
450254cd
45025666
45025800
4502599a
45025b33
45025ccd
45025e66
45026000
4502619a
45026333
450264cd
45026666
45026800
4502699a
45026b33
45026ccd
45026e66
45027000
4502719a
45027333
450274cd
45027666
45027800
4502799a
45027b33
45027ccd
45027e66
45028000
4502819a
45028333
450284cd
45028666
45028800
4502899a
45028b33
45028ccd
45028e66
45029000
4502919a
45029333
450294cd
45029666
45029800
4502999a
45029b33
45029ccd
45029e66
4502a000
4502a19a
4502a333
4502a4cd
4502a666
4502a800
4502a99a
4502ab33
4502accd
4502ae66
4502b000
4502b19a
4502b333
4502b4cd
4502b666
4502b800
4502b99a
4502bb33
4502bccd
4502be66
4502c000
4502c19a
4502c333
4502c4cd
4502c666
4502c800
4502c99a
4502cb33
4502cccd
4502ce66
4502d000
4502d19a
4502d333
4502d4cd
4502d666
4502d800
4502d99a
4502db33
4502dccd
4502de66
4502e000
4502e19a
4502e333
4502e4cd
4502e666
4502e800
4502e99a
4502eb33
4502eccd
4502ee66
4502f000
4502f19a
4502f333
4502f4cd
4502f666
4502f800
4502f99a
4502fb33
4502fccd
4502fe66
45030000
4503019a
45030333
450304cd
45030666
45030800
4503099a
45030b33
45030ccd
45030e66
45031000
4503119a
45031333
450314cd
45031666
45031800
4503199a
45031b33
45031ccd
45031e66
45032000
4503219a
45032333
450324cd
45032666
45032800
4503299a
45032b33
45032ccd
45032e66
45033000
4503319a
45033333
450334cd
45033666
45033800
4503399a
45033b33
45033ccd
45033e66
45034000
4503419a
45034333
450344cd
45034666
45034800
4503499a
45034b33
45034ccd
45034e66
45035000
4503519a
45035333
450354cd
45035666
45035800
4503599a
45035b33
45035ccd
45035e66
45036000
4503619a
45036333
450364cd
45036666
45036800
4503699a
45036b33
45036ccd
45036e66
45037000
4503719a
45037333
450374cd
45037666
45037800
4503799a
45037b33
45037ccd
45037e66
45038000
4503819a
45038333
450384cd
45038666
45038800
4503899a
45038b33
45038ccd
45038e66
45039000
4503919a
45039333
450394cd
45039666
45039800
4503999a
45039b33
45039ccd
45039e66
4503a000
4503a19a
4503a333
4503a4cd
4503a666
4503a800
4503a99a
4503ab33
4503accd
4503ae66
4503b000
4503b19a
4503b333
4503b4cd
4503b666
4503b800
4503b99a
4503bb33
4503bccd
4503be66
4503c000
4503c19a
4503c333
4503c4cd
4503c666
4503c800
4503c99a
4503cb33
4503cccd
4503ce66
4503d000
4503d19a
4503d333
4503d4cd
4503d666
4503d800
4503d99a
4503db33
4503dccd
4503de66
4503e000
4503e19a
4503e333
4503e4cd
4503e666
4503e800
4503e99a
4503eb33
4503eccd
4503ee66
4503f000
4503f19a
4503f333
4503f4cd
4503f666
4503f800
4503f99a
4503fb33
4503fccd
4503fe66
45040000
4504019a
45040333
450404cd
45040666
45040800
4504099a
45040b33
45040ccd
45040e66
45041000
4504119a
45041333
450414cd
45041666
45041800
4504199a
45041b33
45041ccd
45041e66
45042000
4504219a
45042333
450424cd
45042666
45042800
4504299a
45042b33
45042ccd
45042e66
45043000
4504319a
45043333
450434cd
45043666
45043800
4504399a
45043b33
45043ccd
45043e66
45044000
4504419a
45044333
450444cd
45044666
45044800
4504499a
45044b33
45044ccd
45044e66
45045000
4504519a
45045333
450454cd
45045666
45045800
4504599a
45045b33
45045ccd
45045e66
45046000
4504619a
45046333
450464cd
45046666
45046800
4504699a
45046b33
45046ccd
45046e66
45047000
4504719a
45047333
450474cd
45047666
45047800
4504799a
45047b33
45047ccd
45047e66
45048000
4504819a
45048333
450484cd
45048666
45048800
4504899a
45048b33
45048ccd
45048e66
45049000
4504919a
45049333
450494cd
45049666
45049800
4504999a
45049b33
45049ccd
45049e66
4504a000
4504a19a
4504a333
4504a4cd
4504a666
4504a800
4504a99a
4504ab33
4504accd
4504ae66
4504b000
4504b19a
4504b333
4504b4cd
4504b666
4504b800
4504b99a
4504bb33
4504bccd
4504be66
4504c000
4504c19a
4504c333
4504c4cd
4504c666
4504c800
4504c99a
4504cb33
4504cccd
4504ce66
4504d000
4504d19a
4504d333
4504d4cd
4504d666
4504d800
4504d99a
4504db33
4504dccd
4504de66
4504e000
4504e19a
4504e333
4504e4cd
4504e666
4504e800
4504e99a
4504eb33
4504eccd
4504ee66
4504f000
4504f19a
4504f333
4504f4cd
4504f666
4504f800
4504f99a
4504fb33
4504fccd
4504fe66
45050000
4505019a
45050333
450504cd
45050666
45050800
4505099a
45050b33
45050ccd
45050e66
45051000
4505119a
45051333
450514cd
45051666
45051800
4505199a
45051b33
45051ccd
45051e66
45052000
4505219a
45052333
450524cd
45052666
45052800
4505299a
45052b33
45052ccd
45052e66
45053000
4505319a
45053333
450534cd
45053666
45053800
4505399a
45053b33
45053ccd
45053e66
45054000
4505419a
45054333
450544cd
45054666
45054800
4505499a
45054b33
45054ccd
45054e66
45055000
4505519a
45055333
450554cd
45055666
45055800
4505599a
45055b33
45055ccd
45055e66
45056000
4505619a
45056333
450564cd
45056666
45056800
4505699a
45056b33
45056ccd
45056e66
45057000
4505719a
45057333
450574cd
45057666
45057800
4505799a
45057b33
45057ccd
45057e66
45058000
4505819a
45058333
450584cd
45058666
45058800
4505899a
45058b33
45058ccd
45058e66
45059000
4505919a
45059333
450594cd
45059666
45059800
4505999a
45059b33
45059ccd
45059e66
4505a000
4505a19a
4505a333
4505a4cd
4505a666
4505a800
4505a99a
4505ab33
4505accd
4505ae66
4505b000
4505b19a
4505b333
4505b4cd
4505b666
4505b800
4505b99a
4505bb33
4505bccd
4505be66
4505c000
4505c19a
4505c333
4505c4cd
4505c666
4505c800
4505c99a
4505cb33
4505cccd
4505ce66
4505d000
4505d19a
4505d333
4505d4cd
4505d666
4505d800
4505d99a
4505db33
4505dccd
4505de66
4505e000
4505e19a
4505e333
4505e4cd
4505e666
4505e800
4505e99a
4505eb33
4505eccd
4505ee66
4505f000
4505f19a
4505f333
4505f4cd
4505f666
4505f800
4505f99a
4505fb33
4505fccd
4505fe66
45060000
4506019a
45060333
450604cd
45060666
45060800
4506099a
45060b33
45060ccd
45060e66
45061000
4506119a
45061333
450614cd
45061666
45061800
4506199a
45061b33
45061ccd
45061e66
45062000
4506219a
45062333
450624cd
45062666
45062800
4506299a
45062b33
45062ccd
45062e66
45063000
4506319a
45063333
450634cd
45063666
45063800
4506399a
45063b33
45063ccd
45063e66
45064000
4506419a
45064333
450644cd
45064666
45064800
4506499a
45064b33
45064ccd
45064e66
45065000
4506519a
45065333
450654cd
45065666
45065800
4506599a
45065b33
45065ccd
45065e66
45066000
4506619a
45066333
450664cd
45066666
45066800
4506699a
45066b33
45066ccd
45066e66
45067000
4506719a
45067333
450674cd
45067666
45067800
4506799a
45067b33
45067ccd
45067e66
45068000
4506819a
45068333
450684cd
45068666
45068800
4506899a
45068b33
45068ccd
45068e66
45069000
4506919a
45069333
450694cd
45069666
45069800
4506999a
45069b33
45069ccd
45069e66
4506a000
4506a19a
4506a333
4506a4cd
4506a666
4506a800
4506a99a
4506ab33
4506accd
4506ae66
4506b000
4506b19a
4506b333
4506b4cd
4506b666
4506b800
4506b99a
4506bb33
4506bccd
4506be66
4506c000
4506c19a
4506c333
4506c4cd
4506c666
4506c800
4506c99a
4506cb33
4506cccd
4506ce66
4506d000
4506d19a
4506d333
4506d4cd
4506d666
4506d800
4506d99a
4506db33
4506dccd
4506de66
4506e000
4506e19a
4506e333
4506e4cd
4506e666
4506e800
4506e99a
4506eb33
4506eccd
4506ee66
4506f000
4506f19a
4506f333
4506f4cd
4506f666
4506f800
4506f99a
4506fb33
4506fccd
4506fe66
45070000
4507019a
45070333
450704cd
45070666
45070800
4507099a
45070b33
45070ccd
45070e66
45071000
4507119a
45071333
450714cd
45071666
45071800
4507199a
45071b33
45071ccd
45071e66
45072000
4507219a
45072333
450724cd
45072666
45072800
4507299a
45072b33
45072ccd
45072e66
45073000
4507319a
45073333
450734cd
45073666
45073800
4507399a
45073b33
45073ccd
45073e66
45074000
4507419a
45074333
450744cd
45074666
45074800
4507499a
45074b33
45074ccd
45074e66
45075000
4507519a
45075333
450754cd
45075666
45075800
4507599a
45075b33
45075ccd
45075e66
45076000
4507619a
45076333
450764cd
45076666
45076800
4507699a
45076b33
45076ccd
45076e66
45077000
4507719a
45077333
450774cd
45077666
45077800
4507799a
45077b33
45077ccd
45077e66
45078000
4507819a
45078333
450784cd
45078666
45078800
4507899a
45078b33
45078ccd
45078e66
45079000
4507919a
45079333
450794cd
45079666
45079800
4507999a
45079b33
45079ccd
45079e66
4507a000
4507a19a
4507a333
4507a4cd
4507a666
4507a800
4507a99a
4507ab33
4507accd
4507ae66
4507b000
4507b19a
4507b333
4507b4cd
4507b666
4507b800
4507b99a
4507bb33
4507bccd
4507be66
4507c000
4507c19a
4507c333
4507c4cd
4507c666
4507c800
4507c99a
4507cb33
4507cccd
4507ce66
4507d000
4507d19a
4507d333
4507d4cd
4507d666
4507d800
4507d99a
4507db33
4507dccd
4507de66
4507e000
4507e19a
4507e333
4507e4cd
4507e666
4507e800
4507e99a
4507eb33
4507eccd
4507ee66
4507f000
4507f19a
4507f333
4507f4cd
4507f666
4507f800
4507f99a
4507fb33
4507fccd
4507fe66
45080000
4508019a
45080333
450804cd
45080666
45080800
4508099a
45080b33
45080ccd
45080e66
45081000
4508119a
45081333
450814cd
45081666
45081800
4508199a
45081b33
45081ccd
45081e66
45082000
4508219a
45082333
450824cd
45082666
45082800
4508299a
45082b33
45082ccd
45082e66
45083000
4508319a
45083333
450834cd
45083666
45083800
4508399a
45083b33
45083ccd
45083e66
45084000
4508419a
45084333
450844cd
45084666
45084800
4508499a
45084b33
45084ccd
45084e66
45085000
4508519a
45085333
450854cd
45085666
45085800
4508599a
45085b33
45085ccd
45085e66
45086000
4508619a
45086333
450864cd
45086666
45086800
4508699a
45086b33
45086ccd
45086e66
45087000
4508719a
45087333
450874cd
45087666
45087800
4508799a
45087b33
45087ccd
45087e66
45088000
4508819a
45088333
450884cd
45088666
45088800
4508899a
45088b33
45088ccd
45088e66
45089000
4508919a
45089333
450894cd
45089666
45089800
4508999a
45089b33
45089ccd
45089e66
4508a000
4508a19a
4508a333
4508a4cd
4508a666
4508a800
4508a99a
4508ab33
4508accd
4508ae66
4508b000
4508b19a
4508b333
4508b4cd
4508b666
4508b800
4508b99a
4508bb33
4508bccd
4508be66
4508c000
4508c19a
4508c333
4508c4cd
4508c666
4508c800
4508c99a
4508cb33
4508cccd
4508ce66
4508d000
4508d19a
4508d333
4508d4cd
4508d666
4508d800
4508d99a
4508db33
4508dccd
4508de66
4508e000
4508e19a
4508e333
4508e4cd
4508e666
4508e800
4508e99a
4508eb33
4508eccd
4508ee66
4508f000
4508f19a
4508f333
4508f4cd
4508f666
4508f800
4508f99a
4508fb33
4508fccd
4508fe66
45090000
4509019a
45090333
450904cd
45090666
45090800
4509099a
45090b33
45090ccd
45090e66
45091000
4509119a
45091333
450914cd
45091666
45091800
4509199a
45091b33
45091ccd
45091e66
45092000
4509219a
45092333
450924cd
45092666
45092800
4509299a
45092b33
45092ccd
45092e66
45093000
4509319a
45093333
450934cd
45093666
45093800
4509399a
45093b33
45093ccd
45093e66
45094000
4509419a
45094333
450944cd
45094666
45094800
4509499a
45094b33
45094ccd
45094e66
45095000
4509519a
45095333
450954cd
45095666
45095800
4509599a
45095b33
45095ccd
45095e66
45096000
4509619a
45096333
450964cd
45096666
45096800
4509699a
45096b33
45096ccd
45096e66
45097000
4509719a
45097333
450974cd
45097666
45097800
4509799a
45097b33
45097ccd
45097e66
45098000
4509819a
45098333
450984cd
45098666
45098800
4509899a
45098b33
45098ccd
45098e66
45099000
4509919a
45099333
450994cd
45099666
45099800
4509999a
45099b33
45099ccd
45099e66
4509a000
4509a19a
4509a333
4509a4cd
4509a666
4509a800
4509a99a
4509ab33
4509accd
4509ae66
4509b000
4509b19a
4509b333
4509b4cd
4509b666
4509b800
4509b99a
4509bb33
4509bccd
4509be66
4509c000
4509c19a
4509c333
4509c4cd
4509c666
4509c800
4509c99a
4509cb33
4509cccd
4509ce66
4509d000
4509d19a
4509d333
4509d4cd
4509d666
4509d800
4509d99a
4509db33
4509dccd
4509de66
4509e000
4509e19a
4509e333
4509e4cd
4509e666
4509e800
4509e99a
4509eb33
4509eccd
4509ee66
4509f000
4509f19a
4509f333
4509f4cd
4509f666
4509f800
4509f99a
4509fb33
4509fccd
4509fe66
450a0000
450a019a
450a0333
450a04cd
450a0666
450a0800
450a099a
450a0b33
450a0ccd
450a0e66
450a1000
450a119a
450a1333
450a14cd
450a1666
450a1800
450a199a
450a1b33
450a1ccd
450a1e66
450a2000
450a219a
450a2333
450a24cd
450a2666
450a2800
450a299a
450a2b33
450a2ccd
450a2e66
450a3000
450a319a
450a3333
450a34cd
450a3666
450a3800
450a399a
450a3b33
450a3ccd
450a3e66
450a4000
450a419a
450a4333
450a44cd
450a4666
450a4800
450a499a
450a4b33
450a4ccd
450a4e66
450a5000
450a519a
450a5333
450a54cd
450a5666
450a5800
450a599a
450a5b33
450a5ccd
450a5e66
450a6000
450a619a
450a6333
450a64cd
450a6666
450a6800
450a699a
450a6b33
450a6ccd
450a6e66
450a7000
450a719a
450a7333
450a74cd
450a7666
450a7800
450a799a
450a7b33
450a7ccd
450a7e66
450a8000
450a819a
450a8333
450a84cd
450a8666
450a8800
450a899a
450a8b33
450a8ccd
450a8e66
450a9000
450a919a
450a9333
450a94cd
450a9666
450a9800
450a999a
450a9b33
450a9ccd
450a9e66
450aa000
450aa19a
450aa333
450aa4cd
450aa666
450aa800
450aa99a
450aab33
450aaccd
450aae66
450ab000
450ab19a
450ab333
450ab4cd
450ab666
450ab800
450ab99a
450abb33
450abccd
450abe66
450ac000
450ac19a
450ac333
450ac4cd
450ac666
450ac800
450ac99a
450acb33
450acccd
450ace66
450ad000
450ad19a
450ad333
450ad4cd
450ad666
450ad800
450ad99a
450adb33
450adccd
450ade66
450ae000
450ae19a
450ae333
450ae4cd
450ae666
450ae800
450ae99a
450aeb33
450aeccd
450aee66
450af000
450af19a
450af333
450af4cd
450af666
450af800
450af99a
450afb33
450afccd
450afe66
450b0000
450b019a
450b0333
450b04cd
450b0666
450b0800
450b099a
450b0b33
450b0ccd
450b0e66
450b1000
450b119a
450b1333
450b14cd
450b1666
450b1800
450b199a
450b1b33
450b1ccd
450b1e66
450b2000
450b219a
450b2333
450b24cd
450b2666
450b2800
450b299a
450b2b33
450b2ccd
450b2e66
450b3000
450b319a
450b3333
450b34cd
450b3666
450b3800
450b399a
450b3b33
450b3ccd
450b3e66
450b4000
450b419a
450b4333
450b44cd
450b4666
450b4800
450b499a
450b4b33
450b4ccd
450b4e66
450b5000
450b519a
450b5333
450b54cd
450b5666
450b5800
450b599a
450b5b33
450b5ccd
450b5e66
450b6000
450b619a
450b6333
450b64cd
450b6666
450b6800
450b699a
450b6b33
450b6ccd
450b6e66
450b7000
450b719a
450b7333
450b74cd
450b7666
450b7800
450b799a
450b7b33
450b7ccd
450b7e66
450b8000
450b819a
450b8333
450b84cd
450b8666
450b8800
450b899a
450b8b33
450b8ccd
450b8e66
450b9000
450b919a
450b9333
450b94cd
450b9666
450b9800
450b999a
450b9b33
450b9ccd
450b9e66
450ba000
450ba19a
450ba333
450ba4cd
450ba666
450ba800
450ba99a
450bab33
450baccd
450bae66
450bb000
450bb19a
450bb333
450bb4cd
450bb666
450bb800
450bb99a
450bbb33
450bbccd
450bbe66
450bc000
450bc19a
450bc333
450bc4cd
450bc666
450bc800
450bc99a
450bcb33
450bcccd
450bce66
450bd000
450bd19a
450bd333
450bd4cd
450bd666
450bd800
450bd99a
450bdb33
450bdccd
450bde66
450be000
450be19a
450be333
450be4cd
450be666
450be800
450be99a
450beb33
450beccd
450bee66
450bf000
450bf19a
450bf333
450bf4cd
450bf666
450bf800
450bf99a
450bfb33
450bfccd
450bfe66
450c0000
450c019a
450c0333
450c04cd
450c0666
450c0800
450c099a
450c0b33
450c0ccd
450c0e66
450c1000
450c119a
450c1333
450c14cd
450c1666
450c1800
450c199a
450c1b33
450c1ccd
450c1e66
450c2000
450c219a
450c2333
450c24cd
450c2666
450c2800
450c299a
450c2b33
450c2ccd
450c2e66
450c3000
450c319a
450c3333
450c34cd
450c3666
450c3800
450c399a
450c3b33
450c3ccd
450c3e66
450c4000
450c419a
450c4333
450c44cd
450c4666
450c4800
450c499a
450c4b33
450c4ccd
450c4e66
450c5000
450c519a
450c5333
450c54cd
450c5666
450c5800
450c599a
450c5b33
450c5ccd
450c5e66
450c6000
450c619a
450c6333
450c64cd
450c6666
450c6800
450c699a
450c6b33
450c6ccd
450c6e66
450c7000
450c719a
450c7333
450c74cd
450c7666
450c7800
450c799a
450c7b33
450c7ccd
450c7e66
450c8000
450c819a
450c8333
450c84cd
450c8666
450c8800
450c899a
450c8b33
450c8ccd
450c8e66
450c9000
450c919a
450c9333
450c94cd
450c9666
450c9800
450c999a
450c9b33
450c9ccd
450c9e66
450ca000
450ca19a
450ca333
450ca4cd
450ca666
450ca800
450ca99a
450cab33
450caccd
450cae66
450cb000
450cb19a
450cb333
450cb4cd
450cb666
450cb800
450cb99a
450cbb33
450cbccd
450cbe66
450cc000
450cc19a
450cc333
450cc4cd
450cc666
450cc800
450cc99a
450ccb33
450ccccd
450cce66
450cd000
450cd19a
450cd333
450cd4cd
450cd666
450cd800
450cd99a
450cdb33
450cdccd
450cde66
450ce000
450ce19a
450ce333
450ce4cd
450ce666
450ce800
450ce99a
450ceb33
450ceccd
450cee66
450cf000
450cf19a
450cf333
450cf4cd
450cf666
450cf800
450cf99a
450cfb33
450cfccd
450cfe66
450d0000
450d019a
450d0333
450d04cd
450d0666
450d0800
450d099a
450d0b33
450d0ccd
450d0e66
450d1000
450d119a
450d1333
450d14cd
450d1666
450d1800
450d199a
450d1b33
450d1ccd
450d1e66
450d2000
450d219a
450d2333
450d24cd
450d2666
450d2800
450d299a
450d2b33
450d2ccd
450d2e66
450d3000
450d319a
450d3333
450d34cd
450d3666
450d3800
450d399a
450d3b33
450d3ccd
450d3e66
450d4000
450d419a
450d4333
450d44cd
450d4666
450d4800
450d499a
450d4b33
450d4ccd
450d4e66
450d5000
450d519a
450d5333
450d54cd
450d5666
450d5800
450d599a
450d5b33
450d5ccd
450d5e66
450d6000
450d619a
450d6333
450d64cd
450d6666
450d6800
450d699a
450d6b33
450d6ccd
450d6e66
450d7000
450d719a
450d7333
450d74cd
450d7666
450d7800
450d799a
450d7b33
450d7ccd
450d7e66
450d8000
450d819a
450d8333
450d84cd
450d8666
450d8800
450d899a
450d8b33
450d8ccd
450d8e66
450d9000
450d919a
450d9333
450d94cd
450d9666
450d9800
450d999a
450d9b33
450d9ccd
450d9e66
450da000
450da19a
450da333
450da4cd
450da666
450da800
450da99a
450dab33
450daccd
450dae66
450db000
450db19a
450db333
450db4cd
450db666
450db800
450db99a
450dbb33
450dbccd
450dbe66
450dc000
450dc19a
450dc333
450dc4cd
450dc666
450dc800
450dc99a
450dcb33
450dcccd
450dce66
450dd000
450dd19a
450dd333
450dd4cd
450dd666
450dd800
450dd99a
450ddb33
450ddccd
450dde66
450de000
450de19a
450de333
450de4cd
450de666
450de800
450de99a
450deb33
450deccd
450dee66
450df000
450df19a
450df333
450df4cd
450df666
450df800
450df99a
450dfb33
450dfccd
450dfe66
450e0000
450e019a
450e0333
450e04cd
450e0666
450e0800
450e099a
450e0b33
450e0ccd
450e0e66
450e1000
450e119a
450e1333
450e14cd
450e1666
450e1800
450e199a
450e1b33
450e1ccd
450e1e66
450e2000
450e219a
450e2333
450e24cd
450e2666
450e2800
450e299a
450e2b33
450e2ccd
450e2e66
450e3000
450e319a
450e3333
450e34cd
450e3666
450e3800
450e399a
450e3b33
450e3ccd
450e3e66
450e4000
450e419a
450e4333
450e44cd
450e4666
450e4800
450e499a
450e4b33
450e4ccd
450e4e66
450e5000
450e519a
450e5333
450e54cd
450e5666
450e5800
450e599a
450e5b33
450e5ccd
450e5e66
450e6000
450e619a
450e6333
450e64cd
450e6666
450e6800
450e699a
450e6b33
450e6ccd
450e6e66
450e7000
450e719a
450e7333
450e74cd
450e7666
450e7800
450e799a
450e7b33
450e7ccd
450e7e66
450e8000
450e819a
450e8333
450e84cd
450e8666
450e8800
450e899a
450e8b33
450e8ccd
450e8e66
450e9000
450e919a
450e9333
450e94cd
450e9666
450e9800
450e999a
450e9b33
450e9ccd
450e9e66
450ea000
450ea19a
450ea333
450ea4cd
450ea666
450ea800
450ea99a
450eab33
450eaccd
450eae66
450eb000
450eb19a
450eb333
450eb4cd
450eb666
450eb800
450eb99a
450ebb33
450ebccd
450ebe66
450ec000
450ec19a
450ec333
450ec4cd
450ec666
450ec800
450ec99a
450ecb33
450ecccd
450ece66
450ed000
450ed19a
450ed333
450ed4cd
450ed666
450ed800
450ed99a
450edb33
450edccd
450ede66
450ee000
450ee19a
450ee333
450ee4cd
450ee666
450ee800
450ee99a
450eeb33
450eeccd
450eee66
450ef000
450ef19a
450ef333
450ef4cd
450ef666
450ef800
450ef99a
450efb33
450efccd
450efe66
450f0000
450f019a
450f0333
450f04cd
450f0666
450f0800
450f099a
450f0b33
450f0ccd
450f0e66
450f1000
450f119a
450f1333
450f14cd
450f1666
450f1800
450f199a
450f1b33
450f1ccd
450f1e66
450f2000
450f219a
450f2333
450f24cd
450f2666
450f2800
450f299a
450f2b33
450f2ccd
450f2e66
450f3000
450f319a
450f3333
450f34cd
450f3666
450f3800
450f399a
450f3b33
450f3ccd
450f3e66
450f4000
450f419a
450f4333
450f44cd
450f4666
450f4800
450f499a
450f4b33
450f4ccd
450f4e66
450f5000
450f519a
450f5333
450f54cd
450f5666
450f5800
450f599a
450f5b33
450f5ccd
450f5e66
450f6000
450f619a
450f6333
450f64cd
450f6666
450f6800
450f699a
450f6b33
450f6ccd
450f6e66
450f7000
450f719a
450f7333
450f74cd
450f7666
450f7800
450f799a
450f7b33
450f7ccd
450f7e66
450f8000
450f819a
450f8333
450f84cd
450f8666
450f8800
450f899a
450f8b33
450f8ccd
450f8e66
450f9000
450f919a
450f9333
450f94cd
450f9666
450f9800
450f999a
450f9b33
450f9ccd
450f9e66
450fa000
450fa19a
450fa333
450fa4cd
450fa666
450fa800
450fa99a
450fab33
450faccd
450fae66
450fb000
450fb19a
450fb333
450fb4cd
450fb666
450fb800
450fb99a
450fbb33
450fbccd
450fbe66
450fc000
450fc19a
450fc333
450fc4cd
450fc666
450fc800
450fc99a
450fcb33
450fcccd
450fce66
450fd000
450fd19a
450fd333
450fd4cd
450fd666
450fd800
450fd99a
450fdb33
450fdccd
450fde66
450fe000
450fe19a
450fe333
450fe4cd
450fe666
450fe800
450fe99a
450feb33
450feccd
450fee66
450ff000
450ff19a
450ff333
450ff4cd
450ff666
450ff800
450ff99a
450ffb33
450ffccd
450ffe66
45100000
4510019a
45100333
451004cd
45100666
45100800
4510099a
45100b33
45100ccd
45100e66
45101000
4510119a
45101333
451014cd
45101666
45101800
4510199a
45101b33
45101ccd
45101e66
45102000
4510219a
45102333
451024cd
45102666
45102800
4510299a
45102b33
45102ccd
45102e66
45103000
4510319a
45103333
451034cd
45103666
45103800
4510399a
45103b33
45103ccd
45103e66
45104000
4510419a
45104333
451044cd
45104666
45104800
4510499a
45104b33
45104ccd
45104e66
45105000
4510519a
45105333
451054cd
45105666
45105800
4510599a
45105b33
45105ccd
45105e66
45106000
4510619a
45106333
451064cd
45106666
45106800
4510699a
45106b33
45106ccd
45106e66
45107000
4510719a
45107333
451074cd
45107666
45107800
4510799a
45107b33
45107ccd
45107e66
45108000
4510819a
45108333
451084cd
45108666
45108800
4510899a
45108b33
45108ccd
45108e66
45109000
4510919a
45109333
451094cd
45109666
45109800
4510999a
45109b33
45109ccd
45109e66
4510a000
4510a19a
4510a333
4510a4cd
4510a666
4510a800
4510a99a
4510ab33
4510accd
4510ae66
4510b000
4510b19a
4510b333
4510b4cd
4510b666
4510b800
4510b99a
4510bb33
4510bccd
4510be66
4510c000
4510c19a
4510c333
4510c4cd
4510c666
4510c800
4510c99a
4510cb33
4510cccd
4510ce66
4510d000
4510d19a
4510d333
4510d4cd
4510d666
4510d800
4510d99a
4510db33
4510dccd
4510de66
4510e000
4510e19a
4510e333
4510e4cd
4510e666
4510e800
4510e99a
4510eb33
4510eccd
4510ee66
4510f000
4510f19a
4510f333
4510f4cd
4510f666
4510f800
4510f99a
4510fb33
4510fccd
4510fe66
45110000
4511019a
45110333
451104cd
45110666
45110800
4511099a
45110b33
45110ccd
45110e66
45111000
4511119a
45111333
451114cd
45111666
45111800
4511199a
45111b33
45111ccd
45111e66
45112000
4511219a
45112333
451124cd
45112666
45112800
4511299a
45112b33
45112ccd
45112e66
45113000
4511319a
45113333
451134cd
45113666
45113800
4511399a
45113b33
45113ccd
45113e66
45114000
4511419a
45114333
451144cd
45114666
45114800
4511499a
45114b33
45114ccd
45114e66
45115000
4511519a
45115333
451154cd
45115666
45115800
4511599a
45115b33
45115ccd
45115e66
45116000
4511619a
45116333
451164cd
45116666
45116800
4511699a
45116b33
45116ccd
45116e66
45117000
4511719a
45117333
451174cd
45117666
45117800
4511799a
45117b33
45117ccd
45117e66
45118000
4511819a
45118333
451184cd
45118666
45118800
4511899a
45118b33
45118ccd
45118e66
45119000
4511919a
45119333
451194cd
45119666
45119800
4511999a
45119b33
45119ccd
45119e66
4511a000
4511a19a
4511a333
4511a4cd
4511a666
4511a800
4511a99a
4511ab33
4511accd
4511ae66
4511b000
4511b19a
4511b333
4511b4cd
4511b666
4511b800
4511b99a
4511bb33
4511bccd
4511be66
4511c000
4511c19a
4511c333
4511c4cd
4511c666
4511c800
4511c99a
4511cb33
4511cccd
4511ce66
4511d000
4511d19a
4511d333
4511d4cd
4511d666
4511d800
4511d99a
4511db33
4511dccd
4511de66
4511e000
4511e19a
4511e333
4511e4cd
4511e666
4511e800
4511e99a
4511eb33
4511eccd
4511ee66
4511f000
4511f19a
4511f333
4511f4cd
4511f666
4511f800
4511f99a
4511fb33
4511fccd
4511fe66
45120000
4512019a
45120333
451204cd
45120666
45120800
4512099a
45120b33
45120ccd
45120e66
45121000
4512119a
45121333
451214cd
45121666
45121800
4512199a
45121b33
45121ccd
45121e66
45122000
4512219a
45122333
451224cd
45122666
45122800
4512299a
45122b33
45122ccd
45122e66
45123000
4512319a
45123333
451234cd
45123666
45123800
4512399a
45123b33
45123ccd
45123e66
45124000
4512419a
45124333
451244cd
45124666
45124800
4512499a
45124b33
45124ccd
45124e66
45125000
4512519a
45125333
451254cd
45125666
45125800
4512599a
45125b33
45125ccd
45125e66
45126000
4512619a
45126333
451264cd
45126666
45126800
4512699a
45126b33
45126ccd
45126e66
45127000
4512719a
45127333
451274cd
45127666
45127800
4512799a
45127b33
45127ccd
45127e66
45128000
4512819a
45128333
451284cd
45128666
45128800
4512899a
45128b33
45128ccd
45128e66
45129000
4512919a
45129333
451294cd
45129666
45129800
4512999a
45129b33
45129ccd
45129e66
4512a000
4512a19a
4512a333
4512a4cd
4512a666
4512a800
4512a99a
4512ab33
4512accd
4512ae66
4512b000
4512b19a
4512b333
4512b4cd
4512b666
4512b800
4512b99a
4512bb33
4512bccd
4512be66
4512c000
4512c19a
4512c333
4512c4cd
4512c666
4512c800
4512c99a
4512cb33
4512cccd
4512ce66
4512d000
4512d19a
4512d333
4512d4cd
4512d666
4512d800
4512d99a
4512db33
4512dccd
4512de66
4512e000
4512e19a
4512e333
4512e4cd
4512e666
4512e800
4512e99a
4512eb33
4512eccd
4512ee66
4512f000
4512f19a
4512f333
4512f4cd
4512f666
4512f800
4512f99a
4512fb33
4512fccd
4512fe66
45130000
4513019a
45130333
451304cd
45130666
45130800
4513099a
45130b33
45130ccd
45130e66
45131000
4513119a
45131333
451314cd
45131666
45131800
4513199a
45131b33
45131ccd
45131e66
45132000
4513219a
45132333
451324cd
45132666
45132800
4513299a
45132b33
45132ccd
45132e66
45133000
4513319a
45133333
451334cd
45133666
45133800
4513399a
45133b33
45133ccd
45133e66
45134000
4513419a
45134333
451344cd
45134666
45134800
4513499a
45134b33
45134ccd
45134e66
45135000
4513519a
45135333
451354cd
45135666
45135800
4513599a
45135b33
45135ccd
45135e66
45136000
4513619a
45136333
451364cd
45136666
45136800
4513699a
45136b33
45136ccd
45136e66
45137000
4513719a
45137333
451374cd
45137666
45137800
4513799a
45137b33
45137ccd
45137e66
45138000
4513819a
45138333
451384cd
45138666
45138800
4513899a
45138b33
45138ccd
45138e66
45139000
4513919a
45139333
451394cd
45139666
45139800
4513999a
45139b33
45139ccd
45139e66
4513a000
4513a19a
4513a333
4513a4cd
4513a666
4513a800
4513a99a
4513ab33
4513accd
4513ae66
4513b000
4513b19a
4513b333
4513b4cd
4513b666
4513b800
4513b99a
4513bb33
4513bccd
4513be66
4513c000
4513c19a
4513c333
4513c4cd
4513c666
4513c800
4513c99a
4513cb33
4513cccd
4513ce66
4513d000
4513d19a
4513d333
4513d4cd
4513d666
4513d800
4513d99a
4513db33
4513dccd
4513de66
4513e000
4513e19a
4513e333
4513e4cd
4513e666
4513e800
4513e99a
4513eb33
4513eccd
4513ee66
4513f000
4513f19a
4513f333
4513f4cd
4513f666
4513f800
4513f99a
4513fb33
4513fccd
4513fe66
45140000
4514019a
45140333
451404cd
45140666
45140800
4514099a
45140b33
45140ccd
45140e66
45141000
4514119a
45141333
451414cd
45141666
45141800
4514199a
45141b33
45141ccd
45141e66
45142000
4514219a
45142333
451424cd
45142666
45142800
4514299a
45142b33
45142ccd
45142e66
45143000
4514319a
45143333
451434cd
45143666
45143800
4514399a
45143b33
45143ccd
45143e66
45144000
4514419a
45144333
451444cd
45144666
45144800
4514499a
45144b33
45144ccd
45144e66
45145000
4514519a
45145333
451454cd
45145666
45145800
4514599a
45145b33
45145ccd
45145e66
45146000
4514619a
45146333
451464cd
45146666
45146800
4514699a
45146b33
45146ccd
45146e66
45147000
4514719a
45147333
451474cd
45147666
45147800
4514799a
45147b33
45147ccd
45147e66
45148000
4514819a
45148333
451484cd
45148666
45148800
4514899a
45148b33
45148ccd
45148e66
45149000
4514919a
45149333
451494cd
45149666
45149800
4514999a
45149b33
45149ccd
45149e66
4514a000
4514a19a
4514a333
4514a4cd
4514a666
4514a800
4514a99a
4514ab33
4514accd
4514ae66
4514b000
4514b19a
4514b333
4514b4cd
4514b666
4514b800
4514b99a
4514bb33
4514bccd
4514be66
4514c000
4514c19a
4514c333
4514c4cd
4514c666
4514c800
4514c99a
4514cb33
4514cccd
4514ce66
4514d000
4514d19a
4514d333
4514d4cd
4514d666
4514d800
4514d99a
4514db33
4514dccd
4514de66
4514e000
4514e19a
4514e333
4514e4cd
4514e666
4514e800
4514e99a
4514eb33
4514eccd
4514ee66
4514f000
4514f19a
4514f333
4514f4cd
4514f666
4514f800
4514f99a
4514fb33
4514fccd
4514fe66
45150000
4515019a
45150333
451504cd
45150666
45150800
4515099a
45150b33
45150ccd
45150e66
45151000
4515119a
45151333
451514cd
45151666
45151800
4515199a
45151b33
45151ccd
45151e66
45152000
4515219a
45152333
451524cd
45152666
45152800
4515299a
45152b33
45152ccd
45152e66
45153000
4515319a
45153333
451534cd
45153666
45153800
4515399a
45153b33
45153ccd
45153e66
45154000
4515419a
45154333
451544cd
45154666
45154800
4515499a
45154b33
45154ccd
45154e66
45155000
4515519a
45155333
451554cd
45155666
45155800
4515599a
45155b33
45155ccd
45155e66
45156000
4515619a
45156333
451564cd
45156666
45156800
4515699a
45156b33
45156ccd
45156e66
45157000
4515719a
45157333
451574cd
45157666
45157800
4515799a
45157b33
45157ccd
45157e66
45158000
4515819a
45158333
451584cd
45158666
45158800
4515899a
45158b33
45158ccd
45158e66
45159000
4515919a
45159333
451594cd
45159666
45159800
4515999a
45159b33
45159ccd
45159e66
4515a000
4515a19a
4515a333
4515a4cd
4515a666
4515a800
4515a99a
4515ab33
4515accd
4515ae66
4515b000
4515b19a
4515b333
4515b4cd
4515b666
4515b800
4515b99a
4515bb33
4515bccd
4515be66
4515c000
4515c19a
4515c333
4515c4cd
4515c666
4515c800
4515c99a
4515cb33
4515cccd
4515ce66
4515d000
4515d19a
4515d333
4515d4cd
4515d666
4515d800
4515d99a
4515db33
4515dccd
4515de66
4515e000
4515e19a
4515e333
4515e4cd
4515e666
4515e800
4515e99a
4515eb33
4515eccd
4515ee66
4515f000
4515f19a
4515f333
4515f4cd
4515f666
4515f800
4515f99a
4515fb33
4515fccd
4515fe66
45160000
4516019a
45160333
451604cd
45160666
45160800
4516099a
45160b33
45160ccd
45160e66
45161000
4516119a
45161333
451614cd
45161666
45161800
4516199a
45161b33
45161ccd
45161e66
45162000
4516219a
45162333
451624cd
45162666
45162800
4516299a
45162b33
45162ccd
45162e66
45163000
4516319a
45163333
451634cd
45163666
45163800
4516399a
45163b33
45163ccd
45163e66
45164000
4516419a
45164333
451644cd
45164666
45164800
4516499a
45164b33
45164ccd
45164e66
45165000
4516519a
45165333
451654cd
45165666
45165800
4516599a
45165b33
45165ccd
45165e66
45166000
4516619a
45166333
451664cd
45166666
45166800
4516699a
45166b33
45166ccd
45166e66
45167000
4516719a
45167333
451674cd
45167666
45167800
4516799a
45167b33
45167ccd
45167e66
45168000
4516819a
45168333
451684cd
45168666
45168800
4516899a
45168b33
45168ccd
45168e66
45169000
4516919a
45169333
451694cd
45169666
45169800
4516999a
45169b33
45169ccd
45169e66
4516a000
4516a19a
4516a333
4516a4cd
4516a666
4516a800
4516a99a
4516ab33
4516accd
4516ae66
4516b000
4516b19a
4516b333
4516b4cd
4516b666
4516b800
4516b99a
4516bb33
4516bccd
4516be66
4516c000
4516c19a
4516c333
4516c4cd
4516c666
4516c800
4516c99a
4516cb33
4516cccd
4516ce66
4516d000
4516d19a
4516d333
4516d4cd
4516d666
4516d800
4516d99a
4516db33
4516dccd
4516de66
4516e000
4516e19a
4516e333
4516e4cd
4516e666
4516e800
4516e99a
4516eb33
4516eccd
4516ee66
4516f000
4516f19a
4516f333
4516f4cd
4516f666
4516f800
4516f99a
4516fb33
4516fccd
4516fe66
45170000
4517019a
45170333
451704cd
45170666
45170800
4517099a
45170b33
45170ccd
45170e66
45171000
4517119a
45171333
451714cd
45171666
45171800
4517199a
45171b33
45171ccd
45171e66
45172000
4517219a
45172333
451724cd
45172666
45172800
4517299a
45172b33
45172ccd
45172e66
45173000
4517319a
45173333
451734cd
45173666
45173800
4517399a
45173b33
45173ccd
45173e66
45174000
4517419a
45174333
451744cd
45174666
45174800
4517499a
45174b33
45174ccd
45174e66
45175000
4517519a
45175333
451754cd
45175666
45175800
4517599a
45175b33
45175ccd
45175e66
45176000
4517619a
45176333
451764cd
45176666
45176800
4517699a
45176b33
45176ccd
45176e66
45177000
4517719a
45177333
451774cd
45177666
45177800
4517799a
45177b33
45177ccd
45177e66
45178000
4517819a
45178333
451784cd
45178666
45178800
4517899a
45178b33
45178ccd
45178e66
45179000
4517919a
45179333
451794cd
45179666
45179800
4517999a
45179b33
45179ccd
45179e66
4517a000
4517a19a
4517a333
4517a4cd
4517a666
4517a800
4517a99a
4517ab33
4517accd
4517ae66
4517b000
4517b19a
4517b333
4517b4cd
4517b666
4517b800
4517b99a
4517bb33
4517bccd
4517be66
4517c000
4517c19a
4517c333
4517c4cd
4517c666
4517c800
4517c99a
4517cb33
4517cccd
4517ce66
4517d000
4517d19a
4517d333
4517d4cd
4517d666
4517d800
4517d99a
4517db33
4517dccd
4517de66
4517e000
4517e19a
4517e333
4517e4cd
4517e666
4517e800
4517e99a
4517eb33
4517eccd
4517ee66
4517f000
4517f19a
4517f333
4517f4cd
4517f666
4517f800
4517f99a
4517fb33
4517fccd
4517fe66
45180000
4518019a
45180333
451804cd
45180666
45180800
4518099a
45180b33
45180ccd
45180e66
45181000
4518119a
45181333
451814cd
45181666
45181800
4518199a
45181b33
45181ccd
45181e66
45182000
4518219a
45182333
451824cd
45182666
45182800
4518299a
45182b33
45182ccd
45182e66
45183000
4518319a
45183333
451834cd
45183666
45183800
4518399a
45183b33
45183ccd
45183e66
45184000
4518419a
45184333
451844cd
45184666
45184800
4518499a
45184b33
45184ccd
45184e66
45185000
4518519a
45185333
451854cd
45185666
45185800
4518599a
45185b33
45185ccd
45185e66
45186000
4518619a
45186333
451864cd
45186666
45186800
4518699a
45186b33
45186ccd
45186e66
45187000
4518719a
45187333
451874cd
45187666
45187800
4518799a
45187b33
45187ccd
45187e66
45188000
4518819a
45188333
451884cd
45188666
45188800
4518899a
45188b33
45188ccd
45188e66
45189000
4518919a
45189333
451894cd
45189666
45189800
4518999a
45189b33
45189ccd
45189e66
4518a000
4518a19a
4518a333
4518a4cd
4518a666
4518a800
4518a99a
4518ab33
4518accd
4518ae66
4518b000
4518b19a
4518b333
4518b4cd
4518b666
4518b800
4518b99a
4518bb33
4518bccd
4518be66
4518c000
4518c19a
4518c333
4518c4cd
4518c666
4518c800
4518c99a
4518cb33
4518cccd
4518ce66
4518d000
4518d19a
4518d333
4518d4cd
4518d666
4518d800
4518d99a
4518db33
4518dccd
4518de66
4518e000
4518e19a
4518e333
4518e4cd
4518e666
4518e800
4518e99a
4518eb33
4518eccd
4518ee66
4518f000
4518f19a
4518f333
4518f4cd
4518f666
4518f800
4518f99a
4518fb33
4518fccd
4518fe66
45190000
4519019a
45190333
451904cd
45190666
45190800
4519099a
45190b33
45190ccd
45190e66
45191000
4519119a
45191333
451914cd
45191666
45191800
4519199a
45191b33
45191ccd
45191e66
45192000
4519219a
45192333
451924cd
45192666
45192800
4519299a
45192b33
45192ccd
45192e66
45193000
4519319a
45193333
451934cd
45193666
45193800
4519399a
45193b33
45193ccd
45193e66
45194000
4519419a
45194333
451944cd
45194666
45194800
4519499a
45194b33
45194ccd
45194e66
45195000
4519519a
45195333
451954cd
45195666
45195800
4519599a
45195b33
45195ccd
45195e66
45196000
4519619a
45196333
451964cd
45196666
45196800
4519699a
45196b33
45196ccd
45196e66
45197000
4519719a
45197333
451974cd
45197666
45197800
4519799a
45197b33
45197ccd
45197e66
45198000
4519819a
45198333
451984cd
45198666
45198800
4519899a
45198b33
45198ccd
45198e66
45199000
4519919a
45199333
451994cd
45199666
45199800
4519999a
45199b33
45199ccd
45199e66
4519a000
4519a19a
4519a333
4519a4cd
4519a666
4519a800
4519a99a
4519ab33
4519accd
4519ae66
4519b000
4519b19a
4519b333
4519b4cd
4519b666
4519b800
4519b99a
4519bb33
4519bccd
4519be66
4519c000
4519c19a
4519c333
4519c4cd
4519c666
4519c800
4519c99a
4519cb33
4519cccd
4519ce66
4519d000
4519d19a
4519d333
4519d4cd
4519d666
4519d800
4519d99a
4519db33
4519dccd
4519de66
4519e000
4519e19a
4519e333
4519e4cd
4519e666
4519e800
4519e99a
4519eb33
4519eccd
4519ee66
4519f000
4519f19a
4519f333
4519f4cd
4519f666
4519f800
4519f99a
4519fb33
4519fccd
4519fe66
451a0000
451a019a
451a0333
451a04cd
451a0666
451a0800
451a099a
451a0b33
451a0ccd
451a0e66
451a1000
451a119a
451a1333
451a14cd
451a1666
451a1800
451a199a
451a1b33
451a1ccd
451a1e66
451a2000
451a219a
451a2333
451a24cd
451a2666
451a2800
451a299a
451a2b33
451a2ccd
451a2e66
451a3000
451a319a
451a3333
451a34cd
451a3666
451a3800
451a399a
451a3b33
451a3ccd
451a3e66
451a4000
451a419a
451a4333
451a44cd
451a4666
451a4800
451a499a
451a4b33
451a4ccd
451a4e66
451a5000
451a519a
451a5333
451a54cd
451a5666
451a5800
451a599a
451a5b33
451a5ccd
451a5e66
451a6000
451a619a
451a6333
451a64cd
451a6666
451a6800
451a699a
451a6b33
451a6ccd
451a6e66
451a7000
451a719a
451a7333
451a74cd
451a7666
451a7800
451a799a
451a7b33
451a7ccd
451a7e66
451a8000
451a819a
451a8333
451a84cd
451a8666
451a8800
451a899a
451a8b33
451a8ccd
451a8e66
451a9000
451a919a
451a9333
451a94cd
451a9666
451a9800
451a999a
451a9b33
451a9ccd
451a9e66
451aa000
451aa19a
451aa333
451aa4cd
451aa666
451aa800
451aa99a
451aab33
451aaccd
451aae66
451ab000
451ab19a
451ab333
451ab4cd
451ab666
451ab800
451ab99a
451abb33
451abccd
451abe66
451ac000
451ac19a
451ac333
451ac4cd
451ac666
451ac800
451ac99a
451acb33
451acccd
451ace66
451ad000
451ad19a
451ad333
451ad4cd
451ad666
451ad800
451ad99a
451adb33
451adccd
451ade66
451ae000
451ae19a
451ae333
451ae4cd
451ae666
451ae800
451ae99a
451aeb33
451aeccd
451aee66
451af000
451af19a
451af333
451af4cd
451af666
451af800
451af99a
451afb33
451afccd
451afe66
451b0000
451b019a
451b0333
451b04cd
451b0666
451b0800
451b099a
451b0b33
451b0ccd
451b0e66
451b1000
451b119a
451b1333
451b14cd
451b1666
451b1800
451b199a
451b1b33
451b1ccd
451b1e66
451b2000
451b219a
451b2333
451b24cd
451b2666
451b2800
451b299a
451b2b33
451b2ccd
451b2e66
451b3000
451b319a
451b3333
451b34cd
451b3666
451b3800
451b399a
451b3b33
451b3ccd
451b3e66
451b4000
451b419a
451b4333
451b44cd
451b4666
451b4800
451b499a
451b4b33
451b4ccd
451b4e66
451b5000
451b519a
451b5333
451b54cd
451b5666
451b5800
451b599a
451b5b33
451b5ccd
451b5e66
451b6000
451b619a
451b6333
451b64cd
451b6666
451b6800
451b699a
451b6b33
451b6ccd
451b6e66
451b7000
451b719a
451b7333
451b74cd
451b7666
451b7800
451b799a
451b7b33
451b7ccd
451b7e66
451b8000
451b819a
451b8333
451b84cd
451b8666
451b8800
451b899a
451b8b33
451b8ccd
451b8e66
451b9000
451b919a
451b9333
451b94cd
451b9666
451b9800
451b999a
451b9b33
451b9ccd
451b9e66
451ba000
451ba19a
451ba333
451ba4cd
451ba666
451ba800
451ba99a
451bab33
451baccd
451bae66
451bb000
451bb19a
451bb333
451bb4cd
451bb666
451bb800
451bb99a
451bbb33
451bbccd
451bbe66
451bc000
451bc19a
451bc333
451bc4cd
451bc666
451bc800
451bc99a
451bcb33
451bcccd
451bce66
451bd000
451bd19a
451bd333
451bd4cd
451bd666
451bd800
451bd99a
451bdb33
451bdccd
451bde66
451be000
451be19a
451be333
451be4cd
451be666
451be800
451be99a
451beb33
451beccd
451bee66
451bf000
451bf19a
451bf333
451bf4cd
451bf666
451bf800
451bf99a
451bfb33
451bfccd
451bfe66
451c0000
451c019a
451c0333
451c04cd
451c0666
451c0800
451c099a
451c0b33
451c0ccd
451c0e66
451c1000
451c119a
451c1333
451c14cd
451c1666
451c1800
451c199a
451c1b33
451c1ccd
451c1e66
451c2000
451c219a
451c2333
451c24cd
451c2666
451c2800
451c299a
451c2b33
451c2ccd
451c2e66
451c3000
451c319a
451c3333
451c34cd
451c3666
451c3800
451c399a
451c3b33
451c3ccd
451c3e66
451c4000
451c419a
451c4333
451c44cd
451c4666
451c4800
451c499a
451c4b33
451c4ccd
451c4e66
451c5000
451c519a
451c5333
451c54cd
451c5666
451c5800
451c599a
451c5b33
451c5ccd
451c5e66
451c6000
451c619a
451c6333
451c64cd
451c6666
451c6800
451c699a
451c6b33
451c6ccd
451c6e66
451c7000
451c719a
451c7333
451c74cd
451c7666
451c7800
451c799a
451c7b33
451c7ccd
451c7e66
451c8000
451c819a
451c8333
451c84cd
451c8666
451c8800
451c899a
451c8b33
451c8ccd
451c8e66
451c9000
451c919a
451c9333
451c94cd
451c9666
451c9800
451c999a
451c9b33
451c9ccd
451c9e66
451ca000
451ca19a
451ca333
451ca4cd
451ca666
451ca800
451ca99a
451cab33
451caccd
451cae66
451cb000
451cb19a
451cb333
451cb4cd
451cb666
451cb800
451cb99a
451cbb33
451cbccd
451cbe66
451cc000
451cc19a
451cc333
451cc4cd
451cc666
451cc800
451cc99a
451ccb33
451ccccd
451cce66
451cd000
451cd19a
451cd333
451cd4cd
451cd666
451cd800
451cd99a
451cdb33
451cdccd
451cde66
451ce000
451ce19a
451ce333
451ce4cd
451ce666
451ce800
451ce99a
451ceb33
451ceccd
451cee66
451cf000
451cf19a
451cf333
451cf4cd
451cf666
451cf800
451cf99a
451cfb33
451cfccd
451cfe66
451d0000
451d019a
451d0333
451d04cd
451d0666
451d0800
451d099a
451d0b33
451d0ccd
451d0e66
451d1000
451d119a
451d1333
451d14cd
451d1666
451d1800
451d199a
451d1b33
451d1ccd
451d1e66
451d2000
451d219a
451d2333
451d24cd
451d2666
451d2800
451d299a
451d2b33
451d2ccd
451d2e66
451d3000
451d319a
451d3333
451d34cd
451d3666
451d3800
451d399a
451d3b33
451d3ccd
451d3e66
451d4000
451d419a
451d4333
451d44cd
451d4666
451d4800
451d499a
451d4b33
451d4ccd
451d4e66
451d5000
451d519a
451d5333
451d54cd
451d5666
451d5800
451d599a
451d5b33
451d5ccd
451d5e66
451d6000
451d619a
451d6333
451d64cd
451d6666
451d6800
451d699a
451d6b33
451d6ccd
451d6e66
451d7000
451d719a
451d7333
451d74cd
451d7666
451d7800
451d799a
451d7b33
451d7ccd
451d7e66
451d8000
451d819a
451d8333
451d84cd
451d8666
451d8800
451d899a
451d8b33
451d8ccd
451d8e66
451d9000
451d919a
451d9333
451d94cd
451d9666
451d9800
451d999a
451d9b33
451d9ccd
451d9e66
451da000
451da19a
451da333
451da4cd
451da666
451da800
451da99a
451dab33
451daccd
451dae66
451db000
451db19a
451db333
451db4cd
451db666
451db800
451db99a
451dbb33
451dbccd
451dbe66
451dc000
451dc19a
451dc333
451dc4cd
451dc666
451dc800
451dc99a
451dcb33
451dcccd
451dce66
451dd000
451dd19a
451dd333
451dd4cd
451dd666
451dd800
451dd99a
451ddb33
451ddccd
451dde66
451de000
451de19a
451de333
451de4cd
451de666
451de800
451de99a
451deb33
451deccd
451dee66
451df000
451df19a
451df333
451df4cd
451df666
451df800
451df99a
451dfb33
451dfccd
451dfe66
451e0000
451e019a
451e0333
451e04cd
451e0666
451e0800
451e099a
451e0b33
451e0ccd
451e0e66
451e1000
451e119a
451e1333
451e14cd
451e1666
451e1800
451e199a
451e1b33
451e1ccd
451e1e66
451e2000
451e219a
451e2333
451e24cd
451e2666
451e2800
451e299a
451e2b33
451e2ccd
451e2e66
451e3000
451e319a
451e3333
451e34cd
451e3666
451e3800
451e399a
451e3b33
451e3ccd
451e3e66
451e4000
451e419a
451e4333
451e44cd
451e4666
451e4800
451e499a
451e4b33
451e4ccd
451e4e66
451e5000
451e519a
451e5333
451e54cd
451e5666
451e5800
451e599a
451e5b33
451e5ccd
451e5e66
451e6000
451e619a
451e6333
451e64cd
451e6666
451e6800
451e699a
451e6b33
451e6ccd
451e6e66
451e7000
451e719a
451e7333
451e74cd
451e7666
451e7800
451e799a
451e7b33
451e7ccd
451e7e66
451e8000
451e819a
451e8333
451e84cd
451e8666
451e8800
451e899a
451e8b33
451e8ccd
451e8e66
451e9000
451e919a
451e9333
451e94cd
451e9666
451e9800
451e999a
451e9b33
451e9ccd
451e9e66
451ea000
451ea19a
451ea333
451ea4cd
451ea666
451ea800
451ea99a
451eab33
451eaccd
451eae66
451eb000
451eb19a
451eb333
451eb4cd
451eb666
451eb800
451eb99a
451ebb33
451ebccd
451ebe66
451ec000
451ec19a
451ec333
451ec4cd
451ec666
451ec800
451ec99a
451ecb33
451ecccd
451ece66
451ed000
451ed19a
451ed333
451ed4cd
451ed666
451ed800
451ed99a
451edb33
451edccd
451ede66
451ee000
451ee19a
451ee333
451ee4cd
451ee666
451ee800
451ee99a
451eeb33
451eeccd
451eee66
451ef000
451ef19a
451ef333
451ef4cd
451ef666
451ef800
451ef99a
451efb33
451efccd
451efe66
451f0000
451f019a
451f0333
451f04cd
451f0666
451f0800
451f099a
451f0b33
451f0ccd
451f0e66
451f1000
451f119a
451f1333
451f14cd
451f1666
451f1800
451f199a
451f1b33
451f1ccd
451f1e66
451f2000
451f219a
451f2333
451f24cd
451f2666
451f2800
451f299a
451f2b33
451f2ccd
451f2e66
451f3000
451f319a
451f3333
451f34cd
451f3666
451f3800
451f399a
451f3b33
451f3ccd
451f3e66
451f4000
451f419a
451f4333
451f44cd
451f4666
451f4800
451f499a
451f4b33
451f4ccd
451f4e66
451f5000
451f519a
451f5333
451f54cd
451f5666
451f5800
451f599a
451f5b33
451f5ccd
451f5e66
451f6000
451f619a
451f6333
451f64cd
451f6666
451f6800
451f699a
451f6b33
451f6ccd
451f6e66
451f7000
451f719a
451f7333
451f74cd
451f7666
451f7800
451f799a
451f7b33
451f7ccd
451f7e66
451f8000
451f819a
451f8333
451f84cd
451f8666
451f8800
451f899a
451f8b33
451f8ccd
451f8e66
451f9000
451f919a
451f9333
451f94cd
451f9666
451f9800
451f999a
451f9b33
451f9ccd
451f9e66
451fa000
451fa19a
451fa333
451fa4cd
451fa666
451fa800
451fa99a
451fab33
451faccd
451fae66
451fb000
451fb19a
451fb333
451fb4cd
451fb666
451fb800
451fb99a
451fbb33
451fbccd
451fbe66
451fc000
451fc19a
451fc333
451fc4cd
451fc666
451fc800
451fc99a
451fcb33
451fcccd
451fce66
451fd000
451fd19a
451fd333
451fd4cd
451fd666
451fd800
451fd99a
451fdb33
451fdccd
451fde66
451fe000
451fe19a
451fe333
451fe4cd
451fe666
451fe800
451fe99a
451feb33
451feccd
451fee66
451ff000
451ff19a
451ff333
451ff4cd
451ff666
451ff800
451ff99a
451ffb33
451ffccd
451ffe66
45200000
4520019a
45200333
452004cd
45200666
45200800
4520099a
45200b33
45200ccd
45200e66
45201000
4520119a
45201333
452014cd
45201666
45201800
4520199a
45201b33
45201ccd
45201e66
45202000
4520219a
45202333
452024cd
45202666
45202800
4520299a
45202b33
45202ccd
45202e66
45203000
4520319a
45203333
452034cd
45203666
45203800
4520399a
45203b33
45203ccd
45203e66
45204000
4520419a
45204333
452044cd
45204666
45204800
4520499a
45204b33
45204ccd
45204e66
45205000
4520519a
45205333
452054cd
45205666
45205800
4520599a
45205b33
45205ccd
45205e66
45206000
4520619a
45206333
452064cd
45206666
45206800
4520699a
45206b33
45206ccd
45206e66
45207000
4520719a
45207333
452074cd
45207666
45207800
4520799a
45207b33
45207ccd
45207e66
45208000
4520819a
45208333
452084cd
45208666
45208800
4520899a
45208b33
45208ccd
45208e66
45209000
4520919a
45209333
452094cd
45209666
45209800
4520999a
45209b33
45209ccd
45209e66
4520a000
4520a19a
4520a333
4520a4cd
4520a666
4520a800
4520a99a
4520ab33
4520accd
4520ae66
4520b000
4520b19a
4520b333
4520b4cd
4520b666
4520b800
4520b99a
4520bb33
4520bccd
4520be66
4520c000
4520c19a
4520c333
4520c4cd
4520c666
4520c800
4520c99a
4520cb33
4520cccd
4520ce66
4520d000
4520d19a
4520d333
4520d4cd
4520d666
4520d800
4520d99a
4520db33
4520dccd
4520de66
4520e000
4520e19a
4520e333
4520e4cd
4520e666
4520e800
4520e99a
4520eb33
4520eccd
4520ee66
4520f000
4520f19a
4520f333
4520f4cd
4520f666
4520f800
4520f99a
4520fb33
4520fccd
4520fe66
45210000
4521019a
45210333
452104cd
45210666
45210800
4521099a
45210b33
45210ccd
45210e66
45211000
4521119a
45211333
452114cd
45211666
45211800
4521199a
45211b33
45211ccd
45211e66
45212000
4521219a
45212333
452124cd
45212666
45212800
4521299a
45212b33
45212ccd
45212e66
45213000
4521319a
45213333
452134cd
45213666
45213800
4521399a
45213b33
45213ccd
45213e66
45214000
4521419a
45214333
452144cd
45214666
45214800
4521499a
45214b33
45214ccd
45214e66
45215000
4521519a
45215333
452154cd
45215666
45215800
4521599a
45215b33
45215ccd
45215e66
45216000
4521619a
45216333
452164cd
45216666
45216800
4521699a
45216b33
45216ccd
45216e66
45217000
4521719a
45217333
452174cd
45217666
45217800
4521799a
45217b33
45217ccd
45217e66
45218000
4521819a
45218333
452184cd
45218666
45218800
4521899a
45218b33
45218ccd
45218e66
45219000
4521919a
45219333
452194cd
45219666
45219800
4521999a
45219b33
45219ccd
45219e66
4521a000
4521a19a
4521a333
4521a4cd
4521a666
4521a800
4521a99a
4521ab33
4521accd
4521ae66
4521b000
4521b19a
4521b333
4521b4cd
4521b666
4521b800
4521b99a
4521bb33
4521bccd
4521be66
4521c000
4521c19a
4521c333
4521c4cd
4521c666
4521c800
4521c99a
4521cb33
4521cccd
4521ce66
4521d000
4521d19a
4521d333
4521d4cd
4521d666
4521d800
4521d99a
4521db33
4521dccd
4521de66
4521e000
4521e19a
4521e333
4521e4cd
4521e666
4521e800
4521e99a
4521eb33
4521eccd
4521ee66
4521f000
4521f19a
4521f333
4521f4cd
4521f666
4521f800
4521f99a
4521fb33
4521fccd
4521fe66
45220000
4522019a
45220333
452204cd
45220666
45220800
4522099a
45220b33
45220ccd
45220e66
45221000
4522119a
45221333
452214cd
45221666
45221800
4522199a
45221b33
45221ccd
45221e66
45222000
4522219a
45222333
452224cd
45222666
45222800
4522299a
45222b33
45222ccd
45222e66
45223000
4522319a
45223333
452234cd
45223666
45223800
4522399a
45223b33
45223ccd
45223e66
45224000
4522419a
45224333
452244cd
45224666
45224800
4522499a
45224b33
45224ccd
45224e66
45225000
4522519a
45225333
452254cd
45225666
45225800
4522599a
45225b33
45225ccd
45225e66
45226000
4522619a
45226333
452264cd
45226666
45226800
4522699a
45226b33
45226ccd
45226e66
45227000
4522719a
45227333
452274cd
45227666
45227800
4522799a
45227b33
45227ccd
45227e66
45228000
4522819a
45228333
452284cd
45228666
45228800
4522899a
45228b33
45228ccd
45228e66
45229000
4522919a
45229333
452294cd
45229666
45229800
4522999a
45229b33
45229ccd
45229e66
4522a000
4522a19a
4522a333
4522a4cd
4522a666
4522a800
4522a99a
4522ab33
4522accd
4522ae66
4522b000
4522b19a
4522b333
4522b4cd
4522b666
4522b800
4522b99a
4522bb33
4522bccd
4522be66
4522c000
4522c19a
4522c333
4522c4cd
4522c666
4522c800
4522c99a
4522cb33
4522cccd
4522ce66
4522d000
4522d19a
4522d333
4522d4cd
4522d666
4522d800
4522d99a
4522db33
4522dccd
4522de66
4522e000
4522e19a
4522e333
4522e4cd
4522e666
4522e800
4522e99a
4522eb33
4522eccd
4522ee66
4522f000
4522f19a
4522f333
4522f4cd
4522f666
4522f800
4522f99a
4522fb33
4522fccd
4522fe66
45230000
4523019a
45230333
452304cd
45230666
45230800
4523099a
45230b33
45230ccd
45230e66
45231000
4523119a
45231333
452314cd
45231666
45231800
4523199a
45231b33
45231ccd
45231e66
45232000
4523219a
45232333
452324cd
45232666
45232800
4523299a
45232b33
45232ccd
45232e66
45233000
4523319a
45233333
452334cd
45233666
45233800
4523399a
45233b33
45233ccd
45233e66
45234000
4523419a
45234333
452344cd
45234666
45234800
4523499a
45234b33
45234ccd
45234e66
45235000
4523519a
45235333
452354cd
45235666
45235800
4523599a
45235b33
45235ccd
45235e66
45236000
4523619a
45236333
452364cd
45236666
45236800
4523699a
45236b33
45236ccd
45236e66
45237000
4523719a
45237333
452374cd
45237666
45237800
4523799a
45237b33
45237ccd
45237e66
45238000
4523819a
45238333
452384cd
45238666
45238800
4523899a
45238b33
45238ccd
45238e66
45239000
4523919a
45239333
452394cd
45239666
45239800
4523999a
45239b33
45239ccd
45239e66
4523a000
4523a19a
4523a333
4523a4cd
4523a666
4523a800
4523a99a
4523ab33
4523accd
4523ae66
4523b000
4523b19a
4523b333
4523b4cd
4523b666
4523b800
4523b99a
4523bb33
4523bccd
4523be66
4523c000
4523c19a
4523c333
4523c4cd
4523c666
4523c800
4523c99a
4523cb33
4523cccd
4523ce66
4523d000
4523d19a
4523d333
4523d4cd
4523d666
4523d800
4523d99a
4523db33
4523dccd
4523de66
4523e000
4523e19a
4523e333
4523e4cd
4523e666
4523e800
4523e99a
4523eb33
4523eccd
4523ee66
4523f000
4523f19a
4523f333
4523f4cd
4523f666
4523f800
4523f99a
4523fb33
4523fccd
4523fe66
45240000
4524019a
45240333
452404cd
45240666
45240800
4524099a
45240b33
45240ccd
45240e66
45241000
4524119a
45241333
452414cd
45241666
45241800
4524199a
45241b33
45241ccd
45241e66
45242000
4524219a
45242333
452424cd
45242666
45242800
4524299a
45242b33
45242ccd
45242e66
45243000
4524319a
45243333
452434cd
45243666
45243800
4524399a
45243b33
45243ccd
45243e66
45244000
4524419a
45244333
452444cd
45244666
45244800
4524499a
45244b33
45244ccd
45244e66
45245000
4524519a
45245333
452454cd
45245666
45245800
4524599a
45245b33
45245ccd
45245e66
45246000
4524619a
45246333
452464cd
45246666
45246800
4524699a
45246b33
45246ccd
45246e66
45247000
4524719a
45247333
452474cd
45247666
45247800
4524799a
45247b33
45247ccd
45247e66
45248000
4524819a
45248333
452484cd
45248666
45248800
4524899a
45248b33
45248ccd
45248e66
45249000
4524919a
45249333
452494cd
45249666
45249800
4524999a
45249b33
45249ccd
45249e66
4524a000
4524a19a
4524a333
4524a4cd
4524a666
4524a800
4524a99a
4524ab33
4524accd
4524ae66
4524b000
4524b19a
4524b333
4524b4cd
4524b666
4524b800
4524b99a
4524bb33
4524bccd
4524be66
4524c000
4524c19a
4524c333
4524c4cd
4524c666
4524c800
4524c99a
4524cb33
4524cccd
4524ce66
4524d000
4524d19a
4524d333
4524d4cd
4524d666
4524d800
4524d99a
4524db33
4524dccd
4524de66
4524e000
4524e19a
4524e333
4524e4cd
4524e666
4524e800
4524e99a
4524eb33
4524eccd
4524ee66
4524f000
4524f19a
4524f333
4524f4cd
4524f666
4524f800
4524f99a
4524fb33
4524fccd
4524fe66
45250000
4525019a
45250333
452504cd
45250666
45250800
4525099a
45250b33
45250ccd
45250e66
45251000
4525119a
45251333
452514cd
45251666
45251800
4525199a
45251b33
45251ccd
45251e66
45252000
4525219a
45252333
452524cd
45252666
45252800
4525299a
45252b33
45252ccd
45252e66
45253000
4525319a
45253333
452534cd
45253666
45253800
4525399a
45253b33
45253ccd
45253e66
45254000
4525419a
45254333
452544cd
45254666
45254800
4525499a
45254b33
45254ccd
45254e66
45255000
4525519a
45255333
452554cd
45255666
45255800
4525599a
45255b33
45255ccd
45255e66
45256000
4525619a
45256333
452564cd
45256666
45256800
4525699a
45256b33
45256ccd
45256e66
45257000
4525719a
45257333
452574cd
45257666
45257800
4525799a
45257b33
45257ccd
45257e66
45258000
4525819a
45258333
452584cd
45258666
45258800
4525899a
45258b33
45258ccd
45258e66
45259000
4525919a
45259333
452594cd
45259666
45259800
4525999a
45259b33
45259ccd
45259e66
4525a000
4525a19a
4525a333
4525a4cd
4525a666
4525a800
4525a99a
4525ab33
4525accd
4525ae66
4525b000
4525b19a
4525b333
4525b4cd
4525b666
4525b800
4525b99a
4525bb33
4525bccd
4525be66
4525c000
4525c19a
4525c333
4525c4cd
4525c666
4525c800
4525c99a
4525cb33
4525cccd
4525ce66
4525d000
4525d19a
4525d333
4525d4cd
4525d666
4525d800
4525d99a
4525db33
4525dccd
4525de66
4525e000
4525e19a
4525e333
4525e4cd
4525e666
4525e800
4525e99a
4525eb33
4525eccd
4525ee66
4525f000
4525f19a
4525f333
4525f4cd
4525f666
4525f800
4525f99a
4525fb33
4525fccd
4525fe66
45260000
4526019a
45260333
452604cd
45260666
45260800
4526099a
45260b33
45260ccd
45260e66
45261000
4526119a
45261333
452614cd
45261666
45261800
4526199a
45261b33
45261ccd
45261e66
45262000
4526219a
45262333
452624cd
45262666
45262800
4526299a
45262b33
45262ccd
45262e66
45263000
4526319a
45263333
452634cd
45263666
45263800
4526399a
45263b33
45263ccd
45263e66
45264000
4526419a
45264333
452644cd
45264666
45264800
4526499a
45264b33
45264ccd
45264e66
45265000
4526519a
45265333
452654cd
45265666
45265800
4526599a
45265b33
45265ccd
45265e66
45266000
4526619a
45266333
452664cd
45266666
45266800
4526699a
45266b33
45266ccd
45266e66
45267000
4526719a
45267333
452674cd
45267666
45267800
4526799a
45267b33
45267ccd
45267e66
45268000
4526819a
45268333
452684cd
45268666
45268800
4526899a
45268b33
45268ccd
45268e66
45269000
4526919a
45269333
452694cd
45269666
45269800
4526999a
45269b33
45269ccd
45269e66
4526a000
4526a19a
4526a333
4526a4cd
4526a666
4526a800
4526a99a
4526ab33
4526accd
4526ae66
4526b000
4526b19a
4526b333
4526b4cd
4526b666
4526b800
4526b99a
4526bb33
4526bccd
4526be66
4526c000
4526c19a
4526c333
4526c4cd
4526c666
4526c800
4526c99a
4526cb33
4526cccd
4526ce66
4526d000
4526d19a
4526d333
4526d4cd
4526d666
4526d800
4526d99a
4526db33
4526dccd
4526de66
4526e000
4526e19a
4526e333
4526e4cd
4526e666
4526e800
4526e99a
4526eb33
4526eccd
4526ee66
4526f000
4526f19a
4526f333
4526f4cd
4526f666
4526f800
4526f99a
4526fb33
4526fccd
4526fe66
45270000
4527019a
45270333
452704cd
45270666
45270800
4527099a
45270b33
45270ccd
45270e66
45271000
4527119a
45271333
452714cd
45271666
45271800
4527199a
45271b33
45271ccd
45271e66
45272000
4527219a
45272333
452724cd
45272666
45272800
4527299a
45272b33
45272ccd
45272e66
45273000
4527319a
45273333
452734cd
45273666
45273800
4527399a
45273b33
45273ccd
45273e66
45274000
4527419a
45274333
452744cd
45274666
45274800
4527499a
45274b33
45274ccd
45274e66
45275000
4527519a
45275333
452754cd
45275666
45275800
4527599a
45275b33
45275ccd
45275e66
45276000
4527619a
45276333
452764cd
45276666
45276800
4527699a
45276b33
45276ccd
45276e66
45277000
4527719a
45277333
452774cd
45277666
45277800
4527799a
45277b33
45277ccd
45277e66
45278000
4527819a
45278333
452784cd
45278666
45278800
4527899a
45278b33
45278ccd
45278e66
45279000
4527919a
45279333
452794cd
45279666
45279800
4527999a
45279b33
45279ccd
45279e66
4527a000
4527a19a
4527a333
4527a4cd
4527a666
4527a800
4527a99a
4527ab33
4527accd
4527ae66
4527b000
4527b19a
4527b333
4527b4cd
4527b666
4527b800
4527b99a
4527bb33
4527bccd
4527be66
4527c000
4527c19a
4527c333
4527c4cd
4527c666
4527c800
4527c99a
4527cb33
4527cccd
4527ce66
4527d000
4527d19a
4527d333
4527d4cd
4527d666
4527d800
4527d99a
4527db33
4527dccd
4527de66
4527e000
4527e19a
4527e333
4527e4cd
4527e666
4527e800
4527e99a
4527eb33
4527eccd
4527ee66
4527f000
4527f19a
4527f333
4527f4cd
4527f666
4527f800
4527f99a
4527fb33
4527fccd
4527fe66
45280000
4528019a
45280333
452804cd
45280666
45280800
4528099a
45280b33
45280ccd
45280e66
45281000
4528119a
45281333
452814cd
45281666
45281800
4528199a
45281b33
45281ccd
45281e66
45282000
4528219a
45282333
452824cd
45282666
45282800
4528299a
45282b33
45282ccd
45282e66
45283000
4528319a
45283333
452834cd
45283666
45283800
4528399a
45283b33
45283ccd
45283e66
45284000
4528419a
45284333
452844cd
45284666
45284800
4528499a
45284b33
45284ccd
45284e66
45285000
4528519a
45285333
452854cd
45285666
45285800
4528599a
45285b33
45285ccd
45285e66
45286000
4528619a
45286333
452864cd
45286666
45286800
4528699a
45286b33
45286ccd
45286e66
45287000
4528719a
45287333
452874cd
45287666
45287800
4528799a
45287b33
45287ccd
45287e66
45288000
4528819a
45288333
452884cd
45288666
45288800
4528899a
45288b33
45288ccd
45288e66
45289000
4528919a
45289333
452894cd
45289666
45289800
4528999a
45289b33
45289ccd
45289e66
4528a000
4528a19a
4528a333
4528a4cd
4528a666
4528a800
4528a99a
4528ab33
4528accd
4528ae66
4528b000
4528b19a
4528b333
4528b4cd
4528b666
4528b800
4528b99a
4528bb33
4528bccd
4528be66
4528c000
4528c19a
4528c333
4528c4cd
4528c666
4528c800
4528c99a
4528cb33
4528cccd
4528ce66
4528d000
4528d19a
4528d333
4528d4cd
4528d666
4528d800
4528d99a
4528db33
4528dccd
4528de66
4528e000
4528e19a
4528e333
4528e4cd
4528e666
4528e800
4528e99a
4528eb33
4528eccd
4528ee66
4528f000
4528f19a
4528f333
4528f4cd
4528f666
4528f800
4528f99a
4528fb33
4528fccd
4528fe66
45290000
4529019a
45290333
452904cd
45290666
45290800
4529099a
45290b33
45290ccd
45290e66
45291000
4529119a
45291333
452914cd
45291666
45291800
4529199a
45291b33
45291ccd
45291e66
45292000
4529219a
45292333
452924cd
45292666
45292800
4529299a
45292b33
45292ccd
45292e66
45293000
4529319a
45293333
452934cd
45293666
45293800
4529399a
45293b33
45293ccd
45293e66
45294000
4529419a
45294333
452944cd
45294666
45294800
4529499a
45294b33
45294ccd
45294e66
45295000
4529519a
45295333
452954cd
45295666
45295800
4529599a
45295b33
45295ccd
45295e66
45296000
4529619a
45296333
452964cd
45296666
45296800
4529699a
45296b33
45296ccd
45296e66
45297000
4529719a
45297333
452974cd
45297666
45297800
4529799a
45297b33
45297ccd
45297e66
45298000
4529819a
45298333
452984cd
45298666
45298800
4529899a
45298b33
45298ccd
45298e66
45299000
4529919a
45299333
452994cd
45299666
45299800
4529999a
45299b33
45299ccd
45299e66
4529a000
4529a19a
4529a333
4529a4cd
4529a666
4529a800
4529a99a
4529ab33
4529accd
4529ae66
4529b000
4529b19a
4529b333
4529b4cd
4529b666
4529b800
4529b99a
4529bb33
4529bccd
4529be66
4529c000
4529c19a
4529c333
4529c4cd
4529c666
4529c800
4529c99a
4529cb33
4529cccd
4529ce66
4529d000
4529d19a
4529d333
4529d4cd
4529d666
4529d800
4529d99a
4529db33
4529dccd
4529de66
4529e000
4529e19a
4529e333
4529e4cd
4529e666
4529e800
4529e99a
4529eb33
4529eccd
4529ee66
4529f000
4529f19a
4529f333
4529f4cd
4529f666
4529f800
4529f99a
4529fb33
4529fccd
4529fe66
452a0000
452a019a
452a0333
452a04cd
452a0666
452a0800
452a099a
452a0b33
452a0ccd
452a0e66
452a1000
452a119a
452a1333
452a14cd
452a1666
452a1800
452a199a
452a1b33
452a1ccd
452a1e66
452a2000
452a219a
452a2333
452a24cd
452a2666
452a2800
452a299a
452a2b33
452a2ccd
452a2e66
452a3000
452a319a
452a3333
452a34cd
452a3666
452a3800
452a399a
452a3b33
452a3ccd
452a3e66
452a4000
452a419a
452a4333
452a44cd
452a4666
452a4800
452a499a
452a4b33
452a4ccd
452a4e66
452a5000
452a519a
452a5333
452a54cd
452a5666
452a5800
452a599a
452a5b33
452a5ccd
452a5e66
452a6000
452a619a
452a6333
452a64cd
452a6666
452a6800
452a699a
452a6b33
452a6ccd
452a6e66
452a7000
452a719a
452a7333
452a74cd
452a7666
452a7800
452a799a
452a7b33
452a7ccd
452a7e66
452a8000
452a819a
452a8333
452a84cd
452a8666
452a8800
452a899a
452a8b33
452a8ccd
452a8e66
452a9000
452a919a
452a9333
452a94cd
452a9666
452a9800
452a999a
452a9b33
452a9ccd
452a9e66
452aa000
452aa19a
452aa333
452aa4cd
452aa666
452aa800
452aa99a
452aab33
452aaccd
452aae66
452ab000
452ab19a
452ab333
452ab4cd
452ab666
452ab800
452ab99a
452abb33
452abccd
452abe66
452ac000
452ac19a
452ac333
452ac4cd
452ac666
452ac800
452ac99a
452acb33
452acccd
452ace66
452ad000
452ad19a
452ad333
452ad4cd
452ad666
452ad800
452ad99a
452adb33
452adccd
452ade66
452ae000
452ae19a
452ae333
452ae4cd
452ae666
452ae800
452ae99a
452aeb33
452aeccd
452aee66
452af000
452af19a
452af333
452af4cd
452af666
452af800
452af99a
452afb33
452afccd
452afe66
452b0000
452b019a
452b0333
452b04cd
452b0666
452b0800
452b099a
452b0b33
452b0ccd
452b0e66
452b1000
452b119a
452b1333
452b14cd
452b1666
452b1800
452b199a
452b1b33
452b1ccd
452b1e66
452b2000
452b219a
452b2333
452b24cd
452b2666
452b2800
452b299a
452b2b33
452b2ccd
452b2e66
452b3000
452b319a
452b3333
452b34cd
452b3666
452b3800
452b399a
452b3b33
452b3ccd
452b3e66
452b4000
452b419a
452b4333
452b44cd
452b4666
452b4800
452b499a
452b4b33
452b4ccd
452b4e66
452b5000
452b519a
452b5333
452b54cd
452b5666
452b5800
452b599a
452b5b33
452b5ccd
452b5e66
452b6000
452b619a
452b6333
452b64cd
452b6666
452b6800
452b699a
452b6b33
452b6ccd
452b6e66
452b7000
452b719a
452b7333
452b74cd
452b7666
452b7800
452b799a
452b7b33
452b7ccd
452b7e66
452b8000
452b819a
452b8333
452b84cd
452b8666
452b8800
452b899a
452b8b33
452b8ccd
452b8e66
452b9000
452b919a
452b9333
452b94cd
452b9666
452b9800
452b999a
452b9b33
452b9ccd
452b9e66
452ba000
452ba19a
452ba333
452ba4cd
452ba666
452ba800
452ba99a
452bab33
452baccd
452bae66
452bb000
452bb19a
452bb333
452bb4cd
452bb666
452bb800
452bb99a
452bbb33
452bbccd
452bbe66
452bc000
452bc19a
452bc333
452bc4cd
452bc666
452bc800
452bc99a
452bcb33
452bcccd
452bce66
452bd000
452bd19a
452bd333
452bd4cd
452bd666
452bd800
452bd99a
452bdb33
452bdccd
452bde66
452be000
452be19a
452be333
452be4cd
452be666
452be800
452be99a
452beb33
452beccd
452bee66
452bf000
452bf19a
452bf333
452bf4cd
452bf666
452bf800
452bf99a
452bfb33
452bfccd
452bfe66
452c0000
452c019a
452c0333
452c04cd
452c0666
452c0800
452c099a
452c0b33
452c0ccd
452c0e66
452c1000
452c119a
452c1333
452c14cd
452c1666
452c1800
452c199a
452c1b33
452c1ccd
452c1e66
452c2000
452c219a
452c2333
452c24cd
452c2666
452c2800
452c299a
452c2b33
452c2ccd
452c2e66
452c3000
452c319a
452c3333
452c34cd
452c3666
452c3800
452c399a
452c3b33
452c3ccd
452c3e66
452c4000
452c419a
452c4333
452c44cd
452c4666
452c4800
452c499a
452c4b33
452c4ccd
452c4e66
452c5000
452c519a
452c5333
452c54cd
452c5666
452c5800
452c599a
452c5b33
452c5ccd
452c5e66
452c6000
452c619a
452c6333
452c64cd
452c6666
452c6800
452c699a
452c6b33
452c6ccd
452c6e66
452c7000
452c719a
452c7333
452c74cd
452c7666
452c7800
452c799a
452c7b33
452c7ccd
452c7e66
452c8000
452c819a
452c8333
452c84cd
452c8666
452c8800
452c899a
452c8b33
452c8ccd
452c8e66
452c9000
452c919a
452c9333
452c94cd
452c9666
452c9800
452c999a
452c9b33
452c9ccd
452c9e66
452ca000
452ca19a
452ca333
452ca4cd
452ca666
452ca800
452ca99a
452cab33
452caccd
452cae66
452cb000
452cb19a
452cb333
452cb4cd
452cb666
452cb800
452cb99a
452cbb33
452cbccd
452cbe66
452cc000
452cc19a
452cc333
452cc4cd
452cc666
452cc800
452cc99a
452ccb33
452ccccd
452cce66
452cd000
452cd19a
452cd333
452cd4cd
452cd666
452cd800
452cd99a
452cdb33
452cdccd
452cde66
452ce000
452ce19a
452ce333
452ce4cd
452ce666
452ce800
452ce99a
452ceb33
452ceccd
452cee66
452cf000
452cf19a
452cf333
452cf4cd
452cf666
452cf800
452cf99a
452cfb33
452cfccd
452cfe66
452d0000
452d019a
452d0333
452d04cd
452d0666
452d0800
452d099a
452d0b33
452d0ccd
452d0e66
452d1000
452d119a
452d1333
452d14cd
452d1666
452d1800
452d199a
452d1b33
452d1ccd
452d1e66
452d2000
452d219a
452d2333
452d24cd
452d2666
452d2800
452d299a
452d2b33
452d2ccd
452d2e66
452d3000
452d319a
452d3333
452d34cd
452d3666
452d3800
452d399a
452d3b33
452d3ccd
452d3e66
452d4000
452d419a
452d4333
452d44cd
452d4666
452d4800
452d499a
452d4b33
452d4ccd
452d4e66
452d5000
452d519a
452d5333
452d54cd
452d5666
452d5800
452d599a
452d5b33
452d5ccd
452d5e66
452d6000
452d619a
452d6333
452d64cd
452d6666
452d6800
452d699a
452d6b33
452d6ccd
452d6e66
452d7000
452d719a
452d7333
452d74cd
452d7666
452d7800
452d799a
452d7b33
452d7ccd
452d7e66
452d8000
452d819a
452d8333
452d84cd
452d8666
452d8800
452d899a
452d8b33
452d8ccd
452d8e66
452d9000
452d919a
452d9333
452d94cd
452d9666
452d9800
452d999a
452d9b33
452d9ccd
452d9e66
452da000
452da19a
452da333
452da4cd
452da666
452da800
452da99a
452dab33
452daccd
452dae66
452db000
452db19a
452db333
452db4cd
452db666
452db800
452db99a
452dbb33
452dbccd
452dbe66
452dc000
452dc19a
452dc333
452dc4cd
452dc666
452dc800
452dc99a
452dcb33
452dcccd
452dce66
452dd000
452dd19a
452dd333
452dd4cd
452dd666
452dd800
452dd99a
452ddb33
452ddccd
452dde66
452de000
452de19a
452de333
452de4cd
452de666
452de800
452de99a
452deb33
452deccd
452dee66
452df000
452df19a
452df333
452df4cd
452df666
452df800
452df99a
452dfb33
452dfccd
452dfe66
452e0000
452e019a
452e0333
452e04cd
452e0666
452e0800
452e099a
452e0b33
452e0ccd
452e0e66
452e1000
452e119a
452e1333
452e14cd
452e1666
452e1800
452e199a
452e1b33
452e1ccd
452e1e66
452e2000
452e219a
452e2333
452e24cd
452e2666
452e2800
452e299a
452e2b33
452e2ccd
452e2e66
452e3000
452e319a
452e3333
452e34cd
452e3666
452e3800
452e399a
452e3b33
452e3ccd
452e3e66
452e4000
452e419a
452e4333
452e44cd
452e4666
452e4800
452e499a
452e4b33
452e4ccd
452e4e66
452e5000
452e519a
452e5333
452e54cd
452e5666
452e5800
452e599a
452e5b33
452e5ccd
452e5e66
452e6000
452e619a
452e6333
452e64cd
452e6666
452e6800
452e699a
452e6b33
452e6ccd
452e6e66
452e7000
452e719a
452e7333
452e74cd
452e7666
452e7800
452e799a
452e7b33
452e7ccd
452e7e66
452e8000
452e819a
452e8333
452e84cd
452e8666
452e8800
452e899a
452e8b33
452e8ccd
452e8e66
452e9000
452e919a
452e9333
452e94cd
452e9666
452e9800
452e999a
452e9b33
452e9ccd
452e9e66
452ea000
452ea19a
452ea333
452ea4cd
452ea666
452ea800
452ea99a
452eab33
452eaccd
452eae66
452eb000
452eb19a
452eb333
452eb4cd
452eb666
452eb800
452eb99a
452ebb33
452ebccd
452ebe66
452ec000
452ec19a
452ec333
452ec4cd
452ec666
452ec800
452ec99a
452ecb33
452ecccd
452ece66
452ed000
452ed19a
452ed333
452ed4cd
452ed666
452ed800
452ed99a
452edb33
452edccd
452ede66
452ee000
452ee19a
452ee333
452ee4cd
452ee666
452ee800
452ee99a
452eeb33
452eeccd
452eee66
452ef000
452ef19a
452ef333
452ef4cd
452ef666
452ef800
452ef99a
452efb33
452efccd
452efe66
452f0000
452f019a
452f0333
452f04cd
452f0666
452f0800
452f099a
452f0b33
452f0ccd
452f0e66
452f1000
452f119a
452f1333
452f14cd
452f1666
452f1800
452f199a
452f1b33
452f1ccd
452f1e66
452f2000
452f219a
452f2333
452f24cd
452f2666
452f2800
452f299a
452f2b33
452f2ccd
452f2e66
452f3000
452f319a
452f3333
452f34cd
452f3666
452f3800
452f399a
452f3b33
452f3ccd
452f3e66
452f4000
452f419a
452f4333
452f44cd
452f4666
452f4800
452f499a
452f4b33
452f4ccd
452f4e66
452f5000
452f519a
452f5333
452f54cd
452f5666
452f5800
452f599a
452f5b33
452f5ccd
452f5e66
452f6000
452f619a
452f6333
452f64cd
452f6666
452f6800
452f699a
452f6b33
452f6ccd
452f6e66
452f7000
452f719a
452f7333
452f74cd
452f7666
452f7800
452f799a
452f7b33
452f7ccd
452f7e66
452f8000
452f819a
452f8333
452f84cd
452f8666
452f8800
452f899a
452f8b33
452f8ccd
452f8e66
452f9000
452f919a
452f9333
452f94cd
452f9666
452f9800
452f999a
452f9b33
452f9ccd
452f9e66
452fa000
452fa19a
452fa333
452fa4cd
452fa666
452fa800
452fa99a
452fab33
452faccd
452fae66
452fb000
452fb19a
452fb333
452fb4cd
452fb666
452fb800
452fb99a
452fbb33
452fbccd
452fbe66
452fc000
452fc19a
452fc333
452fc4cd
452fc666
452fc800
452fc99a
452fcb33
452fcccd
452fce66
452fd000
452fd19a
452fd333
452fd4cd
452fd666
452fd800
452fd99a
452fdb33
452fdccd
452fde66
452fe000
452fe19a
452fe333
452fe4cd
452fe666
452fe800
452fe99a
452feb33
452feccd
452fee66
452ff000
452ff19a
452ff333
452ff4cd
452ff666
452ff800
452ff99a
452ffb33
452ffccd
452ffe66
45300000
4530019a
45300333
453004cd
45300666
45300800
4530099a
45300b33
45300ccd
45300e66
45301000
4530119a
45301333
453014cd
45301666
45301800
4530199a
45301b33
45301ccd
45301e66
45302000
4530219a
45302333
453024cd
45302666
45302800
4530299a
45302b33
45302ccd
45302e66
45303000
4530319a
45303333
453034cd
45303666
45303800
4530399a
45303b33
45303ccd
45303e66
45304000
4530419a
45304333
453044cd
45304666
45304800
4530499a
45304b33
45304ccd
45304e66
45305000
4530519a
45305333
453054cd
45305666
45305800
4530599a
45305b33
45305ccd
45305e66
45306000
4530619a
45306333
453064cd
45306666
45306800
4530699a
45306b33
45306ccd
45306e66
45307000
4530719a
45307333
453074cd
45307666
45307800
4530799a
45307b33
45307ccd
45307e66
45308000
4530819a
45308333
453084cd
45308666
45308800
4530899a
45308b33
45308ccd
45308e66
45309000
4530919a
45309333
453094cd
45309666
45309800
4530999a
45309b33
45309ccd
45309e66
4530a000
4530a19a
4530a333
4530a4cd
4530a666
4530a800
4530a99a
4530ab33
4530accd
4530ae66
4530b000
4530b19a
4530b333
4530b4cd
4530b666
4530b800
4530b99a
4530bb33
4530bccd
4530be66
4530c000
4530c19a
4530c333
4530c4cd
4530c666
4530c800
4530c99a
4530cb33
4530cccd
4530ce66
4530d000
4530d19a
4530d333
4530d4cd
4530d666
4530d800
4530d99a
4530db33
4530dccd
4530de66
4530e000
4530e19a
4530e333
4530e4cd
4530e666
4530e800
4530e99a
4530eb33
4530eccd
4530ee66
4530f000
4530f19a
4530f333
4530f4cd
4530f666
4530f800
4530f99a
4530fb33
4530fccd
4530fe66
45310000
4531019a
45310333
453104cd
45310666
45310800
4531099a
45310b33
45310ccd
45310e66
45311000
4531119a
45311333
453114cd
45311666
45311800
4531199a
45311b33
45311ccd
45311e66
45312000
4531219a
45312333
453124cd
45312666
45312800
4531299a
45312b33
45312ccd
45312e66
45313000
4531319a
45313333
453134cd
45313666
45313800
4531399a
45313b33
45313ccd
45313e66
45314000
4531419a
45314333
453144cd
45314666
45314800
4531499a
45314b33
45314ccd
45314e66
45315000
4531519a
45315333
453154cd
45315666
45315800
4531599a
45315b33
45315ccd
45315e66
45316000
4531619a
45316333
453164cd
45316666
45316800
4531699a
45316b33
45316ccd
45316e66
45317000
4531719a
45317333
453174cd
45317666
45317800
4531799a
45317b33
45317ccd
45317e66
45318000
4531819a
45318333
453184cd
45318666
45318800
4531899a
45318b33
45318ccd
45318e66
45319000
4531919a
45319333
453194cd
45319666
45319800
4531999a
45319b33
45319ccd
45319e66
4531a000
4531a19a
4531a333
4531a4cd
4531a666
4531a800
4531a99a
4531ab33
4531accd
4531ae66
4531b000
4531b19a
4531b333
4531b4cd
4531b666
4531b800
4531b99a
4531bb33
4531bccd
4531be66
4531c000
4531c19a
4531c333
4531c4cd
4531c666
4531c800
4531c99a
4531cb33
4531cccd
4531ce66
4531d000
4531d19a
4531d333
4531d4cd
4531d666
4531d800
4531d99a
4531db33
4531dccd
4531de66
4531e000
4531e19a
4531e333
4531e4cd
4531e666
4531e800
4531e99a
4531eb33
4531eccd
4531ee66
4531f000
4531f19a
4531f333
4531f4cd
4531f666
4531f800
4531f99a
4531fb33
4531fccd
4531fe66
45320000
4532019a
45320333
453204cd
45320666
45320800
4532099a
45320b33
45320ccd
45320e66
45321000
4532119a
45321333
453214cd
45321666
45321800
4532199a
45321b33
45321ccd
45321e66
45322000
4532219a
45322333
453224cd
45322666
45322800
4532299a
45322b33
45322ccd
45322e66
45323000
4532319a
45323333
453234cd
45323666
45323800
4532399a
45323b33
45323ccd
45323e66
45324000
4532419a
45324333
453244cd
45324666
45324800
4532499a
45324b33
45324ccd
45324e66
45325000
4532519a
45325333
453254cd
45325666
45325800
4532599a
45325b33
45325ccd
45325e66
45326000
4532619a
45326333
453264cd
45326666
45326800
4532699a
45326b33
45326ccd
45326e66
45327000
4532719a
45327333
453274cd
45327666
45327800
4532799a
45327b33
45327ccd
45327e66
45328000
4532819a
45328333
453284cd
45328666
45328800
4532899a
45328b33
45328ccd
45328e66
45329000
4532919a
45329333
453294cd
45329666
45329800
4532999a
45329b33
45329ccd
45329e66
4532a000
4532a19a
4532a333
4532a4cd
4532a666
4532a800
4532a99a
4532ab33
4532accd
4532ae66
4532b000
4532b19a
4532b333
4532b4cd
4532b666
4532b800
4532b99a
4532bb33
4532bccd
4532be66
4532c000
4532c19a
4532c333
4532c4cd
4532c666
4532c800
4532c99a
4532cb33
4532cccd
4532ce66
4532d000
4532d19a
4532d333
4532d4cd
4532d666
4532d800
4532d99a
4532db33
4532dccd
4532de66
4532e000
4532e19a
4532e333
4532e4cd
4532e666
4532e800
4532e99a
4532eb33
4532eccd
4532ee66
4532f000
4532f19a
4532f333
4532f4cd
4532f666
4532f800
4532f99a
4532fb33
4532fccd
4532fe66
45330000
4533019a
45330333
453304cd
45330666
45330800
4533099a
45330b33
45330ccd
45330e66
45331000
4533119a
45331333
453314cd
45331666
45331800
4533199a
45331b33
45331ccd
45331e66
45332000
4533219a
45332333
453324cd
45332666
45332800
4533299a
45332b33
45332ccd
45332e66
45333000
4533319a
45333333
453334cd
45333666
45333800
4533399a
45333b33
45333ccd
45333e66
45334000
4533419a
45334333
453344cd
45334666
45334800
4533499a
45334b33
45334ccd
45334e66
45335000
4533519a
45335333
453354cd
45335666
45335800
4533599a
45335b33
45335ccd
45335e66
45336000
4533619a
45336333
453364cd
45336666
45336800
4533699a
45336b33
45336ccd
45336e66
45337000
4533719a
45337333
453374cd
45337666
45337800
4533799a
45337b33
45337ccd
45337e66
45338000
4533819a
45338333
453384cd
45338666
45338800
4533899a
45338b33
45338ccd
45338e66
45339000
4533919a
45339333
453394cd
45339666
45339800
4533999a
45339b33
45339ccd
45339e66
4533a000
4533a19a
4533a333
4533a4cd
4533a666
4533a800
4533a99a
4533ab33
4533accd
4533ae66
4533b000
4533b19a
4533b333
4533b4cd
4533b666
4533b800
4533b99a
4533bb33
4533bccd
4533be66
4533c000
4533c19a
4533c333
4533c4cd
4533c666
4533c800
4533c99a
4533cb33
4533cccd
4533ce66
4533d000
4533d19a
4533d333
4533d4cd
4533d666
4533d800
4533d99a
4533db33
4533dccd
4533de66
4533e000
4533e19a
4533e333
4533e4cd
4533e666
4533e800
4533e99a
4533eb33
4533eccd
4533ee66
4533f000
4533f19a
4533f333
4533f4cd
4533f666
4533f800
4533f99a
4533fb33
4533fccd
4533fe66
45340000
4534019a
45340333
453404cd
45340666
45340800
4534099a
45340b33
45340ccd
45340e66
45341000
4534119a
45341333
453414cd
45341666
45341800
4534199a
45341b33
45341ccd
45341e66
45342000
4534219a
45342333
453424cd
45342666
45342800
4534299a
45342b33
45342ccd
45342e66
45343000
4534319a
45343333
453434cd
45343666
45343800
4534399a
45343b33
45343ccd
45343e66
45344000
4534419a
45344333
453444cd
45344666
45344800
4534499a
45344b33
45344ccd
45344e66
45345000
4534519a
45345333
453454cd
45345666
45345800
4534599a
45345b33
45345ccd
45345e66
45346000
4534619a
45346333
453464cd
45346666
45346800
4534699a
45346b33
45346ccd
45346e66
45347000
4534719a
45347333
453474cd
45347666
45347800
4534799a
45347b33
45347ccd
45347e66
45348000
4534819a
45348333
453484cd
45348666
45348800
4534899a
45348b33
45348ccd
45348e66
45349000
4534919a
45349333
453494cd
45349666
45349800
4534999a
45349b33
45349ccd
45349e66
4534a000
4534a19a
4534a333
4534a4cd
4534a666
4534a800
4534a99a
4534ab33
4534accd
4534ae66
4534b000
4534b19a
4534b333
4534b4cd
4534b666
4534b800
4534b99a
4534bb33
4534bccd
4534be66
4534c000
4534c19a
4534c333
4534c4cd
4534c666
4534c800
4534c99a
4534cb33
4534cccd
4534ce66
4534d000
4534d19a
4534d333
4534d4cd
4534d666
4534d800
4534d99a
4534db33
4534dccd
4534de66
4534e000
4534e19a
4534e333
4534e4cd
4534e666
4534e800
4534e99a
4534eb33
4534eccd
4534ee66
4534f000
4534f19a
4534f333
4534f4cd
4534f666
4534f800
4534f99a
4534fb33
4534fccd
4534fe66
45350000
4535019a
45350333
453504cd
45350666
45350800
4535099a
45350b33
45350ccd
45350e66
45351000
4535119a
45351333
453514cd
45351666
45351800
4535199a
45351b33
45351ccd
45351e66
45352000
4535219a
45352333
453524cd
45352666
45352800
4535299a
45352b33
45352ccd
45352e66
45353000
4535319a
45353333
453534cd
45353666
45353800
4535399a
45353b33
45353ccd
45353e66
45354000
4535419a
45354333
453544cd
45354666
45354800
4535499a
45354b33
45354ccd
45354e66
45355000
4535519a
45355333
453554cd
45355666
45355800
4535599a
45355b33
45355ccd
45355e66
45356000
4535619a
45356333
453564cd
45356666
45356800
4535699a
45356b33
45356ccd
45356e66
45357000
4535719a
45357333
453574cd
45357666
45357800
4535799a
45357b33
45357ccd
45357e66
45358000
4535819a
45358333
453584cd
45358666
45358800
4535899a
45358b33
45358ccd
45358e66
45359000
4535919a
45359333
453594cd
45359666
45359800
4535999a
45359b33
45359ccd
45359e66
4535a000
4535a19a
4535a333
4535a4cd
4535a666
4535a800
4535a99a
4535ab33
4535accd
4535ae66
4535b000
4535b19a
4535b333
4535b4cd
4535b666
4535b800
4535b99a
4535bb33
4535bccd
4535be66
4535c000
4535c19a
4535c333
4535c4cd
4535c666
4535c800
4535c99a
4535cb33
4535cccd
4535ce66
4535d000
4535d19a
4535d333
4535d4cd
4535d666
4535d800
4535d99a
4535db33
4535dccd
4535de66
4535e000
4535e19a
4535e333
4535e4cd
4535e666
4535e800
4535e99a
4535eb33
4535eccd
4535ee66
4535f000
4535f19a
4535f333
4535f4cd
4535f666
4535f800
4535f99a
4535fb33
4535fccd
4535fe66
45360000
4536019a
45360333
453604cd
45360666
45360800
4536099a
45360b33
45360ccd
45360e66
45361000
4536119a
45361333
453614cd
45361666
45361800
4536199a
45361b33
45361ccd
45361e66
45362000
4536219a
45362333
453624cd
45362666
45362800
4536299a
45362b33
45362ccd
45362e66
45363000
4536319a
45363333
453634cd
45363666
45363800
4536399a
45363b33
45363ccd
45363e66
45364000
4536419a
45364333
453644cd
45364666
45364800
4536499a
45364b33
45364ccd
45364e66
45365000
4536519a
45365333
453654cd
45365666
45365800
4536599a
45365b33
45365ccd
45365e66
45366000
4536619a
45366333
453664cd
45366666
45366800
4536699a
45366b33
45366ccd
45366e66
45367000
4536719a
45367333
453674cd
45367666
45367800
4536799a
45367b33
45367ccd
45367e66
45368000
4536819a
45368333
453684cd
45368666
45368800
4536899a
45368b33
45368ccd
45368e66
45369000
4536919a
45369333
453694cd
45369666
45369800
4536999a
45369b33
45369ccd
45369e66
4536a000
4536a19a
4536a333
4536a4cd
4536a666
4536a800
4536a99a
4536ab33
4536accd
4536ae66
4536b000
4536b19a
4536b333
4536b4cd
4536b666
4536b800
4536b99a
4536bb33
4536bccd
4536be66
4536c000
4536c19a
4536c333
4536c4cd
4536c666
4536c800
4536c99a
4536cb33
4536cccd
4536ce66
4536d000
4536d19a
4536d333
4536d4cd
4536d666
4536d800
4536d99a
4536db33
4536dccd
4536de66
4536e000
4536e19a
4536e333
4536e4cd
4536e666
4536e800
4536e99a
4536eb33
4536eccd
4536ee66
4536f000
4536f19a
4536f333
4536f4cd
4536f666
4536f800
4536f99a
4536fb33
4536fccd
4536fe66
45370000
4537019a
45370333
453704cd
45370666
45370800
4537099a
45370b33
45370ccd
45370e66
45371000
4537119a
45371333
453714cd
45371666
45371800
4537199a
45371b33
45371ccd
45371e66
45372000
4537219a
45372333
453724cd
45372666
45372800
4537299a
45372b33
45372ccd
45372e66
45373000
4537319a
45373333
453734cd
45373666
45373800
4537399a
45373b33
45373ccd
45373e66
45374000
4537419a
45374333
453744cd
45374666
45374800
4537499a
45374b33
45374ccd
45374e66
45375000
4537519a
45375333
453754cd
45375666
45375800
4537599a
45375b33
45375ccd
45375e66
45376000
4537619a
45376333
453764cd
45376666
45376800
4537699a
45376b33
45376ccd
45376e66
45377000
4537719a
45377333
453774cd
45377666
45377800
4537799a
45377b33
45377ccd
45377e66
45378000
4537819a
45378333
453784cd
45378666
45378800
4537899a
45378b33
45378ccd
45378e66
45379000
4537919a
45379333
453794cd
45379666
45379800
4537999a
45379b33
45379ccd
45379e66
4537a000
4537a19a
4537a333
4537a4cd
4537a666
4537a800
4537a99a
4537ab33
4537accd
4537ae66
4537b000
4537b19a
4537b333
4537b4cd
4537b666
4537b800
4537b99a
4537bb33
4537bccd
4537be66
4537c000
4537c19a
4537c333
4537c4cd
4537c666
4537c800
4537c99a
4537cb33
4537cccd
4537ce66
4537d000
4537d19a
4537d333
4537d4cd
4537d666
4537d800
4537d99a
4537db33
4537dccd
4537de66
4537e000
4537e19a
4537e333
4537e4cd
4537e666
4537e800
4537e99a
4537eb33
4537eccd
4537ee66
4537f000
4537f19a
4537f333
4537f4cd
4537f666
4537f800
4537f99a
4537fb33
4537fccd
4537fe66
45380000
4538019a
45380333
453804cd
45380666
45380800
4538099a
45380b33
45380ccd
45380e66
45381000
4538119a
45381333
453814cd
45381666
45381800
4538199a
45381b33
45381ccd
45381e66
45382000
4538219a
45382333
453824cd
45382666
45382800
4538299a
45382b33
45382ccd
45382e66
45383000
4538319a
45383333
453834cd
45383666
45383800
4538399a
45383b33
45383ccd
45383e66
45384000
4538419a
45384333
453844cd
45384666
45384800
4538499a
45384b33
45384ccd
45384e66
45385000
4538519a
45385333
453854cd
45385666
45385800
4538599a
45385b33
45385ccd
45385e66
45386000
4538619a
45386333
453864cd
45386666
45386800
4538699a
45386b33
45386ccd
45386e66
45387000
4538719a
45387333
453874cd
45387666
45387800
4538799a
45387b33
45387ccd
45387e66
45388000
4538819a
45388333
453884cd
45388666
45388800
4538899a
45388b33
45388ccd
45388e66
45389000
4538919a
45389333
453894cd
45389666
45389800
4538999a
45389b33
45389ccd
45389e66
4538a000
4538a19a
4538a333
4538a4cd
4538a666
4538a800
4538a99a
4538ab33
4538accd
4538ae66
4538b000
4538b19a
4538b333
4538b4cd
4538b666
4538b800
4538b99a
4538bb33
4538bccd
4538be66
4538c000
4538c19a
4538c333
4538c4cd
4538c666
4538c800
4538c99a
4538cb33
4538cccd
4538ce66
4538d000
4538d19a
4538d333
4538d4cd
4538d666
4538d800
4538d99a
4538db33
4538dccd
4538de66
4538e000
4538e19a
4538e333
4538e4cd
4538e666
4538e800
4538e99a
4538eb33
4538eccd
4538ee66
4538f000
4538f19a
4538f333
4538f4cd
4538f666
4538f800
4538f99a
4538fb33
4538fccd
4538fe66
45390000
4539019a
45390333
453904cd
45390666
45390800
4539099a
45390b33
45390ccd
45390e66
45391000
4539119a
45391333
453914cd
45391666
45391800
4539199a
45391b33
45391ccd
45391e66
45392000
4539219a
45392333
453924cd
45392666
45392800
4539299a
45392b33
45392ccd
45392e66
45393000
4539319a
45393333
453934cd
45393666
45393800
4539399a
45393b33
45393ccd
45393e66
45394000
4539419a
45394333
453944cd
45394666
45394800
4539499a
45394b33
45394ccd
45394e66
45395000
4539519a
45395333
453954cd
45395666
45395800
4539599a
45395b33
45395ccd
45395e66
45396000
4539619a
45396333
453964cd
45396666
45396800
4539699a
45396b33
45396ccd
45396e66
45397000
4539719a
45397333
453974cd
45397666
45397800
4539799a
45397b33
45397ccd
45397e66
45398000
4539819a
45398333
453984cd
45398666
45398800
4539899a
45398b33
45398ccd
45398e66
45399000
4539919a
45399333
453994cd
45399666
45399800
4539999a
45399b33
45399ccd
45399e66
4539a000
4539a19a
4539a333
4539a4cd
4539a666
4539a800
4539a99a
4539ab33
4539accd
4539ae66
4539b000
4539b19a
4539b333
4539b4cd
4539b666
4539b800
4539b99a
4539bb33
4539bccd
4539be66
4539c000
4539c19a
4539c333
4539c4cd
4539c666
4539c800
4539c99a
4539cb33
4539cccd
4539ce66
4539d000
4539d19a
4539d333
4539d4cd
4539d666
4539d800
4539d99a
4539db33
4539dccd
4539de66
4539e000
4539e19a
4539e333
4539e4cd
4539e666
4539e800
4539e99a
4539eb33
4539eccd
4539ee66
4539f000
4539f19a
4539f333
4539f4cd
4539f666
4539f800
4539f99a
4539fb33
4539fccd
4539fe66
453a0000
453a019a
453a0333
453a04cd
453a0666
453a0800
453a099a
453a0b33
453a0ccd
453a0e66
453a1000
453a119a
453a1333
453a14cd
453a1666
453a1800
453a199a
453a1b33
453a1ccd
453a1e66
453a2000
453a219a
453a2333
453a24cd
453a2666
453a2800
453a299a
453a2b33
453a2ccd
453a2e66
453a3000
453a319a
453a3333
453a34cd
453a3666
453a3800
453a399a
453a3b33
453a3ccd
453a3e66
453a4000
453a419a
453a4333
453a44cd
453a4666
453a4800
453a499a
453a4b33
453a4ccd
453a4e66
453a5000
453a519a
453a5333
453a54cd
453a5666
453a5800
453a599a
453a5b33
453a5ccd
453a5e66
453a6000
453a619a
453a6333
453a64cd
453a6666
453a6800
453a699a
453a6b33
453a6ccd
453a6e66
453a7000
453a719a
453a7333
453a74cd
453a7666
453a7800
453a799a
453a7b33
453a7ccd
453a7e66
453a8000
453a819a
453a8333
453a84cd
453a8666
453a8800
453a899a
453a8b33
453a8ccd
453a8e66
453a9000
453a919a
453a9333
453a94cd
453a9666
453a9800
453a999a
453a9b33
453a9ccd
453a9e66
453aa000
453aa19a
453aa333
453aa4cd
453aa666
453aa800
453aa99a
453aab33
453aaccd
453aae66
453ab000
453ab19a
453ab333
453ab4cd
453ab666
453ab800
453ab99a
453abb33
453abccd
453abe66
453ac000
453ac19a
453ac333
453ac4cd
453ac666
453ac800
453ac99a
453acb33
453acccd
453ace66
453ad000
453ad19a
453ad333
453ad4cd
453ad666
453ad800
453ad99a
453adb33
453adccd
453ade66
453ae000
453ae19a
453ae333
453ae4cd
453ae666
453ae800
453ae99a
453aeb33
453aeccd
453aee66
453af000
453af19a
453af333
453af4cd
453af666
453af800
453af99a
453afb33
453afccd
453afe66
453b0000
453b019a
453b0333
453b04cd
453b0666
453b0800
453b099a
453b0b33
453b0ccd
453b0e66
453b1000
453b119a
453b1333
453b14cd
453b1666
453b1800
453b199a
453b1b33
453b1ccd
453b1e66
453b2000
453b219a
453b2333
453b24cd
453b2666
453b2800
453b299a
453b2b33
453b2ccd
453b2e66
453b3000
453b319a
453b3333
453b34cd
453b3666
453b3800
453b399a
453b3b33
453b3ccd
453b3e66
453b4000
453b419a
453b4333
453b44cd
453b4666
453b4800
453b499a
453b4b33
453b4ccd
453b4e66
453b5000
453b519a
453b5333
453b54cd
453b5666
453b5800
453b599a
453b5b33
453b5ccd
453b5e66
453b6000
453b619a
453b6333
453b64cd
453b6666
453b6800
453b699a
453b6b33
453b6ccd
453b6e66
453b7000
453b719a
453b7333
453b74cd
453b7666
453b7800
453b799a
453b7b33
453b7ccd
453b7e66
453b8000
453b819a
453b8333
453b84cd
453b8666
453b8800
453b899a
453b8b33
453b8ccd
453b8e66
453b9000
453b919a
453b9333
453b94cd
453b9666
453b9800
453b999a
453b9b33
453b9ccd
453b9e66
453ba000
453ba19a
453ba333
453ba4cd
453ba666
453ba800
453ba99a
453bab33
453baccd
453bae66
453bb000
453bb19a
453bb333
453bb4cd
453bb666
453bb800
453bb99a
453bbb33
453bbccd
453bbe66
453bc000
453bc19a
453bc333
453bc4cd
453bc666
453bc800
453bc99a
453bcb33
453bcccd
453bce66
453bd000
453bd19a
453bd333
453bd4cd
453bd666
453bd800
453bd99a
453bdb33
453bdccd
453bde66
453be000
453be19a
453be333
453be4cd
453be666
453be800
453be99a
453beb33
453beccd
453bee66
453bf000
453bf19a
453bf333
453bf4cd
453bf666
453bf800
453bf99a
453bfb33
453bfccd
453bfe66
453c0000
453c019a
453c0333
453c04cd
453c0666
453c0800
453c099a
453c0b33
453c0ccd
453c0e66
453c1000
453c119a
453c1333
453c14cd
453c1666
453c1800
453c199a
453c1b33
453c1ccd
453c1e66
453c2000
453c219a
453c2333
453c24cd
453c2666
453c2800
453c299a
453c2b33
453c2ccd
453c2e66
453c3000
453c319a
453c3333
453c34cd
453c3666
453c3800
453c399a
453c3b33
453c3ccd
453c3e66
453c4000
453c419a
453c4333
453c44cd
453c4666
453c4800
453c499a
453c4b33
453c4ccd
453c4e66
453c5000
453c519a
453c5333
453c54cd
453c5666
453c5800
453c599a
453c5b33
453c5ccd
453c5e66
453c6000
453c619a
453c6333
453c64cd
453c6666
453c6800
453c699a
453c6b33
453c6ccd
453c6e66
453c7000
453c719a
453c7333
453c74cd
453c7666
453c7800
453c799a
453c7b33
453c7ccd
453c7e66
453c8000
453c819a
453c8333
453c84cd
453c8666
453c8800
453c899a
453c8b33
453c8ccd
453c8e66
453c9000
453c919a
453c9333
453c94cd
453c9666
453c9800
453c999a
453c9b33
453c9ccd
453c9e66
453ca000
453ca19a
453ca333
453ca4cd
453ca666
453ca800
453ca99a
453cab33
453caccd
453cae66
453cb000
453cb19a
453cb333
453cb4cd
453cb666
453cb800
453cb99a
453cbb33
453cbccd
453cbe66
453cc000
453cc19a
453cc333
453cc4cd
453cc666
453cc800
453cc99a
453ccb33
453ccccd
453cce66
453cd000
453cd19a
453cd333
453cd4cd
453cd666
453cd800
453cd99a
453cdb33
453cdccd
453cde66
453ce000
453ce19a
453ce333
453ce4cd
453ce666
453ce800
453ce99a
453ceb33
453ceccd
453cee66
453cf000
453cf19a
453cf333
453cf4cd
453cf666
453cf800
453cf99a
453cfb33
453cfccd
453cfe66
453d0000
453d019a
453d0333
453d04cd
453d0666
453d0800
453d099a
453d0b33
453d0ccd
453d0e66
453d1000
453d119a
453d1333
453d14cd
453d1666
453d1800
453d199a
453d1b33
453d1ccd
453d1e66
453d2000
453d219a
453d2333
453d24cd
453d2666
453d2800
453d299a
453d2b33
453d2ccd
453d2e66
453d3000
453d319a
453d3333
453d34cd
453d3666
453d3800
453d399a
453d3b33
453d3ccd
453d3e66
453d4000
453d419a
453d4333
453d44cd
453d4666
453d4800
453d499a
453d4b33
453d4ccd
453d4e66
453d5000
453d519a
453d5333
453d54cd
453d5666
453d5800
453d599a
453d5b33
453d5ccd
453d5e66
453d6000
453d619a
453d6333
453d64cd
453d6666
453d6800
453d699a
453d6b33
453d6ccd
453d6e66
453d7000
453d719a
453d7333
453d74cd
453d7666
453d7800
453d799a
453d7b33
453d7ccd
453d7e66
453d8000
453d819a
453d8333
453d84cd
453d8666
453d8800
453d899a
453d8b33
453d8ccd
453d8e66
453d9000
453d919a
453d9333
453d94cd
453d9666
453d9800
453d999a
453d9b33
453d9ccd
453d9e66
453da000
453da19a
453da333
453da4cd
453da666
453da800
453da99a
453dab33
453daccd
453dae66
453db000
453db19a
453db333
453db4cd
453db666
453db800
453db99a
453dbb33
453dbccd
453dbe66
453dc000
453dc19a
453dc333
453dc4cd
453dc666
453dc800
453dc99a
453dcb33
453dcccd
453dce66
453dd000
453dd19a
453dd333
453dd4cd
453dd666
453dd800
453dd99a
453ddb33
453ddccd
453dde66
453de000
453de19a
453de333
453de4cd
453de666
453de800
453de99a
453deb33
453deccd
453dee66
453df000
453df19a
453df333
453df4cd
453df666
453df800
453df99a
453dfb33
453dfccd
453dfe66
453e0000
453e019a
453e0333
453e04cd
453e0666
453e0800
453e099a
453e0b33
453e0ccd
453e0e66
453e1000
453e119a
453e1333
453e14cd
453e1666
453e1800
453e199a
453e1b33
453e1ccd
453e1e66
453e2000
453e219a
453e2333
453e24cd
453e2666
453e2800
453e299a
453e2b33
453e2ccd
453e2e66
453e3000
453e319a
453e3333
453e34cd
453e3666
453e3800
453e399a
453e3b33
453e3ccd
453e3e66
453e4000
453e419a
453e4333
453e44cd
453e4666
453e4800
453e499a
453e4b33
453e4ccd
453e4e66
453e5000
453e519a
453e5333
453e54cd
453e5666
453e5800
453e599a
453e5b33
453e5ccd
453e5e66
453e6000
453e619a
453e6333
453e64cd
453e6666
453e6800
453e699a
453e6b33
453e6ccd
453e6e66
453e7000
453e719a
453e7333
453e74cd
453e7666
453e7800
453e799a
453e7b33
453e7ccd
453e7e66
453e8000
453e819a
453e8333
453e84cd
453e8666
453e8800
453e899a
453e8b33
453e8ccd
453e8e66
453e9000
453e919a
453e9333
453e94cd
453e9666
453e9800
453e999a
453e9b33
453e9ccd
453e9e66
453ea000
453ea19a
453ea333
453ea4cd
453ea666
453ea800
453ea99a
453eab33
453eaccd
453eae66
453eb000
453eb19a
453eb333
453eb4cd
453eb666
453eb800
453eb99a
453ebb33
453ebccd
453ebe66
453ec000
453ec19a
453ec333
453ec4cd
453ec666
453ec800
453ec99a
453ecb33
453ecccd
453ece66
453ed000
453ed19a
453ed333
453ed4cd
453ed666
453ed800
453ed99a
453edb33
453edccd
453ede66
453ee000
453ee19a
453ee333
453ee4cd
453ee666
453ee800
453ee99a
453eeb33
453eeccd
453eee66
453ef000
453ef19a
453ef333
453ef4cd
453ef666
453ef800
453ef99a
453efb33
453efccd
453efe66
453f0000
453f019a
453f0333
453f04cd
453f0666
453f0800
453f099a
453f0b33
453f0ccd
453f0e66
453f1000
453f119a
453f1333
453f14cd
453f1666
453f1800
453f199a
453f1b33
453f1ccd
453f1e66
453f2000
453f219a
453f2333
453f24cd
453f2666
453f2800
453f299a
453f2b33
453f2ccd
453f2e66
453f3000
453f319a
453f3333
453f34cd
453f3666
453f3800
453f399a
453f3b33
453f3ccd
453f3e66
453f4000
453f419a
453f4333
453f44cd
453f4666
453f4800
453f499a
453f4b33
453f4ccd
453f4e66
453f5000
453f519a
453f5333
453f54cd
453f5666
453f5800
453f599a
453f5b33
453f5ccd
453f5e66
453f6000
453f619a
453f6333
453f64cd
453f6666
453f6800
453f699a
453f6b33
453f6ccd
453f6e66
453f7000
453f719a
453f7333
453f74cd
453f7666
453f7800
453f799a
453f7b33
453f7ccd
453f7e66
453f8000
453f819a
453f8333
453f84cd
453f8666
453f8800
453f899a
453f8b33
453f8ccd
453f8e66
453f9000
453f919a
453f9333
453f94cd
453f9666
453f9800
453f999a
453f9b33
453f9ccd
453f9e66
453fa000
453fa19a
453fa333
453fa4cd
453fa666
453fa800
453fa99a
453fab33
453faccd
453fae66
453fb000
453fb19a
453fb333
453fb4cd
453fb666
453fb800
453fb99a
453fbb33
453fbccd
453fbe66
453fc000
453fc19a
453fc333
453fc4cd
453fc666
453fc800
453fc99a
453fcb33
453fcccd
453fce66
453fd000
453fd19a
453fd333
453fd4cd
453fd666
453fd800
453fd99a
453fdb33
453fdccd
453fde66
453fe000
453fe19a
453fe333
453fe4cd
453fe666
453fe800
453fe99a
453feb33
453feccd
453fee66
453ff000
453ff19a
453ff333
453ff4cd
453ff666
453ff800
453ff99a
453ffb33
453ffccd
453ffe66
45400000
4540019a
45400333
454004cd
45400666
45400800
4540099a
45400b33
45400ccd
45400e66
45401000
4540119a
45401333
454014cd
45401666
45401800
4540199a
45401b33
45401ccd
45401e66
45402000
4540219a
45402333
454024cd
45402666
45402800
4540299a
45402b33
45402ccd
45402e66
45403000
4540319a
45403333
454034cd
45403666
45403800
4540399a
45403b33
45403ccd
45403e66
45404000
4540419a
45404333
454044cd
45404666
45404800
4540499a
45404b33
45404ccd
45404e66
45405000
4540519a
45405333
454054cd
45405666
45405800
4540599a
45405b33
45405ccd
45405e66
45406000
4540619a
45406333
454064cd
45406666
45406800
4540699a
45406b33
45406ccd
45406e66
45407000
4540719a
45407333
454074cd
45407666
45407800
4540799a
45407b33
45407ccd
45407e66
45408000
4540819a
45408333
454084cd
45408666
45408800
4540899a
45408b33
45408ccd
45408e66
45409000
4540919a
45409333
454094cd
45409666
45409800
4540999a
45409b33
45409ccd
45409e66
4540a000
4540a19a
4540a333
4540a4cd
4540a666
4540a800
4540a99a
4540ab33
4540accd
4540ae66
4540b000
4540b19a
4540b333
4540b4cd
4540b666
4540b800
4540b99a
4540bb33
4540bccd
4540be66
4540c000
4540c19a
4540c333
4540c4cd
4540c666
4540c800
4540c99a
4540cb33
4540cccd
4540ce66
4540d000
4540d19a
4540d333
4540d4cd
4540d666
4540d800
4540d99a
4540db33
4540dccd
4540de66
4540e000
4540e19a
4540e333
4540e4cd
4540e666
4540e800
4540e99a
4540eb33
4540eccd
4540ee66
4540f000
4540f19a
4540f333
4540f4cd
4540f666
4540f800
4540f99a
4540fb33
4540fccd
4540fe66
45410000
4541019a
45410333
454104cd
45410666
45410800
4541099a
45410b33
45410ccd
45410e66
45411000
4541119a
45411333
454114cd
45411666
45411800
4541199a
45411b33
45411ccd
45411e66
45412000
4541219a
45412333
454124cd
45412666
45412800
4541299a
45412b33
45412ccd
45412e66
45413000
4541319a
45413333
454134cd
45413666
45413800
4541399a
45413b33
45413ccd
45413e66
45414000
4541419a
45414333
454144cd
45414666
45414800
4541499a
45414b33
45414ccd
45414e66
45415000
4541519a
45415333
454154cd
45415666
45415800
4541599a
45415b33
45415ccd
45415e66
45416000
4541619a
45416333
454164cd
45416666
45416800
4541699a
45416b33
45416ccd
45416e66
45417000
4541719a
45417333
454174cd
45417666
45417800
4541799a
45417b33
45417ccd
45417e66
45418000
4541819a
45418333
454184cd
45418666
45418800
4541899a
45418b33
45418ccd
45418e66
45419000
4541919a
45419333
454194cd
45419666
45419800
4541999a
45419b33
45419ccd
45419e66
4541a000
4541a19a
4541a333
4541a4cd
4541a666
4541a800
4541a99a
4541ab33
4541accd
4541ae66
4541b000
4541b19a
4541b333
4541b4cd
4541b666
4541b800
4541b99a
4541bb33
4541bccd
4541be66
4541c000
4541c19a
4541c333
4541c4cd
4541c666
4541c800
4541c99a
4541cb33
4541cccd
4541ce66
4541d000
4541d19a
4541d333
4541d4cd
4541d666
4541d800
4541d99a
4541db33
4541dccd
4541de66
4541e000
4541e19a
4541e333
4541e4cd
4541e666
4541e800
4541e99a
4541eb33
4541eccd
4541ee66
4541f000
4541f19a
4541f333
4541f4cd
4541f666
4541f800
4541f99a
4541fb33
4541fccd
4541fe66
45420000
4542019a
45420333
454204cd
45420666
45420800
4542099a
45420b33
45420ccd
45420e66
45421000
4542119a
45421333
454214cd
45421666
45421800
4542199a
45421b33
45421ccd
45421e66
45422000
4542219a
45422333
454224cd
45422666
45422800
4542299a
45422b33
45422ccd
45422e66
45423000
4542319a
45423333
454234cd
45423666
45423800
4542399a
45423b33
45423ccd
45423e66
45424000
4542419a
45424333
454244cd
45424666
45424800
4542499a
45424b33
45424ccd
45424e66
45425000
4542519a
45425333
454254cd
45425666
45425800
4542599a
45425b33
45425ccd
45425e66
45426000
4542619a
45426333
454264cd
45426666
45426800
4542699a
45426b33
45426ccd
45426e66
45427000
4542719a
45427333
454274cd
45427666
45427800
4542799a
45427b33
45427ccd
45427e66
45428000
4542819a
45428333
454284cd
45428666
45428800
4542899a
45428b33
45428ccd
45428e66
45429000
4542919a
45429333
454294cd
45429666
45429800
4542999a
45429b33
45429ccd
45429e66
4542a000
4542a19a
4542a333
4542a4cd
4542a666
4542a800
4542a99a
4542ab33
4542accd
4542ae66
4542b000
4542b19a
4542b333
4542b4cd
4542b666
4542b800
4542b99a
4542bb33
4542bccd
4542be66
4542c000
4542c19a
4542c333
4542c4cd
4542c666
4542c800
4542c99a
4542cb33
4542cccd
4542ce66
4542d000
4542d19a
4542d333
4542d4cd
4542d666
4542d800
4542d99a
4542db33
4542dccd
4542de66
4542e000
4542e19a
4542e333
4542e4cd
4542e666
4542e800
4542e99a
4542eb33
4542eccd
4542ee66
4542f000
4542f19a
4542f333
4542f4cd
4542f666
4542f800
4542f99a
4542fb33
4542fccd
4542fe66
45430000
4543019a
45430333
454304cd
45430666
45430800
4543099a
45430b33
45430ccd
45430e66
45431000
4543119a
45431333
454314cd
45431666
45431800
4543199a
45431b33
45431ccd
45431e66
45432000
4543219a
45432333
454324cd
45432666
45432800
4543299a
45432b33
45432ccd
45432e66
45433000
4543319a
45433333
454334cd
45433666
45433800
4543399a
45433b33
45433ccd
45433e66
45434000
4543419a
45434333
454344cd
45434666
45434800
4543499a
45434b33
45434ccd
45434e66
45435000
4543519a
45435333
454354cd
45435666
45435800
4543599a
45435b33
45435ccd
45435e66
45436000
4543619a
45436333
454364cd
45436666
45436800
4543699a
45436b33
45436ccd
45436e66
45437000
4543719a
45437333
454374cd
45437666
45437800
4543799a
45437b33
45437ccd
45437e66
45438000
4543819a
45438333
454384cd
45438666
45438800
4543899a
45438b33
45438ccd
45438e66
45439000
4543919a
45439333
454394cd
45439666
45439800
4543999a
45439b33
45439ccd
45439e66
4543a000
4543a19a
4543a333
4543a4cd
4543a666
4543a800
4543a99a
4543ab33
4543accd
4543ae66
4543b000
4543b19a
4543b333
4543b4cd
4543b666
4543b800
4543b99a
4543bb33
4543bccd
4543be66
4543c000
4543c19a
4543c333
4543c4cd
4543c666
4543c800
4543c99a
4543cb33
4543cccd
4543ce66
4543d000
4543d19a
4543d333
4543d4cd
4543d666
4543d800
4543d99a
4543db33
4543dccd
4543de66
4543e000
4543e19a
4543e333
4543e4cd
4543e666
4543e800
4543e99a
4543eb33
4543eccd
4543ee66
4543f000
4543f19a
4543f333
4543f4cd
4543f666
4543f800
4543f99a
4543fb33
4543fccd
4543fe66
45440000
4544019a
45440333
454404cd
45440666
45440800
4544099a
45440b33
45440ccd
45440e66
45441000
4544119a
45441333
454414cd
45441666
45441800
4544199a
45441b33
45441ccd
45441e66
45442000
4544219a
45442333
454424cd
45442666
45442800
4544299a
45442b33
45442ccd
45442e66
45443000
4544319a
45443333
454434cd
45443666
45443800
4544399a
45443b33
45443ccd
45443e66
45444000
4544419a
45444333
454444cd
45444666
45444800
4544499a
45444b33
45444ccd
45444e66
45445000
4544519a
45445333
454454cd
45445666
45445800
4544599a
45445b33
45445ccd
45445e66
45446000
4544619a
45446333
454464cd
45446666
45446800
4544699a
45446b33
45446ccd
45446e66
45447000
4544719a
45447333
454474cd
45447666
45447800
4544799a
45447b33
45447ccd
45447e66
45448000
4544819a
45448333
454484cd
45448666
45448800
4544899a
45448b33
45448ccd
45448e66
45449000
4544919a
45449333
454494cd
45449666
45449800
4544999a
45449b33
45449ccd
45449e66
4544a000
4544a19a
4544a333
4544a4cd
4544a666
4544a800
4544a99a
4544ab33
4544accd
4544ae66
4544b000
4544b19a
4544b333
4544b4cd
4544b666
4544b800
4544b99a
4544bb33
4544bccd
4544be66
4544c000
4544c19a
4544c333
4544c4cd
4544c666
4544c800
4544c99a
4544cb33
4544cccd
4544ce66
4544d000
4544d19a
4544d333
4544d4cd
4544d666
4544d800
4544d99a
4544db33
4544dccd
4544de66
4544e000
4544e19a
4544e333
4544e4cd
4544e666
4544e800
4544e99a
4544eb33
4544eccd
4544ee66
4544f000
4544f19a
4544f333
4544f4cd
4544f666
4544f800
4544f99a
4544fb33
4544fccd
4544fe66
45450000
4545019a
45450333
454504cd
45450666
45450800
4545099a
45450b33
45450ccd
45450e66
45451000
4545119a
45451333
454514cd
45451666
45451800
4545199a
45451b33
45451ccd
45451e66
45452000
4545219a
45452333
454524cd
45452666
45452800
4545299a
45452b33
45452ccd
45452e66
45453000
4545319a
45453333
454534cd
45453666
45453800
4545399a
45453b33
45453ccd
45453e66
45454000
4545419a
45454333
454544cd
45454666
45454800
4545499a
45454b33
45454ccd
45454e66
45455000
4545519a
45455333
454554cd
45455666
45455800
4545599a
45455b33
45455ccd
45455e66
45456000
4545619a
45456333
454564cd
45456666
45456800
4545699a
45456b33
45456ccd
45456e66
45457000
4545719a
45457333
454574cd
45457666
45457800
4545799a
45457b33
45457ccd
45457e66
45458000
4545819a
45458333
454584cd
45458666
45458800
4545899a
45458b33
45458ccd
45458e66
45459000
4545919a
45459333
454594cd
45459666
45459800
4545999a
45459b33
45459ccd
45459e66
4545a000
4545a19a
4545a333
4545a4cd
4545a666
4545a800
4545a99a
4545ab33
4545accd
4545ae66
4545b000
4545b19a
4545b333
4545b4cd
4545b666
4545b800
4545b99a
4545bb33
4545bccd
4545be66
4545c000
4545c19a
4545c333
4545c4cd
4545c666
4545c800
4545c99a
4545cb33
4545cccd
4545ce66
4545d000
4545d19a
4545d333
4545d4cd
4545d666
4545d800
4545d99a
4545db33
4545dccd
4545de66
4545e000
4545e19a
4545e333
4545e4cd
4545e666
4545e800
4545e99a
4545eb33
4545eccd
4545ee66
4545f000
4545f19a
4545f333
4545f4cd
4545f666
4545f800
4545f99a
4545fb33
4545fccd
4545fe66
45460000
4546019a
45460333
454604cd
45460666
45460800
4546099a
45460b33
45460ccd
45460e66
45461000
4546119a
45461333
454614cd
45461666
45461800
4546199a
45461b33
45461ccd
45461e66
45462000
4546219a
45462333
454624cd
45462666
45462800
4546299a
45462b33
45462ccd
45462e66
45463000
4546319a
45463333
454634cd
45463666
45463800
4546399a
45463b33
45463ccd
45463e66
45464000
4546419a
45464333
454644cd
45464666
45464800
4546499a
45464b33
45464ccd
45464e66
45465000
4546519a
45465333
454654cd
45465666
45465800
4546599a
45465b33
45465ccd
45465e66
45466000
4546619a
45466333
454664cd
45466666
45466800
4546699a
45466b33
45466ccd
45466e66
45467000
4546719a
45467333
454674cd
45467666
45467800
4546799a
45467b33
45467ccd
45467e66
45468000
4546819a
45468333
454684cd
45468666
45468800
4546899a
45468b33
45468ccd
45468e66
45469000
4546919a
45469333
454694cd
45469666
45469800
4546999a
45469b33
45469ccd
45469e66
4546a000
4546a19a
4546a333
4546a4cd
4546a666
4546a800
4546a99a
4546ab33
4546accd
4546ae66
4546b000
4546b19a
4546b333
4546b4cd
4546b666
4546b800
4546b99a
4546bb33
4546bccd
4546be66
4546c000
4546c19a
4546c333
4546c4cd
4546c666
4546c800
4546c99a
4546cb33
4546cccd
4546ce66
4546d000
4546d19a
4546d333
4546d4cd
4546d666
4546d800
4546d99a
4546db33
4546dccd
4546de66
4546e000
4546e19a
4546e333
4546e4cd
4546e666
4546e800
4546e99a
4546eb33
4546eccd
4546ee66
4546f000
4546f19a
4546f333
4546f4cd
4546f666
4546f800
4546f99a
4546fb33
4546fccd
4546fe66
45470000
4547019a
45470333
454704cd
45470666
45470800
4547099a
45470b33
45470ccd
45470e66
45471000
4547119a
45471333
454714cd
45471666
45471800
4547199a
45471b33
45471ccd
45471e66
45472000
4547219a
45472333
454724cd
45472666
45472800
4547299a
45472b33
45472ccd
45472e66
45473000
4547319a
45473333
454734cd
45473666
45473800
4547399a
45473b33
45473ccd
45473e66
45474000
4547419a
45474333
454744cd
45474666
45474800
4547499a
45474b33
45474ccd
45474e66
45475000
4547519a
45475333
454754cd
45475666
45475800
4547599a
45475b33
45475ccd
45475e66
45476000
4547619a
45476333
454764cd
45476666
45476800
4547699a
45476b33
45476ccd
45476e66
45477000
4547719a
45477333
454774cd
45477666
45477800
4547799a
45477b33
45477ccd
45477e66
45478000
4547819a
45478333
454784cd
45478666
45478800
4547899a
45478b33
45478ccd
45478e66
45479000
4547919a
45479333
454794cd
45479666
45479800
4547999a
45479b33
45479ccd
45479e66
4547a000
4547a19a
4547a333
4547a4cd
4547a666
4547a800
4547a99a
4547ab33
4547accd
4547ae66
4547b000
4547b19a
4547b333
4547b4cd
4547b666
4547b800
4547b99a
4547bb33
4547bccd
4547be66
4547c000
4547c19a
4547c333
4547c4cd
4547c666
4547c800
4547c99a
4547cb33
4547cccd
4547ce66
4547d000
4547d19a
4547d333
4547d4cd
4547d666
4547d800
4547d99a
4547db33
4547dccd
4547de66
4547e000
4547e19a
4547e333
4547e4cd
4547e666
4547e800
4547e99a
4547eb33
4547eccd
4547ee66
4547f000
4547f19a
4547f333
4547f4cd
4547f666
4547f800
4547f99a
4547fb33
4547fccd
4547fe66
45480000
4548019a
45480333
454804cd
45480666
45480800
4548099a
45480b33
45480ccd
45480e66
45481000
4548119a
45481333
454814cd
45481666
45481800
4548199a
45481b33
45481ccd
45481e66
45482000
4548219a
45482333
454824cd
45482666
45482800
4548299a
45482b33
45482ccd
45482e66
45483000
4548319a
45483333
454834cd
45483666
45483800
4548399a
45483b33
45483ccd
45483e66
45484000
4548419a
45484333
454844cd
45484666
45484800
4548499a
45484b33
45484ccd
45484e66
45485000
4548519a
45485333
454854cd
45485666
45485800
4548599a
45485b33
45485ccd
45485e66
45486000
4548619a
45486333
454864cd
45486666
45486800
4548699a
45486b33
45486ccd
45486e66
45487000
4548719a
45487333
454874cd
45487666
45487800
4548799a
45487b33
45487ccd
45487e66
45488000
4548819a
45488333
454884cd
45488666
45488800
4548899a
45488b33
45488ccd
45488e66
45489000
4548919a
45489333
454894cd
45489666
45489800
4548999a
45489b33
45489ccd
45489e66
4548a000
4548a19a
4548a333
4548a4cd
4548a666
4548a800
4548a99a
4548ab33
4548accd
4548ae66
4548b000
4548b19a
4548b333
4548b4cd
4548b666
4548b800
4548b99a
4548bb33
4548bccd
4548be66
4548c000
4548c19a
4548c333
4548c4cd
4548c666
4548c800
4548c99a
4548cb33
4548cccd
4548ce66
4548d000
4548d19a
4548d333
4548d4cd
4548d666
4548d800
4548d99a
4548db33
4548dccd
4548de66
4548e000
4548e19a
4548e333
4548e4cd
4548e666
4548e800
4548e99a
4548eb33
4548eccd
4548ee66
4548f000
4548f19a
4548f333
4548f4cd
4548f666
4548f800
4548f99a
4548fb33
4548fccd
4548fe66
45490000
4549019a
45490333
454904cd
45490666
45490800
4549099a
45490b33
45490ccd
45490e66
45491000
4549119a
45491333
454914cd
45491666
45491800
4549199a
45491b33
45491ccd
45491e66
45492000
4549219a
45492333
454924cd
45492666
45492800
4549299a
45492b33
45492ccd
45492e66
45493000
4549319a
45493333
454934cd
45493666
45493800
4549399a
45493b33
45493ccd
45493e66
45494000
4549419a
45494333
454944cd
45494666
45494800
4549499a
45494b33
45494ccd
45494e66
45495000
4549519a
45495333
454954cd
45495666
45495800
4549599a
45495b33
45495ccd
45495e66
45496000
4549619a
45496333
454964cd
45496666
45496800
4549699a
45496b33
45496ccd
45496e66
45497000
4549719a
45497333
454974cd
45497666
45497800
4549799a
45497b33
45497ccd
45497e66
45498000
4549819a
45498333
454984cd
45498666
45498800
4549899a
45498b33
45498ccd
45498e66
45499000
4549919a
45499333
454994cd
45499666
45499800
4549999a
45499b33
45499ccd
45499e66
4549a000
4549a19a
4549a333
4549a4cd
4549a666
4549a800
4549a99a
4549ab33
4549accd
4549ae66
4549b000
4549b19a
4549b333
4549b4cd
4549b666
4549b800
4549b99a
4549bb33
4549bccd
4549be66
4549c000
4549c19a
4549c333
4549c4cd
4549c666
4549c800
4549c99a
4549cb33
4549cccd
4549ce66
4549d000
4549d19a
4549d333
4549d4cd
4549d666
4549d800
4549d99a
4549db33
4549dccd
4549de66
4549e000
4549e19a
4549e333
4549e4cd
4549e666
4549e800
4549e99a
4549eb33
4549eccd
4549ee66
4549f000
4549f19a
4549f333
4549f4cd
4549f666
4549f800
4549f99a
4549fb33
4549fccd
4549fe66
454a0000
454a019a
454a0333
454a04cd
454a0666
454a0800
454a099a
454a0b33
454a0ccd
454a0e66
454a1000
454a119a
454a1333
454a14cd
454a1666
454a1800
454a199a
454a1b33
454a1ccd
454a1e66
454a2000
454a219a
454a2333
454a24cd
454a2666
454a2800
454a299a
454a2b33
454a2ccd
454a2e66
454a3000
454a319a
454a3333
454a34cd
454a3666
454a3800
454a399a
454a3b33
454a3ccd
454a3e66
454a4000
454a419a
454a4333
454a44cd
454a4666
454a4800
454a499a
454a4b33
454a4ccd
454a4e66
454a5000
454a519a
454a5333
454a54cd
454a5666
454a5800
454a599a
454a5b33
454a5ccd
454a5e66
454a6000
454a619a
454a6333
454a64cd
454a6666
454a6800
454a699a
454a6b33
454a6ccd
454a6e66
454a7000
454a719a
454a7333
454a74cd
454a7666
454a7800
454a799a
454a7b33
454a7ccd
454a7e66
454a8000
454a819a
454a8333
454a84cd
454a8666
454a8800
454a899a
454a8b33
454a8ccd
454a8e66
454a9000
454a919a
454a9333
454a94cd
454a9666
454a9800
454a999a
454a9b33
454a9ccd
454a9e66
454aa000
454aa19a
454aa333
454aa4cd
454aa666
454aa800
454aa99a
454aab33
454aaccd
454aae66
454ab000
454ab19a
454ab333
454ab4cd
454ab666
454ab800
454ab99a
454abb33
454abccd
454abe66
454ac000
454ac19a
454ac333
454ac4cd
454ac666
454ac800
454ac99a
454acb33
454acccd
454ace66
454ad000
454ad19a
454ad333
454ad4cd
454ad666
454ad800
454ad99a
454adb33
454adccd
454ade66
454ae000
454ae19a
454ae333
454ae4cd
454ae666
454ae800
454ae99a
454aeb33
454aeccd
454aee66
454af000
454af19a
454af333
454af4cd
454af666
454af800
454af99a
454afb33
454afccd
454afe66
454b0000
454b019a
454b0333
454b04cd
454b0666
454b0800
454b099a
454b0b33
454b0ccd
454b0e66
454b1000
454b119a
454b1333
454b14cd
454b1666
454b1800
454b199a
454b1b33
454b1ccd
454b1e66
454b2000
454b219a
454b2333
454b24cd
454b2666
454b2800
454b299a
454b2b33
454b2ccd
454b2e66
454b3000
454b319a
454b3333
454b34cd
454b3666
454b3800
454b399a
454b3b33
454b3ccd
454b3e66
454b4000
454b419a
454b4333
454b44cd
454b4666
454b4800
454b499a
454b4b33
454b4ccd
454b4e66
454b5000
454b519a
454b5333
454b54cd
454b5666
454b5800
454b599a
454b5b33
454b5ccd
454b5e66
454b6000
454b619a
454b6333
454b64cd
454b6666
454b6800
454b699a
454b6b33
454b6ccd
454b6e66
454b7000
454b719a
454b7333
454b74cd
454b7666
454b7800
454b799a
454b7b33
454b7ccd
454b7e66
454b8000
454b819a
454b8333
454b84cd
454b8666
454b8800
454b899a
454b8b33
454b8ccd
454b8e66
454b9000
454b919a
454b9333
454b94cd
454b9666
454b9800
454b999a
454b9b33
454b9ccd
454b9e66
454ba000
454ba19a
454ba333
454ba4cd
454ba666
454ba800
454ba99a
454bab33
454baccd
454bae66
454bb000
454bb19a
454bb333
454bb4cd
454bb666
454bb800
454bb99a
454bbb33
454bbccd
454bbe66
454bc000
454bc19a
454bc333
454bc4cd
454bc666
454bc800
454bc99a
454bcb33
454bcccd
454bce66
454bd000
454bd19a
454bd333
454bd4cd
454bd666
454bd800
454bd99a
454bdb33
454bdccd
454bde66
454be000
454be19a
454be333
454be4cd
454be666
454be800
454be99a
454beb33
454beccd
454bee66
454bf000
454bf19a
454bf333
454bf4cd
454bf666
454bf800
454bf99a
454bfb33
454bfccd
454bfe66
454c0000
454c019a
454c0333
454c04cd
454c0666
454c0800
454c099a
454c0b33
454c0ccd
454c0e66
454c1000
454c119a
454c1333
454c14cd
454c1666
454c1800
454c199a
454c1b33
454c1ccd
454c1e66
454c2000
454c219a
454c2333
454c24cd
454c2666
454c2800
454c299a
454c2b33
454c2ccd
454c2e66
454c3000
454c319a
454c3333
454c34cd
454c3666
454c3800
454c399a
454c3b33
454c3ccd
454c3e66
454c4000
454c419a
454c4333
454c44cd
454c4666
454c4800
454c499a
454c4b33
454c4ccd
454c4e66
454c5000
454c519a
454c5333
454c54cd
454c5666
454c5800
454c599a
454c5b33
454c5ccd
454c5e66
454c6000
454c619a
454c6333
454c64cd
454c6666
454c6800
454c699a
454c6b33
454c6ccd
454c6e66
454c7000
454c719a
454c7333
454c74cd
454c7666
454c7800
454c799a
454c7b33
454c7ccd
454c7e66
454c8000
454c819a
454c8333
454c84cd
454c8666
454c8800
454c899a
454c8b33
454c8ccd
454c8e66
454c9000
454c919a
454c9333
454c94cd
454c9666
454c9800
454c999a
454c9b33
454c9ccd
454c9e66
454ca000
454ca19a
454ca333
454ca4cd
454ca666
454ca800
454ca99a
454cab33
454caccd
454cae66
454cb000
454cb19a
454cb333
454cb4cd
454cb666
454cb800
454cb99a
454cbb33
454cbccd
454cbe66
454cc000
454cc19a
454cc333
454cc4cd
454cc666
454cc800
454cc99a
454ccb33
454ccccd
454cce66
454cd000
454cd19a
454cd333
454cd4cd
454cd666
454cd800
454cd99a
454cdb33
454cdccd
454cde66
454ce000
454ce19a
454ce333
454ce4cd
454ce666
454ce800
454ce99a
454ceb33
454ceccd
454cee66
454cf000
454cf19a
454cf333
454cf4cd
454cf666
454cf800
454cf99a
454cfb33
454cfccd
454cfe66
454d0000
454d019a
454d0333
454d04cd
454d0666
454d0800
454d099a
454d0b33
454d0ccd
454d0e66
454d1000
454d119a
454d1333
454d14cd
454d1666
454d1800
454d199a
454d1b33
454d1ccd
454d1e66
454d2000
454d219a
454d2333
454d24cd
454d2666
454d2800
454d299a
454d2b33
454d2ccd
454d2e66
454d3000
454d319a
454d3333
454d34cd
454d3666
454d3800
454d399a
454d3b33
454d3ccd
454d3e66
454d4000
454d419a
454d4333
454d44cd
454d4666
454d4800
454d499a
454d4b33
454d4ccd
454d4e66
454d5000
454d519a
454d5333
454d54cd
454d5666
454d5800
454d599a
454d5b33
454d5ccd
454d5e66
454d6000
454d619a
454d6333
454d64cd
454d6666
454d6800
454d699a
454d6b33
454d6ccd
454d6e66
454d7000
454d719a
454d7333
454d74cd
454d7666
454d7800
454d799a
454d7b33
454d7ccd
454d7e66
454d8000
454d819a
454d8333
454d84cd
454d8666
454d8800
454d899a
454d8b33
454d8ccd
454d8e66
454d9000
454d919a
454d9333
454d94cd
454d9666
454d9800
454d999a
454d9b33
454d9ccd
454d9e66
454da000
454da19a
454da333
454da4cd
454da666
454da800
454da99a
454dab33
454daccd
454dae66
454db000
454db19a
454db333
454db4cd
454db666
454db800
454db99a
454dbb33
454dbccd
454dbe66
454dc000
454dc19a
454dc333
454dc4cd
454dc666
454dc800
454dc99a
454dcb33
454dcccd
454dce66
454dd000
454dd19a
454dd333
454dd4cd
454dd666
454dd800
454dd99a
454ddb33
454ddccd
454dde66
454de000
454de19a
454de333
454de4cd
454de666
454de800
454de99a
454deb33
454deccd
454dee66
454df000
454df19a
454df333
454df4cd
454df666
454df800
454df99a
454dfb33
454dfccd
454dfe66
454e0000
454e019a
454e0333
454e04cd
454e0666
454e0800
454e099a
454e0b33
454e0ccd
454e0e66
454e1000
454e119a
454e1333
454e14cd
454e1666
454e1800
454e199a
454e1b33
454e1ccd
454e1e66
454e2000
454e219a
454e2333
454e24cd
454e2666
454e2800
454e299a
454e2b33
454e2ccd
454e2e66
454e3000
454e319a
454e3333
454e34cd
454e3666
454e3800
454e399a
454e3b33
454e3ccd
454e3e66
454e4000
454e419a
454e4333
454e44cd
454e4666
454e4800
454e499a
454e4b33
454e4ccd
454e4e66
454e5000
454e519a
454e5333
454e54cd
454e5666
454e5800
454e599a
454e5b33
454e5ccd
454e5e66
454e6000
454e619a
454e6333
454e64cd
454e6666
454e6800
454e699a
454e6b33
454e6ccd
454e6e66
454e7000
454e719a
454e7333
454e74cd
454e7666
454e7800
454e799a
454e7b33
454e7ccd
454e7e66
454e8000
454e819a
454e8333
454e84cd
454e8666
454e8800
454e899a
454e8b33
454e8ccd
454e8e66
454e9000
454e919a
454e9333
454e94cd
454e9666
454e9800
454e999a
454e9b33
454e9ccd
454e9e66
454ea000
454ea19a
454ea333
454ea4cd
454ea666
454ea800
454ea99a
454eab33
454eaccd
454eae66
454eb000
454eb19a
454eb333
454eb4cd
454eb666
454eb800
454eb99a
454ebb33
454ebccd
454ebe66
454ec000
454ec19a
454ec333
454ec4cd
454ec666
454ec800
454ec99a
454ecb33
454ecccd
454ece66
454ed000
454ed19a
454ed333
454ed4cd
454ed666
454ed800
454ed99a
454edb33
454edccd
454ede66
454ee000
454ee19a
454ee333
454ee4cd
454ee666
454ee800
454ee99a
454eeb33
454eeccd
454eee66
454ef000
454ef19a
454ef333
454ef4cd
454ef666
454ef800
454ef99a
454efb33
454efccd
454efe66
454f0000
454f019a
454f0333
454f04cd
454f0666
454f0800
454f099a
454f0b33
454f0ccd
454f0e66
454f1000
454f119a
454f1333
454f14cd
454f1666
454f1800
454f199a
454f1b33
454f1ccd
454f1e66
454f2000
454f219a
454f2333
454f24cd
454f2666
454f2800
454f299a
454f2b33
454f2ccd
454f2e66
454f3000
454f319a
454f3333
454f34cd
454f3666
454f3800
454f399a
454f3b33
454f3ccd
454f3e66
454f4000
454f419a
454f4333
454f44cd
454f4666
454f4800
454f499a
454f4b33
454f4ccd
454f4e66
454f5000
454f519a
454f5333
454f54cd
454f5666
454f5800
454f599a
454f5b33
454f5ccd
454f5e66
454f6000
454f619a
454f6333
454f64cd
454f6666
454f6800
454f699a
454f6b33
454f6ccd
454f6e66
454f7000
454f719a
454f7333
454f74cd
454f7666
454f7800
454f799a
454f7b33
454f7ccd
454f7e66
454f8000
454f819a
454f8333
454f84cd
454f8666
454f8800
454f899a
454f8b33
454f8ccd
454f8e66
454f9000
454f919a
454f9333
454f94cd
454f9666
454f9800
454f999a
454f9b33
454f9ccd
454f9e66
454fa000
454fa19a
454fa333
454fa4cd
454fa666
454fa800
454fa99a
454fab33
454faccd
454fae66
454fb000
454fb19a
454fb333
454fb4cd
454fb666
454fb800
454fb99a
454fbb33
454fbccd
454fbe66
454fc000
454fc19a
454fc333
454fc4cd
454fc666
454fc800
454fc99a
454fcb33
454fcccd
454fce66
454fd000
454fd19a
454fd333
454fd4cd
454fd666
454fd800
454fd99a
454fdb33
454fdccd
454fde66
454fe000
454fe19a
454fe333
454fe4cd
454fe666
454fe800
454fe99a
454feb33
454feccd
454fee66
454ff000
454ff19a
454ff333
454ff4cd
454ff666
454ff800
454ff99a
454ffb33
454ffccd
454ffe66
45500000
4550019a
45500333
455004cd
45500666
45500800
4550099a
45500b33
45500ccd
45500e66
45501000
4550119a
45501333
455014cd
45501666
45501800
4550199a
45501b33
45501ccd
45501e66
45502000
4550219a
45502333
455024cd
45502666
45502800
4550299a
45502b33
45502ccd
45502e66
45503000
4550319a
45503333
455034cd
45503666
45503800
4550399a
45503b33
45503ccd
45503e66
45504000
4550419a
45504333
455044cd
45504666
45504800
4550499a
45504b33
45504ccd
45504e66
45505000
4550519a
45505333
455054cd
45505666
45505800
4550599a
45505b33
45505ccd
45505e66
45506000
4550619a
45506333
455064cd
45506666
45506800
4550699a
45506b33
45506ccd
45506e66
45507000
4550719a
45507333
455074cd
45507666
45507800
4550799a
45507b33
45507ccd
45507e66
45508000
4550819a
45508333
455084cd
45508666
45508800
4550899a
45508b33
45508ccd
45508e66
45509000
4550919a
45509333
455094cd
45509666
45509800
4550999a
45509b33
45509ccd
45509e66
4550a000
4550a19a
4550a333
4550a4cd
4550a666
4550a800
4550a99a
4550ab33
4550accd
4550ae66
4550b000
4550b19a
4550b333
4550b4cd
4550b666
4550b800
4550b99a
4550bb33
4550bccd
4550be66
4550c000
4550c19a
4550c333
4550c4cd
4550c666
4550c800
4550c99a
4550cb33
4550cccd
4550ce66
4550d000
4550d19a
4550d333
4550d4cd
4550d666
4550d800
4550d99a
4550db33
4550dccd
4550de66
4550e000
4550e19a
4550e333
4550e4cd
4550e666
4550e800
4550e99a
4550eb33
4550eccd
4550ee66
4550f000
4550f19a
4550f333
4550f4cd
4550f666
4550f800
4550f99a
4550fb33
4550fccd
4550fe66
45510000
4551019a
45510333
455104cd
45510666
45510800
4551099a
45510b33
45510ccd
45510e66
45511000
4551119a
45511333
455114cd
45511666
45511800
4551199a
45511b33
45511ccd
45511e66
45512000
4551219a
45512333
455124cd
45512666
45512800
4551299a
45512b33
45512ccd
45512e66
45513000
4551319a
45513333
455134cd
45513666
45513800
4551399a
45513b33
45513ccd
45513e66
45514000
4551419a
45514333
455144cd
45514666
45514800
4551499a
45514b33
45514ccd
45514e66
45515000
4551519a
45515333
455154cd
45515666
45515800
4551599a
45515b33
45515ccd
45515e66
45516000
4551619a
45516333
455164cd
45516666
45516800
4551699a
45516b33
45516ccd
45516e66
45517000
4551719a
45517333
455174cd
45517666
45517800
4551799a
45517b33
45517ccd
45517e66
45518000
4551819a
45518333
455184cd
45518666
45518800
4551899a
45518b33
45518ccd
45518e66
45519000
4551919a
45519333
455194cd
45519666
45519800
4551999a
45519b33
45519ccd
45519e66
4551a000
4551a19a
4551a333
4551a4cd
4551a666
4551a800
4551a99a
4551ab33
4551accd
4551ae66
4551b000
4551b19a
4551b333
4551b4cd
4551b666
4551b800
4551b99a
4551bb33
4551bccd
4551be66
4551c000
4551c19a
4551c333
4551c4cd
4551c666
4551c800
4551c99a
4551cb33
4551cccd
4551ce66
4551d000
4551d19a
4551d333
4551d4cd
4551d666
4551d800
4551d99a
4551db33
4551dccd
4551de66
4551e000
4551e19a
4551e333
4551e4cd
4551e666
4551e800
4551e99a
4551eb33
4551eccd
4551ee66
4551f000
4551f19a
4551f333
4551f4cd
4551f666
4551f800
4551f99a
4551fb33
4551fccd
4551fe66
45520000
4552019a
45520333
455204cd
45520666
45520800
4552099a
45520b33
45520ccd
45520e66
45521000
4552119a
45521333
455214cd
45521666
45521800
4552199a
45521b33
45521ccd
45521e66
45522000
4552219a
45522333
455224cd
45522666
45522800
4552299a
45522b33
45522ccd
45522e66
45523000
4552319a
45523333
455234cd
45523666
45523800
4552399a
45523b33
45523ccd
45523e66
45524000
4552419a
45524333
455244cd
45524666
45524800
4552499a
45524b33
45524ccd
45524e66
45525000
4552519a
45525333
455254cd
45525666
45525800
4552599a
45525b33
45525ccd
45525e66
45526000
4552619a
45526333
455264cd
45526666
45526800
4552699a
45526b33
45526ccd
45526e66
45527000
4552719a
45527333
455274cd
45527666
45527800
4552799a
45527b33
45527ccd
45527e66
45528000
4552819a
45528333
455284cd
45528666
45528800
4552899a
45528b33
45528ccd
45528e66
45529000
4552919a
45529333
455294cd
45529666
45529800
4552999a
45529b33
45529ccd
45529e66
4552a000
4552a19a
4552a333
4552a4cd
4552a666
4552a800
4552a99a
4552ab33
4552accd
4552ae66
4552b000
4552b19a
4552b333
4552b4cd
4552b666
4552b800
4552b99a
4552bb33
4552bccd
4552be66
4552c000
4552c19a
4552c333
4552c4cd
4552c666
4552c800
4552c99a
4552cb33
4552cccd
4552ce66
4552d000
4552d19a
4552d333
4552d4cd
4552d666
4552d800
4552d99a
4552db33
4552dccd
4552de66
4552e000
4552e19a
4552e333
4552e4cd
4552e666
4552e800
4552e99a
4552eb33
4552eccd
4552ee66
4552f000
4552f19a
4552f333
4552f4cd
4552f666
4552f800
4552f99a
4552fb33
4552fccd
4552fe66
45530000
4553019a
45530333
455304cd
45530666
45530800
4553099a
45530b33
45530ccd
45530e66
45531000
4553119a
45531333
455314cd
45531666
45531800
4553199a
45531b33
45531ccd
45531e66
45532000
4553219a
45532333
455324cd
45532666
45532800
4553299a
45532b33
45532ccd
45532e66
45533000
4553319a
45533333
455334cd
45533666
45533800
4553399a
45533b33
45533ccd
45533e66
45534000
4553419a
45534333
455344cd
45534666
45534800
4553499a
45534b33
45534ccd
45534e66
45535000
4553519a
45535333
455354cd
45535666
45535800
4553599a
45535b33
45535ccd
45535e66
45536000
4553619a
45536333
455364cd
45536666
45536800
4553699a
45536b33
45536ccd
45536e66
45537000
4553719a
45537333
455374cd
45537666
45537800
4553799a
45537b33
45537ccd
45537e66
45538000
4553819a
45538333
455384cd
45538666
45538800
4553899a
45538b33
45538ccd
45538e66
45539000
4553919a
45539333
455394cd
45539666
45539800
4553999a
45539b33
45539ccd
45539e66
4553a000
4553a19a
4553a333
4553a4cd
4553a666
4553a800
4553a99a
4553ab33
4553accd
4553ae66
4553b000
4553b19a
4553b333
4553b4cd
4553b666
4553b800
4553b99a
4553bb33
4553bccd
4553be66
4553c000
4553c19a
4553c333
4553c4cd
4553c666
4553c800
4553c99a
4553cb33
4553cccd
4553ce66
4553d000
4553d19a
4553d333
4553d4cd
4553d666
4553d800
4553d99a
4553db33
4553dccd
4553de66
4553e000
4553e19a
4553e333
4553e4cd
4553e666
4553e800
4553e99a
4553eb33
4553eccd
4553ee66
4553f000
4553f19a
4553f333
4553f4cd
4553f666
4553f800
4553f99a
4553fb33
4553fccd
4553fe66
45540000
4554019a
45540333
455404cd
45540666
45540800
4554099a
45540b33
45540ccd
45540e66
45541000
4554119a
45541333
455414cd
45541666
45541800
4554199a
45541b33
45541ccd
45541e66
45542000
4554219a
45542333
455424cd
45542666
45542800
4554299a
45542b33
45542ccd
45542e66
45543000
4554319a
45543333
455434cd
45543666
45543800
4554399a
45543b33
45543ccd
45543e66
45544000
4554419a
45544333
455444cd
45544666
45544800
4554499a
45544b33
45544ccd
45544e66
45545000
4554519a
45545333
455454cd
45545666
45545800
4554599a
45545b33
45545ccd
45545e66
45546000
4554619a
45546333
455464cd
45546666
45546800
4554699a
45546b33
45546ccd
45546e66
45547000
4554719a
45547333
455474cd
45547666
45547800
4554799a
45547b33
45547ccd
45547e66
45548000
4554819a
45548333
455484cd
45548666
45548800
4554899a
45548b33
45548ccd
45548e66
45549000
4554919a
45549333
455494cd
45549666
45549800
4554999a
45549b33
45549ccd
45549e66
4554a000
4554a19a
4554a333
4554a4cd
4554a666
4554a800
4554a99a
4554ab33
4554accd
4554ae66
4554b000
4554b19a
4554b333
4554b4cd
4554b666
4554b800
4554b99a
4554bb33
4554bccd
4554be66
4554c000
4554c19a
4554c333
4554c4cd
4554c666
4554c800
4554c99a
4554cb33
4554cccd
4554ce66
4554d000
4554d19a
4554d333
4554d4cd
4554d666
4554d800
4554d99a
4554db33
4554dccd
4554de66
4554e000
4554e19a
4554e333
4554e4cd
4554e666
4554e800
4554e99a
4554eb33
4554eccd
4554ee66
4554f000
4554f19a
4554f333
4554f4cd
4554f666
4554f800
4554f99a
4554fb33
4554fccd
4554fe66
45550000
4555019a
45550333
455504cd
45550666
45550800
4555099a
45550b33
45550ccd
45550e66
45551000
4555119a
45551333
455514cd
45551666
45551800
4555199a
45551b33
45551ccd
45551e66
45552000
4555219a
45552333
455524cd
45552666
45552800
4555299a
45552b33
45552ccd
45552e66
45553000
4555319a
45553333
455534cd
45553666
45553800
4555399a
45553b33
45553ccd
45553e66
45554000
4555419a
45554333
455544cd
45554666
45554800
4555499a
45554b33
45554ccd
45554e66
45555000
4555519a
45555333
455554cd
45555666
45555800
4555599a
45555b33
45555ccd
45555e66
45556000
4555619a
45556333
455564cd
45556666
45556800
4555699a
45556b33
45556ccd
45556e66
45557000
4555719a
45557333
455574cd
45557666
45557800
4555799a
45557b33
45557ccd
45557e66
45558000
4555819a
45558333
455584cd
45558666
45558800
4555899a
45558b33
45558ccd
45558e66
45559000
4555919a
45559333
455594cd
45559666
45559800
4555999a
45559b33
45559ccd
45559e66
4555a000
4555a19a
4555a333
4555a4cd
4555a666
4555a800
4555a99a
4555ab33
4555accd
4555ae66
4555b000
4555b19a
4555b333
4555b4cd
4555b666
4555b800
4555b99a
4555bb33
4555bccd
4555be66
4555c000
4555c19a
4555c333
4555c4cd
4555c666
4555c800
4555c99a
4555cb33
4555cccd
4555ce66
4555d000
4555d19a
4555d333
4555d4cd
4555d666
4555d800
4555d99a
4555db33
4555dccd
4555de66
4555e000
4555e19a
4555e333
4555e4cd
4555e666
4555e800
4555e99a
4555eb33
4555eccd
4555ee66
4555f000
4555f19a
4555f333
4555f4cd
4555f666
4555f800
4555f99a
4555fb33
4555fccd
4555fe66
45560000
4556019a
45560333
455604cd
45560666
45560800
4556099a
45560b33
45560ccd
45560e66
45561000
4556119a
45561333
455614cd
45561666
45561800
4556199a
45561b33
45561ccd
45561e66
45562000
4556219a
45562333
455624cd
45562666
45562800
4556299a
45562b33
45562ccd
45562e66
45563000
4556319a
45563333
455634cd
45563666
45563800
4556399a
45563b33
45563ccd
45563e66
45564000
4556419a
45564333
455644cd
45564666
45564800
4556499a
45564b33
45564ccd
45564e66
45565000
4556519a
45565333
455654cd
45565666
45565800
4556599a
45565b33
45565ccd
45565e66
45566000
4556619a
45566333
455664cd
45566666
45566800
4556699a
45566b33
45566ccd
45566e66
45567000
4556719a
45567333
455674cd
45567666
45567800
4556799a
45567b33
45567ccd
45567e66
45568000
4556819a
45568333
455684cd
45568666
45568800
4556899a
45568b33
45568ccd
45568e66
45569000
4556919a
45569333
455694cd
45569666
45569800
4556999a
45569b33
45569ccd
45569e66
4556a000
4556a19a
4556a333
4556a4cd
4556a666
4556a800
4556a99a
4556ab33
4556accd
4556ae66
4556b000
4556b19a
4556b333
4556b4cd
4556b666
4556b800
4556b99a
4556bb33
4556bccd
4556be66
4556c000
4556c19a
4556c333
4556c4cd
4556c666
4556c800
4556c99a
4556cb33
4556cccd
4556ce66
4556d000
4556d19a
4556d333
4556d4cd
4556d666
4556d800
4556d99a
4556db33
4556dccd
4556de66
4556e000
4556e19a
4556e333
4556e4cd
4556e666
4556e800
4556e99a
4556eb33
4556eccd
4556ee66
4556f000
4556f19a
4556f333
4556f4cd
4556f666
4556f800
4556f99a
4556fb33
4556fccd
4556fe66
45570000
4557019a
45570333
455704cd
45570666
45570800
4557099a
45570b33
45570ccd
45570e66
45571000
4557119a
45571333
455714cd
45571666
45571800
4557199a
45571b33
45571ccd
45571e66
45572000
4557219a
45572333
455724cd
45572666
45572800
4557299a
45572b33
45572ccd
45572e66
45573000
4557319a
45573333
455734cd
45573666
45573800
4557399a
45573b33
45573ccd
45573e66
45574000
4557419a
45574333
455744cd
45574666
45574800
4557499a
45574b33
45574ccd
45574e66
45575000
4557519a
45575333
455754cd
45575666
45575800
4557599a
45575b33
45575ccd
45575e66
45576000
4557619a
45576333
455764cd
45576666
45576800
4557699a
45576b33
45576ccd
45576e66
45577000
4557719a
45577333
455774cd
45577666
45577800
4557799a
45577b33
45577ccd
45577e66
45578000
4557819a
45578333
455784cd
45578666
45578800
4557899a
45578b33
45578ccd
45578e66
45579000
4557919a
45579333
455794cd
45579666
45579800
4557999a
45579b33
45579ccd
45579e66
4557a000
4557a19a
4557a333
4557a4cd
4557a666
4557a800
4557a99a
4557ab33
4557accd
4557ae66
4557b000
4557b19a
4557b333
4557b4cd
4557b666
4557b800
4557b99a
4557bb33
4557bccd
4557be66
4557c000
4557c19a
4557c333
4557c4cd
4557c666
4557c800
4557c99a
4557cb33
4557cccd
4557ce66
4557d000
4557d19a
4557d333
4557d4cd
4557d666
4557d800
4557d99a
4557db33
4557dccd
4557de66
4557e000
4557e19a
4557e333
4557e4cd
4557e666
4557e800
4557e99a
4557eb33
4557eccd
4557ee66
4557f000
4557f19a
4557f333
4557f4cd
4557f666
4557f800
4557f99a
4557fb33
4557fccd
4557fe66
45580000
4558019a
45580333
455804cd
45580666
45580800
4558099a
45580b33
45580ccd
45580e66
45581000
4558119a
45581333
455814cd
45581666
45581800
4558199a
45581b33
45581ccd
45581e66
45582000
4558219a
45582333
455824cd
45582666
45582800
4558299a
45582b33
45582ccd
45582e66
45583000
4558319a
45583333
455834cd
45583666
45583800
4558399a
45583b33
45583ccd
45583e66
45584000
4558419a
45584333
455844cd
45584666
45584800
4558499a
45584b33
45584ccd
45584e66
45585000
4558519a
45585333
455854cd
45585666
45585800
4558599a
45585b33
45585ccd
45585e66
45586000
4558619a
45586333
455864cd
45586666
45586800
4558699a
45586b33
45586ccd
45586e66
45587000
4558719a
45587333
455874cd
45587666
45587800
4558799a
45587b33
45587ccd
45587e66
45588000
4558819a
45588333
455884cd
45588666
45588800
4558899a
45588b33
45588ccd
45588e66
45589000
4558919a
45589333
455894cd
45589666
45589800
4558999a
45589b33
45589ccd
45589e66
4558a000
4558a19a
4558a333
4558a4cd
4558a666
4558a800
4558a99a
4558ab33
4558accd
4558ae66
4558b000
4558b19a
4558b333
4558b4cd
4558b666
4558b800
4558b99a
4558bb33
4558bccd
4558be66
4558c000
4558c19a
4558c333
4558c4cd
4558c666
4558c800
4558c99a
4558cb33
4558cccd
4558ce66
4558d000
4558d19a
4558d333
4558d4cd
4558d666
4558d800
4558d99a
4558db33
4558dccd
4558de66
4558e000
4558e19a
4558e333
4558e4cd
4558e666
4558e800
4558e99a
4558eb33
4558eccd
4558ee66
4558f000
4558f19a
4558f333
4558f4cd
4558f666
4558f800
4558f99a
4558fb33
4558fccd
4558fe66
45590000
4559019a
45590333
455904cd
45590666
45590800
4559099a
45590b33
45590ccd
45590e66
45591000
4559119a
45591333
455914cd
45591666
45591800
4559199a
45591b33
45591ccd
45591e66
45592000
4559219a
45592333
455924cd
45592666
45592800
4559299a
45592b33
45592ccd
45592e66
45593000
4559319a
45593333
455934cd
45593666
45593800
4559399a
45593b33
45593ccd
45593e66
45594000
4559419a
45594333
455944cd
45594666
45594800
4559499a
45594b33
45594ccd
45594e66
45595000
4559519a
45595333
455954cd
45595666
45595800
4559599a
45595b33
45595ccd
45595e66
45596000
4559619a
45596333
455964cd
45596666
45596800
4559699a
45596b33
45596ccd
45596e66
45597000
4559719a
45597333
455974cd
45597666
45597800
4559799a
45597b33
45597ccd
45597e66
45598000
4559819a
45598333
455984cd
45598666
45598800
4559899a
45598b33
45598ccd
45598e66
45599000
4559919a
45599333
455994cd
45599666
45599800
4559999a
45599b33
45599ccd
45599e66
4559a000
4559a19a
4559a333
4559a4cd
4559a666
4559a800
4559a99a
4559ab33
4559accd
4559ae66
4559b000
4559b19a
4559b333
4559b4cd
4559b666
4559b800
4559b99a
4559bb33
4559bccd
4559be66
4559c000
4559c19a
4559c333
4559c4cd
4559c666
4559c800
4559c99a
4559cb33
4559cccd
4559ce66
4559d000
4559d19a
4559d333
4559d4cd
4559d666
4559d800
4559d99a
4559db33
4559dccd
4559de66
4559e000
4559e19a
4559e333
4559e4cd
4559e666
4559e800
4559e99a
4559eb33
4559eccd
4559ee66
4559f000
4559f19a
4559f333
4559f4cd
4559f666
4559f800
4559f99a
4559fb33
4559fccd
4559fe66
455a0000
455a019a
455a0333
455a04cd
455a0666
455a0800
455a099a
455a0b33
455a0ccd
455a0e66
455a1000
455a119a
455a1333
455a14cd
455a1666
455a1800
455a199a
455a1b33
455a1ccd
455a1e66
455a2000
455a219a
455a2333
455a24cd
455a2666
455a2800
455a299a
455a2b33
455a2ccd
455a2e66
455a3000
455a319a
455a3333
455a34cd
455a3666
455a3800
455a399a
455a3b33
455a3ccd
455a3e66
455a4000
455a419a
455a4333
455a44cd
455a4666
455a4800
455a499a
455a4b33
455a4ccd
455a4e66
455a5000
455a519a
455a5333
455a54cd
455a5666
455a5800
455a599a
455a5b33
455a5ccd
455a5e66
455a6000
455a619a
455a6333
455a64cd
455a6666
455a6800
455a699a
455a6b33
455a6ccd
455a6e66
455a7000
455a719a
455a7333
455a74cd
455a7666
455a7800
455a799a
455a7b33
455a7ccd
455a7e66
455a8000
455a819a
455a8333
455a84cd
455a8666
455a8800
455a899a
455a8b33
455a8ccd
455a8e66
455a9000
455a919a
455a9333
455a94cd
455a9666
455a9800
455a999a
455a9b33
455a9ccd
455a9e66
455aa000
455aa19a
455aa333
455aa4cd
455aa666
455aa800
455aa99a
455aab33
455aaccd
455aae66
455ab000
455ab19a
455ab333
455ab4cd
455ab666
455ab800
455ab99a
455abb33
455abccd
455abe66
455ac000
455ac19a
455ac333
455ac4cd
455ac666
455ac800
455ac99a
455acb33
455acccd
455ace66
455ad000
455ad19a
455ad333
455ad4cd
455ad666
455ad800
455ad99a
455adb33
455adccd
455ade66
455ae000
455ae19a
455ae333
455ae4cd
455ae666
455ae800
455ae99a
455aeb33
455aeccd
455aee66
455af000
455af19a
455af333
455af4cd
455af666
455af800
455af99a
455afb33
455afccd
455afe66
455b0000
455b019a
455b0333
455b04cd
455b0666
455b0800
455b099a
455b0b33
455b0ccd
455b0e66
455b1000
455b119a
455b1333
455b14cd
455b1666
455b1800
455b199a
455b1b33
455b1ccd
455b1e66
455b2000
455b219a
455b2333
455b24cd
455b2666
455b2800
455b299a
455b2b33
455b2ccd
455b2e66
455b3000
455b319a
455b3333
455b34cd
455b3666
455b3800
455b399a
455b3b33
455b3ccd
455b3e66
455b4000
455b419a
455b4333
455b44cd
455b4666
455b4800
455b499a
455b4b33
455b4ccd
455b4e66
455b5000
455b519a
455b5333
455b54cd
455b5666
455b5800
455b599a
455b5b33
455b5ccd
455b5e66
455b6000
455b619a
455b6333
455b64cd
455b6666
455b6800
455b699a
455b6b33
455b6ccd
455b6e66
455b7000
455b719a
455b7333
455b74cd
455b7666
455b7800
455b799a
455b7b33
455b7ccd
455b7e66
455b8000
455b819a
455b8333
455b84cd
455b8666
455b8800
455b899a
455b8b33
455b8ccd
455b8e66
455b9000
455b919a
455b9333
455b94cd
455b9666
455b9800
455b999a
455b9b33
455b9ccd
455b9e66
455ba000
455ba19a
455ba333
455ba4cd
455ba666
455ba800
455ba99a
455bab33
455baccd
455bae66
455bb000
455bb19a
455bb333
455bb4cd
455bb666
455bb800
455bb99a
455bbb33
455bbccd
455bbe66
455bc000
455bc19a
455bc333
455bc4cd
455bc666
455bc800
455bc99a
455bcb33
455bcccd
455bce66
455bd000
455bd19a
455bd333
455bd4cd
455bd666
455bd800
455bd99a
455bdb33
455bdccd
455bde66
455be000
455be19a
455be333
455be4cd
455be666
455be800
455be99a
455beb33
455beccd
455bee66
455bf000
455bf19a
455bf333
455bf4cd
455bf666
455bf800
455bf99a
455bfb33
455bfccd
455bfe66
455c0000
455c019a
455c0333
455c04cd
455c0666
455c0800
455c099a
455c0b33
455c0ccd
455c0e66
455c1000
455c119a
455c1333
455c14cd
455c1666
455c1800
455c199a
455c1b33
455c1ccd
455c1e66
455c2000
455c219a
455c2333
455c24cd
455c2666
455c2800
455c299a
455c2b33
455c2ccd
455c2e66
455c3000
455c319a
455c3333
455c34cd
455c3666
455c3800
455c399a
455c3b33
455c3ccd
455c3e66
455c4000
455c419a
455c4333
455c44cd
455c4666
455c4800
455c499a
455c4b33
455c4ccd
455c4e66
455c5000
455c519a
455c5333
455c54cd
455c5666
455c5800
455c599a
455c5b33
455c5ccd
455c5e66
455c6000
455c619a
455c6333
455c64cd
455c6666
455c6800
455c699a
455c6b33
455c6ccd
455c6e66
455c7000
455c719a
455c7333
455c74cd
455c7666
455c7800
455c799a
455c7b33
455c7ccd
455c7e66
455c8000
455c819a
455c8333
455c84cd
455c8666
455c8800
455c899a
455c8b33
455c8ccd
455c8e66
455c9000
455c919a
455c9333
455c94cd
455c9666
455c9800
455c999a
455c9b33
455c9ccd
455c9e66
455ca000
455ca19a
455ca333
455ca4cd
455ca666
455ca800
455ca99a
455cab33
455caccd
455cae66
455cb000
455cb19a
455cb333
455cb4cd
455cb666
455cb800
455cb99a
455cbb33
455cbccd
455cbe66
455cc000
455cc19a
455cc333
455cc4cd
455cc666
455cc800
455cc99a
455ccb33
455ccccd
455cce66
455cd000
455cd19a
455cd333
455cd4cd
455cd666
455cd800
455cd99a
455cdb33
455cdccd
455cde66
455ce000
455ce19a
455ce333
455ce4cd
455ce666
455ce800
455ce99a
455ceb33
455ceccd
455cee66
455cf000
455cf19a
455cf333
455cf4cd
455cf666
455cf800
455cf99a
455cfb33
455cfccd
455cfe66
455d0000
455d019a
455d0333
455d04cd
455d0666
455d0800
455d099a
455d0b33
455d0ccd
455d0e66
455d1000
455d119a
455d1333
455d14cd
455d1666
455d1800
455d199a
455d1b33
455d1ccd
455d1e66
455d2000
455d219a
455d2333
455d24cd
455d2666
455d2800
455d299a
455d2b33
455d2ccd
455d2e66
455d3000
455d319a
455d3333
455d34cd
455d3666
455d3800
455d399a
455d3b33
455d3ccd
455d3e66
455d4000
455d419a
455d4333
455d44cd
455d4666
455d4800
455d499a
455d4b33
455d4ccd
455d4e66
455d5000
455d519a
455d5333
455d54cd
455d5666
455d5800
455d599a
455d5b33
455d5ccd
455d5e66
455d6000
455d619a
455d6333
455d64cd
455d6666
455d6800
455d699a
455d6b33
455d6ccd
455d6e66
455d7000
455d719a
455d7333
455d74cd
455d7666
455d7800
455d799a
455d7b33
455d7ccd
455d7e66
455d8000
455d819a
455d8333
455d84cd
455d8666
455d8800
455d899a
455d8b33
455d8ccd
455d8e66
455d9000
455d919a
455d9333
455d94cd
455d9666
455d9800
455d999a
455d9b33
455d9ccd
455d9e66
455da000
455da19a
455da333
455da4cd
455da666
455da800
455da99a
455dab33
455daccd
455dae66
455db000
455db19a
455db333
455db4cd
455db666
455db800
455db99a
455dbb33
455dbccd
455dbe66
455dc000
455dc19a
455dc333
455dc4cd
455dc666
455dc800
455dc99a
455dcb33
455dcccd
455dce66
455dd000
455dd19a
455dd333
455dd4cd
455dd666
455dd800
455dd99a
455ddb33
455ddccd
455dde66
455de000
455de19a
455de333
455de4cd
455de666
455de800
455de99a
455deb33
455deccd
455dee66
455df000
455df19a
455df333
455df4cd
455df666
455df800
455df99a
455dfb33
455dfccd
455dfe66
455e0000
455e019a
455e0333
455e04cd
455e0666
455e0800
455e099a
455e0b33
455e0ccd
455e0e66
455e1000
455e119a
455e1333
455e14cd
455e1666
455e1800
455e199a
455e1b33
455e1ccd
455e1e66
455e2000
455e219a
455e2333
455e24cd
455e2666
455e2800
455e299a
455e2b33
455e2ccd
455e2e66
455e3000
455e319a
455e3333
455e34cd
455e3666
455e3800
455e399a
455e3b33
455e3ccd
455e3e66
455e4000
455e419a
455e4333
455e44cd
455e4666
455e4800
455e499a
455e4b33
455e4ccd
455e4e66
455e5000
455e519a
455e5333
455e54cd
455e5666
455e5800
455e599a
455e5b33
455e5ccd
455e5e66
455e6000
455e619a
455e6333
455e64cd
455e6666
455e6800
455e699a
455e6b33
455e6ccd
455e6e66
455e7000
455e719a
455e7333
455e74cd
455e7666
455e7800
455e799a
455e7b33
455e7ccd
455e7e66
455e8000
455e819a
455e8333
455e84cd
455e8666
455e8800
455e899a
455e8b33
455e8ccd
455e8e66
455e9000
455e919a
455e9333
455e94cd
455e9666
455e9800
455e999a
455e9b33
455e9ccd
455e9e66
455ea000
455ea19a
455ea333
455ea4cd
455ea666
455ea800
455ea99a
455eab33
455eaccd
455eae66
455eb000
455eb19a
455eb333
455eb4cd
455eb666
455eb800
455eb99a
455ebb33
455ebccd
455ebe66
455ec000
455ec19a
455ec333
455ec4cd
455ec666
455ec800
455ec99a
455ecb33
455ecccd
455ece66
455ed000
455ed19a
455ed333
455ed4cd
455ed666
455ed800
455ed99a
455edb33
455edccd
455ede66
455ee000
455ee19a
455ee333
455ee4cd
455ee666
455ee800
455ee99a
455eeb33
455eeccd
455eee66
455ef000
455ef19a
455ef333
455ef4cd
455ef666
455ef800
455ef99a
455efb33
455efccd
455efe66
455f0000
455f019a
455f0333
455f04cd
455f0666
455f0800
455f099a
455f0b33
455f0ccd
455f0e66
455f1000
455f119a
455f1333
455f14cd
455f1666
455f1800
455f199a
455f1b33
455f1ccd
455f1e66
455f2000
455f219a
455f2333
455f24cd
455f2666
455f2800
455f299a
455f2b33
455f2ccd
455f2e66
455f3000
455f319a
455f3333
455f34cd
455f3666
455f3800
455f399a
455f3b33
455f3ccd
455f3e66
455f4000
455f419a
455f4333
455f44cd
455f4666
455f4800
455f499a
455f4b33
455f4ccd
455f4e66
455f5000
455f519a
455f5333
455f54cd
455f5666
455f5800
455f599a
455f5b33
455f5ccd
455f5e66
455f6000
455f619a
455f6333
455f64cd
455f6666
455f6800
455f699a
455f6b33
455f6ccd
455f6e66
455f7000
455f719a
455f7333
455f74cd
455f7666
455f7800
455f799a
455f7b33
455f7ccd
455f7e66
455f8000
455f819a
455f8333
455f84cd
455f8666
455f8800
455f899a
455f8b33
455f8ccd
455f8e66
455f9000
455f919a
455f9333
455f94cd
455f9666
455f9800
455f999a
455f9b33
455f9ccd
455f9e66
455fa000
455fa19a
455fa333
455fa4cd
455fa666
455fa800
455fa99a
455fab33
455faccd
455fae66
455fb000
455fb19a
455fb333
455fb4cd
455fb666
455fb800
455fb99a
455fbb33
455fbccd
455fbe66
455fc000
455fc19a
455fc333
455fc4cd
455fc666
455fc800
455fc99a
455fcb33
455fcccd
455fce66
455fd000
455fd19a
455fd333
455fd4cd
455fd666
455fd800
455fd99a
455fdb33
455fdccd
455fde66
455fe000
455fe19a
455fe333
455fe4cd
455fe666
455fe800
455fe99a
455feb33
455feccd
455fee66
455ff000
455ff19a
455ff333
455ff4cd
455ff666
455ff800
455ff99a
455ffb33
455ffccd
455ffe66
45600000
4560019a
45600333
456004cd
45600666
45600800
4560099a
45600b33
45600ccd
45600e66
45601000
4560119a
45601333
456014cd
45601666
45601800
4560199a
45601b33
45601ccd
45601e66
45602000
4560219a
45602333
456024cd
45602666
45602800
4560299a
45602b33
45602ccd
45602e66
45603000
4560319a
45603333
456034cd
45603666
45603800
4560399a
45603b33
45603ccd
45603e66
45604000
4560419a
45604333
456044cd
45604666
45604800
4560499a
45604b33
45604ccd
45604e66
45605000
4560519a
45605333
456054cd
45605666
45605800
4560599a
45605b33
45605ccd
45605e66
45606000
4560619a
45606333
456064cd
45606666
45606800
4560699a
45606b33
45606ccd
45606e66
45607000
4560719a
45607333
456074cd
45607666
45607800
4560799a
45607b33
45607ccd
45607e66
45608000
4560819a
45608333
456084cd
45608666
45608800
4560899a
45608b33
45608ccd
45608e66
45609000
4560919a
45609333
456094cd
45609666
45609800
4560999a
45609b33
45609ccd
45609e66
4560a000
4560a19a
4560a333
4560a4cd
4560a666
4560a800
4560a99a
4560ab33
4560accd
4560ae66
4560b000
4560b19a
4560b333
4560b4cd
4560b666
4560b800
4560b99a
4560bb33
4560bccd
4560be66
4560c000
4560c19a
4560c333
4560c4cd
4560c666
4560c800
4560c99a
4560cb33
4560cccd
4560ce66
4560d000
4560d19a
4560d333
4560d4cd
4560d666
4560d800
4560d99a
4560db33
4560dccd
4560de66
4560e000
4560e19a
4560e333
4560e4cd
4560e666
4560e800
4560e99a
4560eb33
4560eccd
4560ee66
4560f000
4560f19a
4560f333
4560f4cd
4560f666
4560f800
4560f99a
4560fb33
4560fccd
4560fe66
45610000
4561019a
45610333
456104cd
45610666
45610800
4561099a
45610b33
45610ccd
45610e66
45611000
4561119a
45611333
456114cd
45611666
45611800
4561199a
45611b33
45611ccd
45611e66
45612000
4561219a
45612333
456124cd
45612666
45612800
4561299a
45612b33
45612ccd
45612e66
45613000
4561319a
45613333
456134cd
45613666
45613800
4561399a
45613b33
45613ccd
45613e66
45614000
4561419a
45614333
456144cd
45614666
45614800
4561499a
45614b33
45614ccd
45614e66
45615000
4561519a
45615333
456154cd
45615666
45615800
4561599a
45615b33
45615ccd
45615e66
45616000
4561619a
45616333
456164cd
45616666
45616800
4561699a
45616b33
45616ccd
45616e66
45617000
4561719a
45617333
456174cd
45617666
45617800
4561799a
45617b33
45617ccd
45617e66
45618000
4561819a
45618333
456184cd
45618666
45618800
4561899a
45618b33
45618ccd
45618e66
45619000
4561919a
45619333
456194cd
45619666
45619800
4561999a
45619b33
45619ccd
45619e66
4561a000
4561a19a
4561a333
4561a4cd
4561a666
4561a800
4561a99a
4561ab33
4561accd
4561ae66
4561b000
4561b19a
4561b333
4561b4cd
4561b666
4561b800
4561b99a
4561bb33
4561bccd
4561be66
4561c000
4561c19a
4561c333
4561c4cd
4561c666
4561c800
4561c99a
4561cb33
4561cccd
4561ce66
4561d000
4561d19a
4561d333
4561d4cd
4561d666
4561d800
4561d99a
4561db33
4561dccd
4561de66
4561e000
4561e19a
4561e333
4561e4cd
4561e666
4561e800
4561e99a
4561eb33
4561eccd
4561ee66
4561f000
4561f19a
4561f333
4561f4cd
4561f666
4561f800
4561f99a
4561fb33
4561fccd
4561fe66
45620000
4562019a
45620333
456204cd
45620666
45620800
4562099a
45620b33
45620ccd
45620e66
45621000
4562119a
45621333
456214cd
45621666
45621800
4562199a
45621b33
45621ccd
45621e66
45622000
4562219a
45622333
456224cd
45622666
45622800
4562299a
45622b33
45622ccd
45622e66
45623000
4562319a
45623333
456234cd
45623666
45623800
4562399a
45623b33
45623ccd
45623e66
45624000
4562419a
45624333
456244cd
45624666
45624800
4562499a
45624b33
45624ccd
45624e66
45625000
4562519a
45625333
456254cd
45625666
45625800
4562599a
45625b33
45625ccd
45625e66
45626000
4562619a
45626333
456264cd
45626666
45626800
4562699a
45626b33
45626ccd
45626e66
45627000
4562719a
45627333
456274cd
45627666
45627800
4562799a
45627b33
45627ccd
45627e66
45628000
4562819a
45628333
456284cd
45628666
45628800
4562899a
45628b33
45628ccd
45628e66
45629000
4562919a
45629333
456294cd
45629666
45629800
4562999a
45629b33
45629ccd
45629e66
4562a000
4562a19a
4562a333
4562a4cd
4562a666
4562a800
4562a99a
4562ab33
4562accd
4562ae66
4562b000
4562b19a
4562b333
4562b4cd
4562b666
4562b800
4562b99a
4562bb33
4562bccd
4562be66
4562c000
4562c19a
4562c333
4562c4cd
4562c666
4562c800
4562c99a
4562cb33
4562cccd
4562ce66
4562d000
4562d19a
4562d333
4562d4cd
4562d666
4562d800
4562d99a
4562db33
4562dccd
4562de66
4562e000
4562e19a
4562e333
4562e4cd
4562e666
4562e800
4562e99a
4562eb33
4562eccd
4562ee66
4562f000
4562f19a
4562f333
4562f4cd
4562f666
4562f800
4562f99a
4562fb33
4562fccd
4562fe66
45630000
4563019a
45630333
456304cd
45630666
45630800
4563099a
45630b33
45630ccd
45630e66
45631000
4563119a
45631333
456314cd
45631666
45631800
4563199a
45631b33
45631ccd
45631e66
45632000
4563219a
45632333
456324cd
45632666
45632800
4563299a
45632b33
45632ccd
45632e66
45633000
4563319a
45633333
456334cd
45633666
45633800
4563399a
45633b33
45633ccd
45633e66
45634000
4563419a
45634333
456344cd
45634666
45634800
4563499a
45634b33
45634ccd
45634e66
45635000
4563519a
45635333
456354cd
45635666
45635800
4563599a
45635b33
45635ccd
45635e66
45636000
4563619a
45636333
456364cd
45636666
45636800
4563699a
45636b33
45636ccd
45636e66
45637000
4563719a
45637333
456374cd
45637666
45637800
4563799a
45637b33
45637ccd
45637e66
45638000
4563819a
45638333
456384cd
45638666
45638800
4563899a
45638b33
45638ccd
45638e66
45639000
4563919a
45639333
456394cd
45639666
45639800
4563999a
45639b33
45639ccd
45639e66
4563a000
4563a19a
4563a333
4563a4cd
4563a666
4563a800
4563a99a
4563ab33
4563accd
4563ae66
4563b000
4563b19a
4563b333
4563b4cd
4563b666
4563b800
4563b99a
4563bb33
4563bccd
4563be66
4563c000
4563c19a
4563c333
4563c4cd
4563c666
4563c800
4563c99a
4563cb33
4563cccd
4563ce66
4563d000
4563d19a
4563d333
4563d4cd
4563d666
4563d800
4563d99a
4563db33
4563dccd
4563de66
4563e000
4563e19a
4563e333
4563e4cd
4563e666
4563e800
4563e99a
4563eb33
4563eccd
4563ee66
4563f000
4563f19a
4563f333
4563f4cd
4563f666
4563f800
4563f99a
4563fb33
4563fccd
4563fe66
45640000
4564019a
45640333
456404cd
45640666
45640800
4564099a
45640b33
45640ccd
45640e66
45641000
4564119a
45641333
456414cd
45641666
45641800
4564199a
45641b33
45641ccd
45641e66
45642000
4564219a
45642333
456424cd
45642666
45642800
4564299a
45642b33
45642ccd
45642e66
45643000
4564319a
45643333
456434cd
45643666
45643800
4564399a
45643b33
45643ccd
45643e66
45644000
4564419a
45644333
456444cd
45644666
45644800
4564499a
45644b33
45644ccd
45644e66
45645000
4564519a
45645333
456454cd
45645666
45645800
4564599a
45645b33
45645ccd
45645e66
45646000
4564619a
45646333
456464cd
45646666
45646800
4564699a
45646b33
45646ccd
45646e66
45647000
4564719a
45647333
456474cd
45647666
45647800
4564799a
45647b33
45647ccd
45647e66
45648000
4564819a
45648333
456484cd
45648666
45648800
4564899a
45648b33
45648ccd
45648e66
45649000
4564919a
45649333
456494cd
45649666
45649800
4564999a
45649b33
45649ccd
45649e66
4564a000
4564a19a
4564a333
4564a4cd
4564a666
4564a800
4564a99a
4564ab33
4564accd
4564ae66
4564b000
4564b19a
4564b333
4564b4cd
4564b666
4564b800
4564b99a
4564bb33
4564bccd
4564be66
4564c000
4564c19a
4564c333
4564c4cd
4564c666
4564c800
4564c99a
4564cb33
4564cccd
4564ce66
4564d000
4564d19a
4564d333
4564d4cd
4564d666
4564d800
4564d99a
4564db33
4564dccd
4564de66
4564e000
4564e19a
4564e333
4564e4cd
4564e666
4564e800
4564e99a
4564eb33
4564eccd
4564ee66
4564f000
4564f19a
4564f333
4564f4cd
4564f666
4564f800
4564f99a
4564fb33
4564fccd
4564fe66
45650000
4565019a
45650333
456504cd
45650666
45650800
4565099a
45650b33
45650ccd
45650e66
45651000
4565119a
45651333
456514cd
45651666
45651800
4565199a
45651b33
45651ccd
45651e66
45652000
4565219a
45652333
456524cd
45652666
45652800
4565299a
45652b33
45652ccd
45652e66
45653000
4565319a
45653333
456534cd
45653666
45653800
4565399a
45653b33
45653ccd
45653e66
45654000
4565419a
45654333
456544cd
45654666
45654800
4565499a
45654b33
45654ccd
45654e66
45655000
4565519a
45655333
456554cd
45655666
45655800
4565599a
45655b33
45655ccd
45655e66
45656000
4565619a
45656333
456564cd
45656666
45656800
4565699a
45656b33
45656ccd
45656e66
45657000
4565719a
45657333
456574cd
45657666
45657800
4565799a
45657b33
45657ccd
45657e66
45658000
4565819a
45658333
456584cd
45658666
45658800
4565899a
45658b33
45658ccd
45658e66
45659000
4565919a
45659333
456594cd
45659666
45659800
4565999a
45659b33
45659ccd
45659e66
4565a000
4565a19a
4565a333
4565a4cd
4565a666
4565a800
4565a99a
4565ab33
4565accd
4565ae66
4565b000
4565b19a
4565b333
4565b4cd
4565b666
4565b800
4565b99a
4565bb33
4565bccd
4565be66
4565c000
4565c19a
4565c333
4565c4cd
4565c666
4565c800
4565c99a
4565cb33
4565cccd
4565ce66
4565d000
4565d19a
4565d333
4565d4cd
4565d666
4565d800
4565d99a
4565db33
4565dccd
4565de66
4565e000
4565e19a
4565e333
4565e4cd
4565e666
4565e800
4565e99a
4565eb33
4565eccd
4565ee66
4565f000
4565f19a
4565f333
4565f4cd
4565f666
4565f800
4565f99a
4565fb33
4565fccd
4565fe66
45660000
4566019a
45660333
456604cd
45660666
45660800
4566099a
45660b33
45660ccd
45660e66
45661000
4566119a
45661333
456614cd
45661666
45661800
4566199a
45661b33
45661ccd
45661e66
45662000
4566219a
45662333
456624cd
45662666
45662800
4566299a
45662b33
45662ccd
45662e66
45663000
4566319a
45663333
456634cd
45663666
45663800
4566399a
45663b33
45663ccd
45663e66
45664000
4566419a
45664333
456644cd
45664666
45664800
4566499a
45664b33
45664ccd
45664e66
45665000
4566519a
45665333
456654cd
45665666
45665800
4566599a
45665b33
45665ccd
45665e66
45666000
4566619a
45666333
456664cd
45666666
45666800
4566699a
45666b33
45666ccd
45666e66
45667000
4566719a
45667333
456674cd
45667666
45667800
4566799a
45667b33
45667ccd
45667e66
45668000
4566819a
45668333
456684cd
45668666
45668800
4566899a
45668b33
45668ccd
45668e66
45669000
4566919a
45669333
456694cd
45669666
45669800
4566999a
45669b33
45669ccd
45669e66
4566a000
4566a19a
4566a333
4566a4cd
4566a666
4566a800
4566a99a
4566ab33
4566accd
4566ae66
4566b000
4566b19a
4566b333
4566b4cd
4566b666
4566b800
4566b99a
4566bb33
4566bccd
4566be66
4566c000
4566c19a
4566c333
4566c4cd
4566c666
4566c800
4566c99a
4566cb33
4566cccd
4566ce66
4566d000
4566d19a
4566d333
4566d4cd
4566d666
4566d800
4566d99a
4566db33
4566dccd
4566de66
4566e000
4566e19a
4566e333
4566e4cd
4566e666
4566e800
4566e99a
4566eb33
4566eccd
4566ee66
4566f000
4566f19a
4566f333
4566f4cd
4566f666
4566f800
4566f99a
4566fb33
4566fccd
4566fe66
45670000
4567019a
45670333
456704cd
45670666
45670800
4567099a
45670b33
45670ccd
45670e66
45671000
4567119a
45671333
456714cd
45671666
45671800
4567199a
45671b33
45671ccd
45671e66
45672000
4567219a
45672333
456724cd
45672666
45672800
4567299a
45672b33
45672ccd
45672e66
45673000
4567319a
45673333
456734cd
45673666
45673800
4567399a
45673b33
45673ccd
45673e66
45674000
4567419a
45674333
456744cd
45674666
45674800
4567499a
45674b33
45674ccd
45674e66
45675000
4567519a
45675333
456754cd
45675666
45675800
4567599a
45675b33
45675ccd
45675e66
45676000
4567619a
45676333
456764cd
45676666
45676800
4567699a
45676b33
45676ccd
45676e66
45677000
4567719a
45677333
456774cd
45677666
45677800
4567799a
45677b33
45677ccd
45677e66
45678000
4567819a
45678333
456784cd
45678666
45678800
4567899a
45678b33
45678ccd
45678e66
45679000
4567919a
45679333
456794cd
45679666
45679800
4567999a
45679b33
45679ccd
45679e66
4567a000
4567a19a
4567a333
4567a4cd
4567a666
4567a800
4567a99a
4567ab33
4567accd
4567ae66
4567b000
4567b19a
4567b333
4567b4cd
4567b666
4567b800
4567b99a
4567bb33
4567bccd
4567be66
4567c000
4567c19a
4567c333
4567c4cd
4567c666
4567c800
4567c99a
4567cb33
4567cccd
4567ce66
4567d000
4567d19a
4567d333
4567d4cd
4567d666
4567d800
4567d99a
4567db33
4567dccd
4567de66
4567e000
4567e19a
4567e333
4567e4cd
4567e666
4567e800
4567e99a
4567eb33
4567eccd
4567ee66
4567f000
4567f19a
4567f333
4567f4cd
4567f666
4567f800
4567f99a
4567fb33
4567fccd
4567fe66
45680000
4568019a
45680333
456804cd
45680666
45680800
4568099a
45680b33
45680ccd
45680e66
45681000
4568119a
45681333
456814cd
45681666
45681800
4568199a
45681b33
45681ccd
45681e66
45682000
4568219a
45682333
456824cd
45682666
45682800
4568299a
45682b33
45682ccd
45682e66
45683000
4568319a
45683333
456834cd
45683666
45683800
4568399a
45683b33
45683ccd
45683e66
45684000
4568419a
45684333
456844cd
45684666
45684800
4568499a
45684b33
45684ccd
45684e66
45685000
4568519a
45685333
456854cd
45685666
45685800
4568599a
45685b33
45685ccd
45685e66
45686000
4568619a
45686333
456864cd
45686666
45686800
4568699a
45686b33
45686ccd
45686e66
45687000
4568719a
45687333
456874cd
45687666
45687800
4568799a
45687b33
45687ccd
45687e66
45688000
4568819a
45688333
456884cd
45688666
45688800
4568899a
45688b33
45688ccd
45688e66
45689000
4568919a
45689333
456894cd
45689666
45689800
4568999a
45689b33
45689ccd
45689e66
4568a000
4568a19a
4568a333
4568a4cd
4568a666
4568a800
4568a99a
4568ab33
4568accd
4568ae66
4568b000
4568b19a
4568b333
4568b4cd
4568b666
4568b800
4568b99a
4568bb33
4568bccd
4568be66
4568c000
4568c19a
4568c333
4568c4cd
4568c666
4568c800
4568c99a
4568cb33
4568cccd
4568ce66
4568d000
4568d19a
4568d333
4568d4cd
4568d666
4568d800
4568d99a
4568db33
4568dccd
4568de66
4568e000
4568e19a
4568e333
4568e4cd
4568e666
4568e800
4568e99a
4568eb33
4568eccd
4568ee66
4568f000
4568f19a
4568f333
4568f4cd
4568f666
4568f800
4568f99a
4568fb33
4568fccd
4568fe66
45690000
4569019a
45690333
456904cd
45690666
45690800
4569099a
45690b33
45690ccd
45690e66
45691000
4569119a
45691333
456914cd
45691666
45691800
4569199a
45691b33
45691ccd
45691e66
45692000
4569219a
45692333
456924cd
45692666
45692800
4569299a
45692b33
45692ccd
45692e66
45693000
4569319a
45693333
456934cd
45693666
45693800
4569399a
45693b33
45693ccd
45693e66
45694000
4569419a
45694333
456944cd
45694666
45694800
4569499a
45694b33
45694ccd
45694e66
45695000
4569519a
45695333
456954cd
45695666
45695800
4569599a
45695b33
45695ccd
45695e66
45696000
4569619a
45696333
456964cd
45696666
45696800
4569699a
45696b33
45696ccd
45696e66
45697000
4569719a
45697333
456974cd
45697666
45697800
4569799a
45697b33
45697ccd
45697e66
45698000
4569819a
45698333
456984cd
45698666
45698800
4569899a
45698b33
45698ccd
45698e66
45699000
4569919a
45699333
456994cd
45699666
45699800
4569999a
45699b33
45699ccd
45699e66
4569a000
4569a19a
4569a333
4569a4cd
4569a666
4569a800
4569a99a
4569ab33
4569accd
4569ae66
4569b000
4569b19a
4569b333
4569b4cd
4569b666
4569b800
4569b99a
4569bb33
4569bccd
4569be66
4569c000
4569c19a
4569c333
4569c4cd
4569c666
4569c800
4569c99a
4569cb33
4569cccd
4569ce66
4569d000
4569d19a
4569d333
4569d4cd
4569d666
4569d800
4569d99a
4569db33
4569dccd
4569de66
4569e000
4569e19a
4569e333
4569e4cd
4569e666
4569e800
4569e99a
4569eb33
4569eccd
4569ee66
4569f000
4569f19a
4569f333
4569f4cd
4569f666
4569f800
4569f99a
4569fb33
4569fccd
4569fe66
456a0000
456a019a
456a0333
456a04cd
456a0666
456a0800
456a099a
456a0b33
456a0ccd
456a0e66
456a1000
456a119a
456a1333
456a14cd
456a1666
456a1800
456a199a
456a1b33
456a1ccd
456a1e66
456a2000
456a219a
456a2333
456a24cd
456a2666
456a2800
456a299a
456a2b33
456a2ccd
456a2e66
456a3000
456a319a
456a3333
456a34cd
456a3666
456a3800
456a399a
456a3b33
456a3ccd
456a3e66
456a4000
456a419a
456a4333
456a44cd
456a4666
456a4800
456a499a
456a4b33
456a4ccd
456a4e66
456a5000
456a519a
456a5333
456a54cd
456a5666
456a5800
456a599a
456a5b33
456a5ccd
456a5e66
456a6000
456a619a
456a6333
456a64cd
456a6666
456a6800
456a699a
456a6b33
456a6ccd
456a6e66
456a7000
456a719a
456a7333
456a74cd
456a7666
456a7800
456a799a
456a7b33
456a7ccd
456a7e66
456a8000
456a819a
456a8333
456a84cd
456a8666
456a8800
456a899a
456a8b33
456a8ccd
456a8e66
456a9000
456a919a
456a9333
456a94cd
456a9666
456a9800
456a999a
456a9b33
456a9ccd
456a9e66
456aa000
456aa19a
456aa333
456aa4cd
456aa666
456aa800
456aa99a
456aab33
456aaccd
456aae66
456ab000
456ab19a
456ab333
456ab4cd
456ab666
456ab800
456ab99a
456abb33
456abccd
456abe66
456ac000
456ac19a
456ac333
456ac4cd
456ac666
456ac800
456ac99a
456acb33
456acccd
456ace66
456ad000
456ad19a
456ad333
456ad4cd
456ad666
456ad800
456ad99a
456adb33
456adccd
456ade66
456ae000
456ae19a
456ae333
456ae4cd
456ae666
456ae800
456ae99a
456aeb33
456aeccd
456aee66
456af000
456af19a
456af333
456af4cd
456af666
456af800
456af99a
456afb33
456afccd
456afe66
456b0000
456b019a
456b0333
456b04cd
456b0666
456b0800
456b099a
456b0b33
456b0ccd
456b0e66
456b1000
456b119a
456b1333
456b14cd
456b1666
456b1800
456b199a
456b1b33
456b1ccd
456b1e66
456b2000
456b219a
456b2333
456b24cd
456b2666
456b2800
456b299a
456b2b33
456b2ccd
456b2e66
456b3000
456b319a
456b3333
456b34cd
456b3666
456b3800
456b399a
456b3b33
456b3ccd
456b3e66
456b4000
456b419a
456b4333
456b44cd
456b4666
456b4800
456b499a
456b4b33
456b4ccd
456b4e66
456b5000
456b519a
456b5333
456b54cd
456b5666
456b5800
456b599a
456b5b33
456b5ccd
456b5e66
456b6000
456b619a
456b6333
456b64cd
456b6666
456b6800
456b699a
456b6b33
456b6ccd
456b6e66
456b7000
456b719a
456b7333
456b74cd
456b7666
456b7800
456b799a
456b7b33
456b7ccd
456b7e66
456b8000
456b819a
456b8333
456b84cd
456b8666
456b8800
456b899a
456b8b33
456b8ccd
456b8e66
456b9000
456b919a
456b9333
456b94cd
456b9666
456b9800
456b999a
456b9b33
456b9ccd
456b9e66
456ba000
456ba19a
456ba333
456ba4cd
456ba666
456ba800
456ba99a
456bab33
456baccd
456bae66
456bb000
456bb19a
456bb333
456bb4cd
456bb666
456bb800
456bb99a
456bbb33
456bbccd
456bbe66
456bc000
456bc19a
456bc333
456bc4cd
456bc666
456bc800
456bc99a
456bcb33
456bcccd
456bce66
456bd000
456bd19a
456bd333
456bd4cd
456bd666
456bd800
456bd99a
456bdb33
456bdccd
456bde66
456be000
456be19a
456be333
456be4cd
456be666
456be800
456be99a
456beb33
456beccd
456bee66
456bf000
456bf19a
456bf333
456bf4cd
456bf666
456bf800
456bf99a
456bfb33
456bfccd
456bfe66
456c0000
456c019a
456c0333
456c04cd
456c0666
456c0800
456c099a
456c0b33
456c0ccd
456c0e66
456c1000
456c119a
456c1333
456c14cd
456c1666
456c1800
456c199a
456c1b33
456c1ccd
456c1e66
456c2000
456c219a
456c2333
456c24cd
456c2666
456c2800
456c299a
456c2b33
456c2ccd
456c2e66
456c3000
456c319a
456c3333
456c34cd
456c3666
456c3800
456c399a
456c3b33
456c3ccd
456c3e66
456c4000
456c419a
456c4333
456c44cd
456c4666
456c4800
456c499a
456c4b33
456c4ccd
456c4e66
456c5000
456c519a
456c5333
456c54cd
456c5666
456c5800
456c599a
456c5b33
456c5ccd
456c5e66
456c6000
456c619a
456c6333
456c64cd
456c6666
456c6800
456c699a
456c6b33
456c6ccd
456c6e66
456c7000
456c719a
456c7333
456c74cd
456c7666
456c7800
456c799a
456c7b33
456c7ccd
456c7e66
456c8000
456c819a
456c8333
456c84cd
456c8666
456c8800
456c899a
456c8b33
456c8ccd
456c8e66
456c9000
456c919a
456c9333
456c94cd
456c9666
456c9800
456c999a
456c9b33
456c9ccd
456c9e66
456ca000
456ca19a
456ca333
456ca4cd
456ca666
456ca800
456ca99a
456cab33
456caccd
456cae66
456cb000
456cb19a
456cb333
456cb4cd
456cb666
456cb800
456cb99a
456cbb33
456cbccd
456cbe66
456cc000
456cc19a
456cc333
456cc4cd
456cc666
456cc800
456cc99a
456ccb33
456ccccd
456cce66
456cd000
456cd19a
456cd333
456cd4cd
456cd666
456cd800
456cd99a
456cdb33
456cdccd
456cde66
456ce000
456ce19a
456ce333
456ce4cd
456ce666
456ce800
456ce99a
456ceb33
456ceccd
456cee66
456cf000
456cf19a
456cf333
456cf4cd
456cf666
456cf800
456cf99a
456cfb33
456cfccd
456cfe66
456d0000
456d019a
456d0333
456d04cd
456d0666
456d0800
456d099a
456d0b33
456d0ccd
456d0e66
456d1000
456d119a
456d1333
456d14cd
456d1666
456d1800
456d199a
456d1b33
456d1ccd
456d1e66
456d2000
456d219a
456d2333
456d24cd
456d2666
456d2800
456d299a
456d2b33
456d2ccd
456d2e66
456d3000
456d319a
456d3333
456d34cd
456d3666
456d3800
456d399a
456d3b33
456d3ccd
456d3e66
456d4000
456d419a
456d4333
456d44cd
456d4666
456d4800
456d499a
456d4b33
456d4ccd
456d4e66
456d5000
456d519a
456d5333
456d54cd
456d5666
456d5800
456d599a
456d5b33
456d5ccd
456d5e66
456d6000
456d619a
456d6333
456d64cd
456d6666
456d6800
456d699a
456d6b33
456d6ccd
456d6e66
456d7000
456d719a
456d7333
456d74cd
456d7666
456d7800
456d799a
456d7b33
456d7ccd
456d7e66
456d8000
456d819a
456d8333
456d84cd
456d8666
456d8800
456d899a
456d8b33
456d8ccd
456d8e66
456d9000
456d919a
456d9333
456d94cd
456d9666
456d9800
456d999a
456d9b33
456d9ccd
456d9e66
456da000
456da19a
456da333
456da4cd
456da666
456da800
456da99a
456dab33
456daccd
456dae66
456db000
456db19a
456db333
456db4cd
456db666
456db800
456db99a
456dbb33
456dbccd
456dbe66
456dc000
456dc19a
456dc333
456dc4cd
456dc666
456dc800
456dc99a
456dcb33
456dcccd
456dce66
456dd000
456dd19a
456dd333
456dd4cd
456dd666
456dd800
456dd99a
456ddb33
456ddccd
456dde66
456de000
456de19a
456de333
456de4cd
456de666
456de800
456de99a
456deb33
456deccd
456dee66
456df000
456df19a
456df333
456df4cd
456df666
456df800
456df99a
456dfb33
456dfccd
456dfe66
456e0000
456e019a
456e0333
456e04cd
456e0666
456e0800
456e099a
456e0b33
456e0ccd
456e0e66
456e1000
456e119a
456e1333
456e14cd
456e1666
456e1800
456e199a
456e1b33
456e1ccd
456e1e66
456e2000
456e219a
456e2333
456e24cd
456e2666
456e2800
456e299a
456e2b33
456e2ccd
456e2e66
456e3000
456e319a
456e3333
456e34cd
456e3666
456e3800
456e399a
456e3b33
456e3ccd
456e3e66
456e4000
456e419a
456e4333
456e44cd
456e4666
456e4800
456e499a
456e4b33
456e4ccd
456e4e66
456e5000
456e519a
456e5333
456e54cd
456e5666
456e5800
456e599a
456e5b33
456e5ccd
456e5e66
456e6000
456e619a
456e6333
456e64cd
456e6666
456e6800
456e699a
456e6b33
456e6ccd
456e6e66
456e7000
456e719a
456e7333
456e74cd
456e7666
456e7800
456e799a
456e7b33
456e7ccd
456e7e66
456e8000
456e819a
456e8333
456e84cd
456e8666
456e8800
456e899a
456e8b33
456e8ccd
456e8e66
456e9000
456e919a
456e9333
456e94cd
456e9666
456e9800
456e999a
456e9b33
456e9ccd
456e9e66
456ea000
456ea19a
456ea333
456ea4cd
456ea666
456ea800
456ea99a
456eab33
456eaccd
456eae66
456eb000
456eb19a
456eb333
456eb4cd
456eb666
456eb800
456eb99a
456ebb33
456ebccd
456ebe66
456ec000
456ec19a
456ec333
456ec4cd
456ec666
456ec800
456ec99a
456ecb33
456ecccd
456ece66
456ed000
456ed19a
456ed333
456ed4cd
456ed666
456ed800
456ed99a
456edb33
456edccd
456ede66
456ee000
456ee19a
456ee333
456ee4cd
456ee666
456ee800
456ee99a
456eeb33
456eeccd
456eee66
456ef000
456ef19a
456ef333
456ef4cd
456ef666
456ef800
456ef99a
456efb33
456efccd
456efe66
456f0000
456f019a
456f0333
456f04cd
456f0666
456f0800
456f099a
456f0b33
456f0ccd
456f0e66
456f1000
456f119a
456f1333
456f14cd
456f1666
456f1800
456f199a
456f1b33
456f1ccd
456f1e66
456f2000
456f219a
456f2333
456f24cd
456f2666
456f2800
456f299a
456f2b33
456f2ccd
456f2e66
456f3000
456f319a
456f3333
456f34cd
456f3666
456f3800
456f399a
456f3b33
456f3ccd
456f3e66
456f4000
456f419a
456f4333
456f44cd
456f4666
456f4800
456f499a
456f4b33
456f4ccd
456f4e66
456f5000
456f519a
456f5333
456f54cd
456f5666
456f5800
456f599a
456f5b33
456f5ccd
456f5e66
456f6000
456f619a
456f6333
456f64cd
456f6666
456f6800
456f699a
456f6b33
456f6ccd
456f6e66
456f7000
456f719a
456f7333
456f74cd
456f7666
456f7800
456f799a
456f7b33
456f7ccd
456f7e66
456f8000
456f819a
456f8333
456f84cd
456f8666
456f8800
456f899a
456f8b33
456f8ccd
456f8e66
456f9000
456f919a
456f9333
456f94cd
456f9666
456f9800
456f999a
456f9b33
456f9ccd
456f9e66
456fa000
456fa19a
456fa333
456fa4cd
456fa666
456fa800
456fa99a
456fab33
456faccd
456fae66
456fb000
456fb19a
456fb333
456fb4cd
456fb666
456fb800
456fb99a
456fbb33
456fbccd
456fbe66
456fc000
456fc19a
456fc333
456fc4cd
456fc666
456fc800
456fc99a
456fcb33
456fcccd
456fce66
456fd000
456fd19a
456fd333
456fd4cd
456fd666
456fd800
456fd99a
456fdb33
456fdccd
456fde66
456fe000
456fe19a
456fe333
456fe4cd
456fe666
456fe800
456fe99a
456feb33
456feccd
456fee66
456ff000
456ff19a
456ff333
456ff4cd
456ff666
456ff800
456ff99a
456ffb33
456ffccd
456ffe66
45700000
4570019a
45700333
457004cd
45700666
45700800
4570099a
45700b33
45700ccd
45700e66
45701000
4570119a
45701333
457014cd
45701666
45701800
4570199a
45701b33
45701ccd
45701e66
45702000
4570219a
45702333
457024cd
45702666
45702800
4570299a
45702b33
45702ccd
45702e66
45703000
4570319a
45703333
457034cd
45703666
45703800
4570399a
45703b33
45703ccd
45703e66
45704000
4570419a
45704333
457044cd
45704666
45704800
4570499a
45704b33
45704ccd
45704e66
45705000
4570519a
45705333
457054cd
45705666
45705800
4570599a
45705b33
45705ccd
45705e66
45706000
4570619a
45706333
457064cd
45706666
45706800
4570699a
45706b33
45706ccd
45706e66
45707000
4570719a
45707333
457074cd
45707666
45707800
4570799a
45707b33
45707ccd
45707e66
45708000
4570819a
45708333
457084cd
45708666
45708800
4570899a
45708b33
45708ccd
45708e66
45709000
4570919a
45709333
457094cd
45709666
45709800
4570999a
45709b33
45709ccd
45709e66
4570a000
4570a19a
4570a333
4570a4cd
4570a666
4570a800
4570a99a
4570ab33
4570accd
4570ae66
4570b000
4570b19a
4570b333
4570b4cd
4570b666
4570b800
4570b99a
4570bb33
4570bccd
4570be66
4570c000
4570c19a
4570c333
4570c4cd
4570c666
4570c800
4570c99a
4570cb33
4570cccd
4570ce66
4570d000
4570d19a
4570d333
4570d4cd
4570d666
4570d800
4570d99a
4570db33
4570dccd
4570de66
4570e000
4570e19a
4570e333
4570e4cd
4570e666
4570e800
4570e99a
4570eb33
4570eccd
4570ee66
4570f000
4570f19a
4570f333
4570f4cd
4570f666
4570f800
4570f99a
4570fb33
4570fccd
4570fe66
45710000
4571019a
45710333
457104cd
45710666
45710800
4571099a
45710b33
45710ccd
45710e66
45711000
4571119a
45711333
457114cd
45711666
45711800
4571199a
45711b33
45711ccd
45711e66
45712000
4571219a
45712333
457124cd
45712666
45712800
4571299a
45712b33
45712ccd
45712e66
45713000
4571319a
45713333
457134cd
45713666
45713800
4571399a
45713b33
45713ccd
45713e66
45714000
4571419a
45714333
457144cd
45714666
45714800
4571499a
45714b33
45714ccd
45714e66
45715000
4571519a
45715333
457154cd
45715666
45715800
4571599a
45715b33
45715ccd
45715e66
45716000
4571619a
45716333
457164cd
45716666
45716800
4571699a
45716b33
45716ccd
45716e66
45717000
4571719a
45717333
457174cd
45717666
45717800
4571799a
45717b33
45717ccd
45717e66
45718000
4571819a
45718333
457184cd
45718666
45718800
4571899a
45718b33
45718ccd
45718e66
45719000
4571919a
45719333
457194cd
45719666
45719800
4571999a
45719b33
45719ccd
45719e66
4571a000
4571a19a
4571a333
4571a4cd
4571a666
4571a800
4571a99a
4571ab33
4571accd
4571ae66
4571b000
4571b19a
4571b333
4571b4cd
4571b666
4571b800
4571b99a
4571bb33
4571bccd
4571be66
4571c000
4571c19a
4571c333
4571c4cd
4571c666
4571c800
4571c99a
4571cb33
4571cccd
4571ce66
4571d000
4571d19a
4571d333
4571d4cd
4571d666
4571d800
4571d99a
4571db33
4571dccd
4571de66
4571e000
4571e19a
4571e333
4571e4cd
4571e666
4571e800
4571e99a
4571eb33
4571eccd
4571ee66
4571f000
4571f19a
4571f333
4571f4cd
4571f666
4571f800
4571f99a
4571fb33
4571fccd
4571fe66
45720000
4572019a
45720333
457204cd
45720666
45720800
4572099a
45720b33
45720ccd
45720e66
45721000
4572119a
45721333
457214cd
45721666
45721800
4572199a
45721b33
45721ccd
45721e66
45722000
4572219a
45722333
457224cd
45722666
45722800
4572299a
45722b33
45722ccd
45722e66
45723000
4572319a
45723333
457234cd
45723666
45723800
4572399a
45723b33
45723ccd
45723e66
45724000
4572419a
45724333
457244cd
45724666
45724800
4572499a
45724b33
45724ccd
45724e66
45725000
4572519a
45725333
457254cd
45725666
45725800
4572599a
45725b33
45725ccd
45725e66
45726000
4572619a
45726333
457264cd
45726666
45726800
4572699a
45726b33
45726ccd
45726e66
45727000
4572719a
45727333
457274cd
45727666
45727800
4572799a
45727b33
45727ccd
45727e66
45728000
4572819a
45728333
457284cd
45728666
45728800
4572899a
45728b33
45728ccd
45728e66
45729000
4572919a
45729333
457294cd
45729666
45729800
4572999a
45729b33
45729ccd
45729e66
4572a000
4572a19a
4572a333
4572a4cd
4572a666
4572a800
4572a99a
4572ab33
4572accd
4572ae66
4572b000
4572b19a
4572b333
4572b4cd
4572b666
4572b800
4572b99a
4572bb33
4572bccd
4572be66
4572c000
4572c19a
4572c333
4572c4cd
4572c666
4572c800
4572c99a
4572cb33
4572cccd
4572ce66
4572d000
4572d19a
4572d333
4572d4cd
4572d666
4572d800
4572d99a
4572db33
4572dccd
4572de66
4572e000
4572e19a
4572e333
4572e4cd
4572e666
4572e800
4572e99a
4572eb33
4572eccd
4572ee66
4572f000
4572f19a
4572f333
4572f4cd
4572f666
4572f800
4572f99a
4572fb33
4572fccd
4572fe66
45730000
4573019a
45730333
457304cd
45730666
45730800
4573099a
45730b33
45730ccd
45730e66
45731000
4573119a
45731333
457314cd
45731666
45731800
4573199a
45731b33
45731ccd
45731e66
45732000
4573219a
45732333
457324cd
45732666
45732800
4573299a
45732b33
45732ccd
45732e66
45733000
4573319a
45733333
457334cd
45733666
45733800
4573399a
45733b33
45733ccd
45733e66
45734000
4573419a
45734333
457344cd
45734666
45734800
4573499a
45734b33
45734ccd
45734e66
45735000
4573519a
45735333
457354cd
45735666
45735800
4573599a
45735b33
45735ccd
45735e66
45736000
4573619a
45736333
457364cd
45736666
45736800
4573699a
45736b33
45736ccd
45736e66
45737000
4573719a
45737333
457374cd
45737666
45737800
4573799a
45737b33
45737ccd
45737e66
45738000
4573819a
45738333
457384cd
45738666
45738800
4573899a
45738b33
45738ccd
45738e66
45739000
4573919a
45739333
457394cd
45739666
45739800
4573999a
45739b33
45739ccd
45739e66
4573a000
4573a19a
4573a333
4573a4cd
4573a666
4573a800
4573a99a
4573ab33
4573accd
4573ae66
4573b000
4573b19a
4573b333
4573b4cd
4573b666
4573b800
4573b99a
4573bb33
4573bccd
4573be66
4573c000
4573c19a
4573c333
4573c4cd
4573c666
4573c800
4573c99a
4573cb33
4573cccd
4573ce66
4573d000
4573d19a
4573d333
4573d4cd
4573d666
4573d800
4573d99a
4573db33
4573dccd
4573de66
4573e000
4573e19a
4573e333
4573e4cd
4573e666
4573e800
4573e99a
4573eb33
4573eccd
4573ee66
4573f000
4573f19a
4573f333
4573f4cd
4573f666
4573f800
4573f99a
4573fb33
4573fccd
4573fe66
45740000
4574019a
45740333
457404cd
45740666
45740800
4574099a
45740b33
45740ccd
45740e66
45741000
4574119a
45741333
457414cd
45741666
45741800
4574199a
45741b33
45741ccd
45741e66
45742000
4574219a
45742333
457424cd
45742666
45742800
4574299a
45742b33
45742ccd
45742e66
45743000
4574319a
45743333
457434cd
45743666
45743800
4574399a
45743b33
45743ccd
45743e66
45744000
4574419a
45744333
457444cd
45744666
45744800
4574499a
45744b33
45744ccd
45744e66
45745000
4574519a
45745333
457454cd
45745666
45745800
4574599a
45745b33
45745ccd
45745e66
45746000
4574619a
45746333
457464cd
45746666
45746800
4574699a
45746b33
45746ccd
45746e66
45747000
4574719a
45747333
457474cd
45747666
45747800
4574799a
45747b33
45747ccd
45747e66
45748000
4574819a
45748333
457484cd
45748666
45748800
4574899a
45748b33
45748ccd
45748e66
45749000
4574919a
45749333
457494cd
45749666
45749800
4574999a
45749b33
45749ccd
45749e66
4574a000
4574a19a
4574a333
4574a4cd
4574a666
4574a800
4574a99a
4574ab33
4574accd
4574ae66
4574b000
4574b19a
4574b333
4574b4cd
4574b666
4574b800
4574b99a
4574bb33
4574bccd
4574be66
4574c000
4574c19a
4574c333
4574c4cd
4574c666
4574c800
4574c99a
4574cb33
4574cccd
4574ce66
4574d000
4574d19a
4574d333
4574d4cd
4574d666
4574d800
4574d99a
4574db33
4574dccd
4574de66
4574e000
4574e19a
4574e333
4574e4cd
4574e666
4574e800
4574e99a
4574eb33
4574eccd
4574ee66
4574f000
4574f19a
4574f333
4574f4cd
4574f666
4574f800
4574f99a
4574fb33
4574fccd
4574fe66
45750000
4575019a
45750333
457504cd
45750666
45750800
4575099a
45750b33
45750ccd
45750e66
45751000
4575119a
45751333
457514cd
45751666
45751800
4575199a
45751b33
45751ccd
45751e66
45752000
4575219a
45752333
457524cd
45752666
45752800
4575299a
45752b33
45752ccd
45752e66
45753000
4575319a
45753333
457534cd
45753666
45753800
4575399a
45753b33
45753ccd
45753e66
45754000
4575419a
45754333
457544cd
45754666
45754800
4575499a
45754b33
45754ccd
45754e66
45755000
4575519a
45755333
457554cd
45755666
45755800
4575599a
45755b33
45755ccd
45755e66
45756000
4575619a
45756333
457564cd
45756666
45756800
4575699a
45756b33
45756ccd
45756e66
45757000
4575719a
45757333
457574cd
45757666
45757800
4575799a
45757b33
45757ccd
45757e66
45758000
4575819a
45758333
457584cd
45758666
45758800
4575899a
45758b33
45758ccd
45758e66
45759000
4575919a
45759333
457594cd
45759666
45759800
4575999a
45759b33
45759ccd
45759e66
4575a000
4575a19a
4575a333
4575a4cd
4575a666
4575a800
4575a99a
4575ab33
4575accd
4575ae66
4575b000
4575b19a
4575b333
4575b4cd
4575b666
4575b800
4575b99a
4575bb33
4575bccd
4575be66
4575c000
4575c19a
4575c333
4575c4cd
4575c666
4575c800
4575c99a
4575cb33
4575cccd
4575ce66
4575d000
4575d19a
4575d333
4575d4cd
4575d666
4575d800
4575d99a
4575db33
4575dccd
4575de66
4575e000
4575e19a
4575e333
4575e4cd
4575e666
4575e800
4575e99a
4575eb33
4575eccd
4575ee66
4575f000
4575f19a
4575f333
4575f4cd
4575f666
4575f800
4575f99a
4575fb33
4575fccd
4575fe66
45760000
4576019a
45760333
457604cd
45760666
45760800
4576099a
45760b33
45760ccd
45760e66
45761000
4576119a
45761333
457614cd
45761666
45761800
4576199a
45761b33
45761ccd
45761e66
45762000
4576219a
45762333
457624cd
45762666
45762800
4576299a
45762b33
45762ccd
45762e66
45763000
4576319a
45763333
457634cd
45763666
45763800
4576399a
45763b33
45763ccd
45763e66
45764000
4576419a
45764333
457644cd
45764666
45764800
4576499a
45764b33
45764ccd
45764e66
45765000
4576519a
45765333
457654cd
45765666
45765800
4576599a
45765b33
45765ccd
45765e66
45766000
4576619a
45766333
457664cd
45766666
45766800
4576699a
45766b33
45766ccd
45766e66
45767000
4576719a
45767333
457674cd
45767666
45767800
4576799a
45767b33
45767ccd
45767e66
45768000
4576819a
45768333
457684cd
45768666
45768800
4576899a
45768b33
45768ccd
45768e66
45769000
4576919a
45769333
457694cd
45769666
45769800
4576999a
45769b33
45769ccd
45769e66
4576a000
4576a19a
4576a333
4576a4cd
4576a666
4576a800
4576a99a
4576ab33
4576accd
4576ae66
4576b000
4576b19a
4576b333
4576b4cd
4576b666
4576b800
4576b99a
4576bb33
4576bccd
4576be66
4576c000
4576c19a
4576c333
4576c4cd
4576c666
4576c800
4576c99a
4576cb33
4576cccd
4576ce66
4576d000
4576d19a
4576d333
4576d4cd
4576d666
4576d800
4576d99a
4576db33
4576dccd
4576de66
4576e000
4576e19a
4576e333
4576e4cd
4576e666
4576e800
4576e99a
4576eb33
4576eccd
4576ee66
4576f000
4576f19a
4576f333
4576f4cd
4576f666
4576f800
4576f99a
4576fb33
4576fccd
4576fe66
45770000
4577019a
45770333
457704cd
45770666
45770800
4577099a
45770b33
45770ccd
45770e66
45771000
4577119a
45771333
457714cd
45771666
45771800
4577199a
45771b33
45771ccd
45771e66
45772000
4577219a
45772333
457724cd
45772666
45772800
4577299a
45772b33
45772ccd
45772e66
45773000
4577319a
45773333
457734cd
45773666
45773800
4577399a
45773b33
45773ccd
45773e66
45774000
4577419a
45774333
457744cd
45774666
45774800
4577499a
45774b33
45774ccd
45774e66
45775000
4577519a
45775333
457754cd
45775666
45775800
4577599a
45775b33
45775ccd
45775e66
45776000
4577619a
45776333
457764cd
45776666
45776800
4577699a
45776b33
45776ccd
45776e66
45777000
4577719a
45777333
457774cd
45777666
45777800
4577799a
45777b33
45777ccd
45777e66
45778000
4577819a
45778333
457784cd
45778666
45778800
4577899a
45778b33
45778ccd
45778e66
45779000
4577919a
45779333
457794cd
45779666
45779800
4577999a
45779b33
45779ccd
45779e66
4577a000
4577a19a
4577a333
4577a4cd
4577a666
4577a800
4577a99a
4577ab33
4577accd
4577ae66
4577b000
4577b19a
4577b333
4577b4cd
4577b666
4577b800
4577b99a
4577bb33
4577bccd
4577be66
4577c000
4577c19a
4577c333
4577c4cd
4577c666
4577c800
4577c99a
4577cb33
4577cccd
4577ce66
4577d000
4577d19a
4577d333
4577d4cd
4577d666
4577d800
4577d99a
4577db33
4577dccd
4577de66
4577e000
4577e19a
4577e333
4577e4cd
4577e666
4577e800
4577e99a
4577eb33
4577eccd
4577ee66
4577f000
4577f19a
4577f333
4577f4cd
4577f666
4577f800
4577f99a
4577fb33
4577fccd
4577fe66
45780000
4578019a
45780333
457804cd
45780666
45780800
4578099a
45780b33
45780ccd
45780e66
45781000
4578119a
45781333
457814cd
45781666
45781800
4578199a
45781b33
45781ccd
45781e66
45782000
4578219a
45782333
457824cd
45782666
45782800
4578299a
45782b33
45782ccd
45782e66
45783000
4578319a
45783333
457834cd
45783666
45783800
4578399a
45783b33
45783ccd
45783e66
45784000
4578419a
45784333
457844cd
45784666
45784800
4578499a
45784b33
45784ccd
45784e66
45785000
4578519a
45785333
457854cd
45785666
45785800
4578599a
45785b33
45785ccd
45785e66
45786000
4578619a
45786333
457864cd
45786666
45786800
4578699a
45786b33
45786ccd
45786e66
45787000
4578719a
45787333
457874cd
45787666
45787800
4578799a
45787b33
45787ccd
45787e66
45788000
4578819a
45788333
457884cd
45788666
45788800
4578899a
45788b33
45788ccd
45788e66
45789000
4578919a
45789333
457894cd
45789666
45789800
4578999a
45789b33
45789ccd
45789e66
4578a000
4578a19a
4578a333
4578a4cd
4578a666
4578a800
4578a99a
4578ab33
4578accd
4578ae66
4578b000
4578b19a
4578b333
4578b4cd
4578b666
4578b800
4578b99a
4578bb33
4578bccd
4578be66
4578c000
4578c19a
4578c333
4578c4cd
4578c666
4578c800
4578c99a
4578cb33
4578cccd
4578ce66
4578d000
4578d19a
4578d333
4578d4cd
4578d666
4578d800
4578d99a
4578db33
4578dccd
4578de66
4578e000
4578e19a
4578e333
4578e4cd
4578e666
4578e800
4578e99a
4578eb33
4578eccd
4578ee66
4578f000
4578f19a
4578f333
4578f4cd
4578f666
4578f800
4578f99a
4578fb33
4578fccd
4578fe66
45790000
4579019a
45790333
457904cd
45790666
45790800
4579099a
45790b33
45790ccd
45790e66
45791000
4579119a
45791333
457914cd
45791666
45791800
4579199a
45791b33
45791ccd
45791e66
45792000
4579219a
45792333
457924cd
45792666
45792800
4579299a
45792b33
45792ccd
45792e66
45793000
4579319a
45793333
457934cd
45793666
45793800
4579399a
45793b33
45793ccd
45793e66
45794000
4579419a
45794333
457944cd
45794666
45794800
4579499a
45794b33
45794ccd
45794e66
45795000
4579519a
45795333
457954cd
45795666
45795800
4579599a
45795b33
45795ccd
45795e66
45796000
4579619a
45796333
457964cd
45796666
45796800
4579699a
45796b33
45796ccd
45796e66
45797000
4579719a
45797333
457974cd
45797666
45797800
4579799a
45797b33
45797ccd
45797e66
45798000
4579819a
45798333
457984cd
45798666
45798800
4579899a
45798b33
45798ccd
45798e66
45799000
4579919a
45799333
457994cd
45799666
45799800
4579999a
45799b33
45799ccd
45799e66
4579a000
4579a19a
4579a333
4579a4cd
4579a666
4579a800
4579a99a
4579ab33
4579accd
4579ae66
4579b000
4579b19a
4579b333
4579b4cd
4579b666
4579b800
4579b99a
4579bb33
4579bccd
4579be66
4579c000
4579c19a
4579c333
4579c4cd
4579c666
4579c800
4579c99a
4579cb33
4579cccd
4579ce66
4579d000
4579d19a
4579d333
4579d4cd
4579d666
4579d800
4579d99a
4579db33
4579dccd
4579de66
4579e000
4579e19a
4579e333
4579e4cd
4579e666
4579e800
4579e99a
4579eb33
4579eccd
4579ee66
4579f000
4579f19a
4579f333
4579f4cd
4579f666
4579f800
4579f99a
4579fb33
4579fccd
4579fe66
457a0000
457a019a
457a0333
457a04cd
457a0666
457a0800
457a099a
457a0b33
457a0ccd
457a0e66
457a1000
457a119a
457a1333
457a14cd
457a1666
457a1800
457a199a
457a1b33
457a1ccd
457a1e66
457a2000
457a219a
457a2333
457a24cd
457a2666
457a2800
457a299a
457a2b33
457a2ccd
457a2e66
457a3000
457a319a
457a3333
457a34cd
457a3666
457a3800
457a399a
457a3b33
457a3ccd
457a3e66
457a4000
457a419a
457a4333
457a44cd
457a4666
457a4800
457a499a
457a4b33
457a4ccd
457a4e66
457a5000
457a519a
457a5333
457a54cd
457a5666
457a5800
457a599a
457a5b33
457a5ccd
457a5e66
457a6000
457a619a
457a6333
457a64cd
457a6666
457a6800
457a699a
457a6b33
457a6ccd
457a6e66
457a7000
457a719a
457a7333
457a74cd
457a7666
457a7800
457a799a
457a7b33
457a7ccd
457a7e66
457a8000
457a819a
457a8333
457a84cd
457a8666
457a8800
457a899a
457a8b33
457a8ccd
457a8e66
457a9000
457a919a
457a9333
457a94cd
457a9666
457a9800
457a999a
457a9b33
457a9ccd
457a9e66
457aa000
457aa19a
457aa333
457aa4cd
457aa666
457aa800
457aa99a
457aab33
457aaccd
457aae66
457ab000
457ab19a
457ab333
457ab4cd
457ab666
457ab800
457ab99a
457abb33
457abccd
457abe66
457ac000
457ac19a
457ac333
457ac4cd
457ac666
457ac800
457ac99a
457acb33
457acccd
457ace66
457ad000
457ad19a
457ad333
457ad4cd
457ad666
457ad800
457ad99a
457adb33
457adccd
457ade66
457ae000
457ae19a
457ae333
457ae4cd
457ae666
457ae800
457ae99a
457aeb33
457aeccd
457aee66
457af000
457af19a
457af333
457af4cd
457af666
457af800
457af99a
457afb33
457afccd
457afe66
457b0000
457b019a
457b0333
457b04cd
457b0666
457b0800
457b099a
457b0b33
457b0ccd
457b0e66
457b1000
457b119a
457b1333
457b14cd
457b1666
457b1800
457b199a
457b1b33
457b1ccd
457b1e66
457b2000
457b219a
457b2333
457b24cd
457b2666
457b2800
457b299a
457b2b33
457b2ccd
457b2e66
457b3000
457b319a
457b3333
457b34cd
457b3666
457b3800
457b399a
457b3b33
457b3ccd
457b3e66
457b4000
457b419a
457b4333
457b44cd
457b4666
457b4800
457b499a
457b4b33
457b4ccd
457b4e66
457b5000
457b519a
457b5333
457b54cd
457b5666
457b5800
457b599a
457b5b33
457b5ccd
457b5e66
457b6000
457b619a
457b6333
457b64cd
457b6666
457b6800
457b699a
457b6b33
457b6ccd
457b6e66
457b7000
457b719a
457b7333
457b74cd
457b7666
457b7800
457b799a
457b7b33
457b7ccd
457b7e66
457b8000
457b819a
457b8333
457b84cd
457b8666
457b8800
457b899a
457b8b33
457b8ccd
457b8e66
457b9000
457b919a
457b9333
457b94cd
457b9666
457b9800
457b999a
457b9b33
457b9ccd
457b9e66
457ba000
457ba19a
457ba333
457ba4cd
457ba666
457ba800
457ba99a
457bab33
457baccd
457bae66
457bb000
457bb19a
457bb333
457bb4cd
457bb666
457bb800
457bb99a
457bbb33
457bbccd
457bbe66
457bc000
457bc19a
457bc333
457bc4cd
457bc666
457bc800
457bc99a
457bcb33
457bcccd
457bce66
457bd000
457bd19a
457bd333
457bd4cd
457bd666
457bd800
457bd99a
457bdb33
457bdccd
457bde66
457be000
457be19a
457be333
457be4cd
457be666
457be800
457be99a
457beb33
457beccd
457bee66
457bf000
457bf19a
457bf333
457bf4cd
457bf666
457bf800
457bf99a
457bfb33
457bfccd
457bfe66
457c0000
457c019a
457c0333
457c04cd
457c0666
457c0800
457c099a
457c0b33
457c0ccd
457c0e66
457c1000
457c119a
457c1333
457c14cd
457c1666
457c1800
457c199a
457c1b33
457c1ccd
457c1e66
457c2000
457c219a
457c2333
457c24cd
457c2666
457c2800
457c299a
457c2b33
457c2ccd
457c2e66
457c3000
457c319a
457c3333
457c34cd
457c3666
457c3800
457c399a
457c3b33
457c3ccd
457c3e66
457c4000
457c419a
457c4333
457c44cd
457c4666
457c4800
457c499a
457c4b33
457c4ccd
457c4e66
457c5000
457c519a
457c5333
457c54cd
457c5666
457c5800
457c599a
457c5b33
457c5ccd
457c5e66
457c6000
457c619a
457c6333
457c64cd
457c6666
457c6800
457c699a
457c6b33
457c6ccd
457c6e66
457c7000
457c719a
457c7333
457c74cd
457c7666
457c7800
457c799a
457c7b33
457c7ccd
457c7e66
457c8000
457c819a
457c8333
457c84cd
457c8666
457c8800
457c899a
457c8b33
457c8ccd
457c8e66
457c9000
457c919a
457c9333
457c94cd
457c9666
457c9800
457c999a
457c9b33
457c9ccd
457c9e66
457ca000
457ca19a
457ca333
457ca4cd
457ca666
457ca800
457ca99a
457cab33
457caccd
457cae66
457cb000
457cb19a
457cb333
457cb4cd
457cb666
457cb800
457cb99a
457cbb33
457cbccd
457cbe66
457cc000
457cc19a
457cc333
457cc4cd
457cc666
457cc800
457cc99a
457ccb33
457ccccd
457cce66
457cd000
457cd19a
457cd333
457cd4cd
457cd666
457cd800
457cd99a
457cdb33
457cdccd
457cde66
457ce000
457ce19a
457ce333
457ce4cd
457ce666
457ce800
457ce99a
457ceb33
457ceccd
457cee66
457cf000
457cf19a
457cf333
457cf4cd
457cf666
457cf800
457cf99a
457cfb33
457cfccd
457cfe66
457d0000
457d019a
457d0333
457d04cd
457d0666
457d0800
457d099a
457d0b33
457d0ccd
457d0e66
457d1000
457d119a
457d1333
457d14cd
457d1666
457d1800
457d199a
457d1b33
457d1ccd
457d1e66
457d2000
457d219a
457d2333
457d24cd
457d2666
457d2800
457d299a
457d2b33
457d2ccd
457d2e66
457d3000
457d319a
457d3333
457d34cd
457d3666
457d3800
457d399a
457d3b33
457d3ccd
457d3e66
457d4000
457d419a
457d4333
457d44cd
457d4666
457d4800
457d499a
457d4b33
457d4ccd
457d4e66
457d5000
457d519a
457d5333
457d54cd
457d5666
457d5800
457d599a
457d5b33
457d5ccd
457d5e66
457d6000
457d619a
457d6333
457d64cd
457d6666
457d6800
457d699a
457d6b33
457d6ccd
457d6e66
457d7000
457d719a
457d7333
457d74cd
457d7666
457d7800
457d799a
457d7b33
457d7ccd
457d7e66
457d8000
457d819a
457d8333
457d84cd
457d8666
457d8800
457d899a
457d8b33
457d8ccd
457d8e66
457d9000
457d919a
457d9333
457d94cd
457d9666
457d9800
457d999a
457d9b33
457d9ccd
457d9e66
457da000
457da19a
457da333
457da4cd
457da666
457da800
457da99a
457dab33
457daccd
457dae66
457db000
457db19a
457db333
457db4cd
457db666
457db800
457db99a
457dbb33
457dbccd
457dbe66
457dc000
457dc19a
457dc333
457dc4cd
457dc666
457dc800
457dc99a
457dcb33
457dcccd
457dce66
457dd000
457dd19a
457dd333
457dd4cd
457dd666
457dd800
457dd99a
457ddb33
457ddccd
457dde66
457de000
457de19a
457de333
457de4cd
457de666
457de800
457de99a
457deb33
457deccd
457dee66
457df000
457df19a
457df333
457df4cd
457df666
457df800
457df99a
457dfb33
457dfccd
457dfe66
457e0000
457e019a
457e0333
457e04cd
457e0666
457e0800
457e099a
457e0b33
457e0ccd
457e0e66
457e1000
457e119a
457e1333
457e14cd
457e1666
457e1800
457e199a
457e1b33
457e1ccd
457e1e66
457e2000
457e219a
457e2333
457e24cd
457e2666
457e2800
457e299a
457e2b33
457e2ccd
457e2e66
457e3000
457e319a
457e3333
457e34cd
457e3666
457e3800
457e399a
457e3b33
457e3ccd
457e3e66
457e4000
457e419a
457e4333
457e44cd
457e4666
457e4800
457e499a
457e4b33
457e4ccd
457e4e66
457e5000
457e519a
457e5333
457e54cd
457e5666
457e5800
457e599a
457e5b33
457e5ccd
457e5e66
457e6000
457e619a
457e6333
457e64cd
457e6666
457e6800
457e699a
457e6b33
457e6ccd
457e6e66
457e7000
457e719a
457e7333
457e74cd
457e7666
457e7800
457e799a
457e7b33
457e7ccd
457e7e66
457e8000
457e819a
457e8333
457e84cd
457e8666
457e8800
457e899a
457e8b33
457e8ccd
457e8e66
457e9000
457e919a
457e9333
457e94cd
457e9666
457e9800
457e999a
457e9b33
457e9ccd
457e9e66
457ea000
457ea19a
457ea333
457ea4cd
457ea666
457ea800
457ea99a
457eab33
457eaccd
457eae66
457eb000
457eb19a
457eb333
457eb4cd
457eb666
457eb800
457eb99a
457ebb33
457ebccd
457ebe66
457ec000
457ec19a
457ec333
457ec4cd
457ec666
457ec800
457ec99a
457ecb33
457ecccd
457ece66
457ed000
457ed19a
457ed333
457ed4cd
457ed666
457ed800
457ed99a
457edb33
457edccd
457ede66
457ee000
457ee19a
457ee333
457ee4cd
457ee666
457ee800
457ee99a
457eeb33
457eeccd
457eee66
457ef000
457ef19a
457ef333
457ef4cd
457ef666
457ef800
457ef99a
457efb33
457efccd
457efe66
457f0000
457f019a
457f0333
457f04cd
457f0666
457f0800
457f099a
457f0b33
457f0ccd
457f0e66
457f1000
457f119a
457f1333
457f14cd
457f1666
457f1800
457f199a
457f1b33
457f1ccd
457f1e66
457f2000
457f219a
457f2333
457f24cd
457f2666
457f2800
457f299a
457f2b33
457f2ccd
457f2e66
457f3000
457f319a
457f3333
457f34cd
457f3666
457f3800
457f399a
457f3b33
457f3ccd
457f3e66
457f4000
457f419a
457f4333
457f44cd
457f4666
457f4800
457f499a
457f4b33
457f4ccd
457f4e66
457f5000
457f519a
457f5333
457f54cd
457f5666
457f5800
457f599a
457f5b33
457f5ccd
457f5e66
457f6000
457f619a
457f6333
457f64cd
457f6666
457f6800
457f699a
457f6b33
457f6ccd
457f6e66
457f7000
457f719a
457f7333
457f74cd
457f7666
457f7800
457f799a
457f7b33
457f7ccd
457f7e66
457f8000
457f819a
457f8333
457f84cd
457f8666
457f8800
457f899a
457f8b33
457f8ccd
457f8e66
457f9000
457f919a
457f9333
457f94cd
457f9666
457f9800
457f999a
457f9b33
457f9ccd
457f9e66
457fa000
457fa19a
457fa333
457fa4cd
457fa666
457fa800
457fa99a
457fab33
457faccd
457fae66
457fb000
457fb19a
457fb333
457fb4cd
457fb666
457fb800
457fb99a
457fbb33
457fbccd
457fbe66
457fc000
457fc19a
457fc333
457fc4cd
457fc666
457fc800
457fc99a
457fcb33
457fcccd
457fce66
457fd000
457fd19a
457fd333
457fd4cd
457fd666
457fd800
457fd99a
457fdb33
457fdccd
457fde66
457fe000
457fe19a
457fe333
457fe4cd
457fe666
457fe800
457fe99a
457feb33
457feccd
457fee66
457ff000
457ff19a
457ff333
457ff4cd
457ff666
457ff800
457ff99a
457ffb33
457ffccd
457ffe66
45800000
458000cd
4580019a
45800266
45800333
45800400
458004cd
4580059a
45800666
45800733
45800800
458008cd
4580099a
45800a66
45800b33
45800c00
45800ccd
45800d9a
45800e66
45800f33
45801000
458010cd
4580119a
45801266
45801333
45801400
458014cd
4580159a
45801666
45801733
45801800
458018cd
4580199a
45801a66
45801b33
45801c00
45801ccd
45801d9a
45801e66
45801f33
45802000
458020cd
4580219a
45802266
45802333
45802400
458024cd
4580259a
45802666
45802733
45802800
458028cd
4580299a
45802a66
45802b33
45802c00
45802ccd
45802d9a
45802e66
45802f33
45803000
458030cd
4580319a
45803266
45803333
45803400
458034cd
4580359a
45803666
45803733
45803800
458038cd
4580399a
45803a66
45803b33
45803c00
45803ccd
45803d9a
45803e66
45803f33
45804000
458040cd
4580419a
45804266
45804333
45804400
458044cd
4580459a
45804666
45804733
45804800
458048cd
4580499a
45804a66
45804b33
45804c00
45804ccd
45804d9a
45804e66
45804f33
45805000
458050cd
4580519a
45805266
45805333
45805400
458054cd
4580559a
45805666
45805733
45805800
458058cd
4580599a
45805a66
45805b33
45805c00
45805ccd
45805d9a
45805e66
45805f33
45806000
458060cd
4580619a
45806266
45806333
45806400
458064cd
4580659a
45806666
45806733
45806800
458068cd
4580699a
45806a66
45806b33
45806c00
45806ccd
45806d9a
45806e66
45806f33
45807000
458070cd
4580719a
45807266
45807333
45807400
458074cd
4580759a
45807666
45807733
45807800
458078cd
4580799a
45807a66
45807b33
45807c00
45807ccd
45807d9a
45807e66
45807f33
45808000
458080cd
4580819a
45808266
45808333
45808400
458084cd
4580859a
45808666
45808733
45808800
458088cd
4580899a
45808a66
45808b33
45808c00
45808ccd
45808d9a
45808e66
45808f33
45809000
458090cd
4580919a
45809266
45809333
45809400
458094cd
4580959a
45809666
45809733
45809800
458098cd
4580999a
45809a66
45809b33
45809c00
45809ccd
45809d9a
45809e66
45809f33
4580a000
4580a0cd
4580a19a
4580a266
4580a333
4580a400
4580a4cd
4580a59a
4580a666
4580a733
4580a800
4580a8cd
4580a99a
4580aa66
4580ab33
4580ac00
4580accd
4580ad9a
4580ae66
4580af33
4580b000
4580b0cd
4580b19a
4580b266
4580b333
4580b400
4580b4cd
4580b59a
4580b666
4580b733
4580b800
4580b8cd
4580b99a
4580ba66
4580bb33
4580bc00
4580bccd
4580bd9a
4580be66
4580bf33
4580c000
4580c0cd
4580c19a
4580c266
4580c333
4580c400
4580c4cd
4580c59a
4580c666
4580c733
4580c800
4580c8cd
4580c99a
4580ca66
4580cb33
4580cc00
4580cccd
4580cd9a
4580ce66
4580cf33
4580d000
4580d0cd
4580d19a
4580d266
4580d333
4580d400
4580d4cd
4580d59a
4580d666
4580d733
4580d800
4580d8cd
4580d99a
4580da66
4580db33
4580dc00
4580dccd
4580dd9a
4580de66
4580df33
4580e000
4580e0cd
4580e19a
4580e266
4580e333
4580e400
4580e4cd
4580e59a
4580e666
4580e733
4580e800
4580e8cd
4580e99a
4580ea66
4580eb33
4580ec00
4580eccd
4580ed9a
4580ee66
4580ef33
4580f000
4580f0cd
4580f19a
4580f266
4580f333
4580f400
4580f4cd
4580f59a
4580f666
4580f733
4580f800
4580f8cd
4580f99a
4580fa66
4580fb33
4580fc00
4580fccd
4580fd9a
4580fe66
4580ff33
45810000
458100cd
4581019a
45810266
45810333
45810400
458104cd
4581059a
45810666
45810733
45810800
458108cd
4581099a
45810a66
45810b33
45810c00
45810ccd
45810d9a
45810e66
45810f33
45811000
458110cd
4581119a
45811266
45811333
45811400
458114cd
4581159a
45811666
45811733
45811800
458118cd
4581199a
45811a66
45811b33
45811c00
45811ccd
45811d9a
45811e66
45811f33
45812000
458120cd
4581219a
45812266
45812333
45812400
458124cd
4581259a
45812666
45812733
45812800
458128cd
4581299a
45812a66
45812b33
45812c00
45812ccd
45812d9a
45812e66
45812f33
45813000
458130cd
4581319a
45813266
45813333
45813400
458134cd
4581359a
45813666
45813733
45813800
458138cd
4581399a
45813a66
45813b33
45813c00
45813ccd
45813d9a
45813e66
45813f33
45814000
458140cd
4581419a
45814266
45814333
45814400
458144cd
4581459a
45814666
45814733
45814800
458148cd
4581499a
45814a66
45814b33
45814c00
45814ccd
45814d9a
45814e66
45814f33
45815000
458150cd
4581519a
45815266
45815333
45815400
458154cd
4581559a
45815666
45815733
45815800
458158cd
4581599a
45815a66
45815b33
45815c00
45815ccd
45815d9a
45815e66
45815f33
45816000
458160cd
4581619a
45816266
45816333
45816400
458164cd
4581659a
45816666
45816733
45816800
458168cd
4581699a
45816a66
45816b33
45816c00
45816ccd
45816d9a
45816e66
45816f33
45817000
458170cd
4581719a
45817266
45817333
45817400
458174cd
4581759a
45817666
45817733
45817800
458178cd
4581799a
45817a66
45817b33
45817c00
45817ccd
45817d9a
45817e66
45817f33
45818000
458180cd
4581819a
45818266
45818333
45818400
458184cd
4581859a
45818666
45818733
45818800
458188cd
4581899a
45818a66
45818b33
45818c00
45818ccd
45818d9a
45818e66
45818f33
45819000
458190cd
4581919a
45819266
45819333
45819400
458194cd
4581959a
45819666
45819733
45819800
458198cd
4581999a
45819a66
45819b33
45819c00
45819ccd
45819d9a
45819e66
45819f33
4581a000
4581a0cd
4581a19a
4581a266
4581a333
4581a400
4581a4cd
4581a59a
4581a666
4581a733
4581a800
4581a8cd
4581a99a
4581aa66
4581ab33
4581ac00
4581accd
4581ad9a
4581ae66
4581af33
4581b000
4581b0cd
4581b19a
4581b266
4581b333
4581b400
4581b4cd
4581b59a
4581b666
4581b733
4581b800
4581b8cd
4581b99a
4581ba66
4581bb33
4581bc00
4581bccd
4581bd9a
4581be66
4581bf33
4581c000
4581c0cd
4581c19a
4581c266
4581c333
4581c400
4581c4cd
4581c59a
4581c666
4581c733
4581c800
4581c8cd
4581c99a
4581ca66
4581cb33
4581cc00
4581cccd
4581cd9a
4581ce66
4581cf33
4581d000
4581d0cd
4581d19a
4581d266
4581d333
4581d400
4581d4cd
4581d59a
4581d666
4581d733
4581d800
4581d8cd
4581d99a
4581da66
4581db33
4581dc00
4581dccd
4581dd9a
4581de66
4581df33
4581e000
4581e0cd
4581e19a
4581e266
4581e333
4581e400
4581e4cd
4581e59a
4581e666
4581e733
4581e800
4581e8cd
4581e99a
4581ea66
4581eb33
4581ec00
4581eccd
4581ed9a
4581ee66
4581ef33
4581f000
4581f0cd
4581f19a
4581f266
4581f333
4581f400
4581f4cd
4581f59a
4581f666
4581f733
4581f800
4581f8cd
4581f99a
4581fa66
4581fb33
4581fc00
4581fccd
4581fd9a
4581fe66
4581ff33
45820000
458200cd
4582019a
45820266
45820333
45820400
458204cd
4582059a
45820666
45820733
45820800
458208cd
4582099a
45820a66
45820b33
45820c00
45820ccd
45820d9a
45820e66
45820f33
45821000
458210cd
4582119a
45821266
45821333
45821400
458214cd
4582159a
45821666
45821733
45821800
458218cd
4582199a
45821a66
45821b33
45821c00
45821ccd
45821d9a
45821e66
45821f33
45822000
458220cd
4582219a
45822266
45822333
45822400
458224cd
4582259a
45822666
45822733
45822800
458228cd
4582299a
45822a66
45822b33
45822c00
45822ccd
45822d9a
45822e66
45822f33
45823000
458230cd
4582319a
45823266
45823333
45823400
458234cd
4582359a
45823666
45823733
45823800
458238cd
4582399a
45823a66
45823b33
45823c00
45823ccd
45823d9a
45823e66
45823f33
45824000
458240cd
4582419a
45824266
45824333
45824400
458244cd
4582459a
45824666
45824733
45824800
458248cd
4582499a
45824a66
45824b33
45824c00
45824ccd
45824d9a
45824e66
45824f33
45825000
458250cd
4582519a
45825266
45825333
45825400
458254cd
4582559a
45825666
45825733
45825800
458258cd
4582599a
45825a66
45825b33
45825c00
45825ccd
45825d9a
45825e66
45825f33
45826000
458260cd
4582619a
45826266
45826333
45826400
458264cd
4582659a
45826666
45826733
45826800
458268cd
4582699a
45826a66
45826b33
45826c00
45826ccd
45826d9a
45826e66
45826f33
45827000
458270cd
4582719a
45827266
45827333
45827400
458274cd
4582759a
45827666
45827733
45827800
458278cd
4582799a
45827a66
45827b33
45827c00
45827ccd
45827d9a
45827e66
45827f33
45828000
458280cd
4582819a
45828266
45828333
45828400
458284cd
4582859a
45828666
45828733
45828800
458288cd
4582899a
45828a66
45828b33
45828c00
45828ccd
45828d9a
45828e66
45828f33
45829000
458290cd
4582919a
45829266
45829333
45829400
458294cd
4582959a
45829666
45829733
45829800
458298cd
4582999a
45829a66
45829b33
45829c00
45829ccd
45829d9a
45829e66
45829f33
4582a000
4582a0cd
4582a19a
4582a266
4582a333
4582a400
4582a4cd
4582a59a
4582a666
4582a733
4582a800
4582a8cd
4582a99a
4582aa66
4582ab33
4582ac00
4582accd
4582ad9a
4582ae66
4582af33
4582b000
4582b0cd
4582b19a
4582b266
4582b333
4582b400
4582b4cd
4582b59a
4582b666
4582b733
4582b800
4582b8cd
4582b99a
4582ba66
4582bb33
4582bc00
4582bccd
4582bd9a
4582be66
4582bf33
4582c000
4582c0cd
4582c19a
4582c266
4582c333
4582c400
4582c4cd
4582c59a
4582c666
4582c733
4582c800
4582c8cd
4582c99a
4582ca66
4582cb33
4582cc00
4582cccd
4582cd9a
4582ce66
4582cf33
4582d000
4582d0cd
4582d19a
4582d266
4582d333
4582d400
4582d4cd
4582d59a
4582d666
4582d733
4582d800
4582d8cd
4582d99a
4582da66
4582db33
4582dc00
4582dccd
4582dd9a
4582de66
4582df33
4582e000
4582e0cd
4582e19a
4582e266
4582e333
4582e400
4582e4cd
4582e59a
4582e666
4582e733
4582e800
4582e8cd
4582e99a
4582ea66
4582eb33
4582ec00
4582eccd
4582ed9a
4582ee66
4582ef33
4582f000
4582f0cd
4582f19a
4582f266
4582f333
4582f400
4582f4cd
4582f59a
4582f666
4582f733
4582f800
4582f8cd
4582f99a
4582fa66
4582fb33
4582fc00
4582fccd
4582fd9a
4582fe66
4582ff33
45830000
458300cd
4583019a
45830266
45830333
45830400
458304cd
4583059a
45830666
45830733
45830800
458308cd
4583099a
45830a66
45830b33
45830c00
45830ccd
45830d9a
45830e66
45830f33
45831000
458310cd
4583119a
45831266
45831333
45831400
458314cd
4583159a
45831666
45831733
45831800
458318cd
4583199a
45831a66
45831b33
45831c00
45831ccd
45831d9a
45831e66
45831f33
45832000
458320cd
4583219a
45832266
45832333
45832400
458324cd
4583259a
45832666
45832733
45832800
458328cd
4583299a
45832a66
45832b33
45832c00
45832ccd
45832d9a
45832e66
45832f33
45833000
458330cd
4583319a
45833266
45833333
45833400
458334cd
4583359a
45833666
45833733
45833800
458338cd
4583399a
45833a66
45833b33
45833c00
45833ccd
45833d9a
45833e66
45833f33
45834000
458340cd
4583419a
45834266
45834333
45834400
458344cd
4583459a
45834666
45834733
45834800
458348cd
4583499a
45834a66
45834b33
45834c00
45834ccd
45834d9a
45834e66
45834f33
45835000
458350cd
4583519a
45835266
45835333
45835400
458354cd
4583559a
45835666
45835733
45835800
458358cd
4583599a
45835a66
45835b33
45835c00
45835ccd
45835d9a
45835e66
45835f33
45836000
458360cd
4583619a
45836266
45836333
45836400
458364cd
4583659a
45836666
45836733
45836800
458368cd
4583699a
45836a66
45836b33
45836c00
45836ccd
45836d9a
45836e66
45836f33
45837000
458370cd
4583719a
45837266
45837333
45837400
458374cd
4583759a
45837666
45837733
45837800
458378cd
4583799a
45837a66
45837b33
45837c00
45837ccd
45837d9a
45837e66
45837f33
45838000
458380cd
4583819a
45838266
45838333
45838400
458384cd
4583859a
45838666
45838733
45838800
458388cd
4583899a
45838a66
45838b33
45838c00
45838ccd
45838d9a
45838e66
45838f33
45839000
458390cd
4583919a
45839266
45839333
45839400
458394cd
4583959a
45839666
45839733
45839800
458398cd
4583999a
45839a66
45839b33
45839c00
45839ccd
45839d9a
45839e66
45839f33
4583a000
4583a0cd
4583a19a
4583a266
4583a333
4583a400
4583a4cd
4583a59a
4583a666
4583a733
4583a800
4583a8cd
4583a99a
4583aa66
4583ab33
4583ac00
4583accd
4583ad9a
4583ae66
4583af33
4583b000
4583b0cd
4583b19a
4583b266
4583b333
4583b400
4583b4cd
4583b59a
4583b666
4583b733
4583b800
4583b8cd
4583b99a
4583ba66
4583bb33
4583bc00
4583bccd
4583bd9a
4583be66
4583bf33
4583c000
4583c0cd
4583c19a
4583c266
4583c333
4583c400
4583c4cd
4583c59a
4583c666
4583c733
4583c800
4583c8cd
4583c99a
4583ca66
4583cb33
4583cc00
4583cccd
4583cd9a
4583ce66
4583cf33
4583d000
4583d0cd
4583d19a
4583d266
4583d333
4583d400
4583d4cd
4583d59a
4583d666
4583d733
4583d800
4583d8cd
4583d99a
4583da66
4583db33
4583dc00
4583dccd
4583dd9a
4583de66
4583df33
4583e000
4583e0cd
4583e19a
4583e266
4583e333
4583e400
4583e4cd
4583e59a
4583e666
4583e733
4583e800
4583e8cd
4583e99a
4583ea66
4583eb33
4583ec00
4583eccd
4583ed9a
4583ee66
4583ef33
4583f000
4583f0cd
4583f19a
4583f266
4583f333
4583f400
4583f4cd
4583f59a
4583f666
4583f733
4583f800
4583f8cd
4583f99a
4583fa66
4583fb33
4583fc00
4583fccd
4583fd9a
4583fe66
4583ff33
45840000
458400cd
4584019a
45840266
45840333
45840400
458404cd
4584059a
45840666
45840733
45840800
458408cd
4584099a
45840a66
45840b33
45840c00
45840ccd
45840d9a
45840e66
45840f33
45841000
458410cd
4584119a
45841266
45841333
45841400
458414cd
4584159a
45841666
45841733
45841800
458418cd
4584199a
45841a66
45841b33
45841c00
45841ccd
45841d9a
45841e66
45841f33
45842000
458420cd
4584219a
45842266
45842333
45842400
458424cd
4584259a
45842666
45842733
45842800
458428cd
4584299a
45842a66
45842b33
45842c00
45842ccd
45842d9a
45842e66
45842f33
45843000
458430cd
4584319a
45843266
45843333
45843400
458434cd
4584359a
45843666
45843733
45843800
458438cd
4584399a
45843a66
45843b33
45843c00
45843ccd
45843d9a
45843e66
45843f33
45844000
458440cd
4584419a
45844266
45844333
45844400
458444cd
4584459a
45844666
45844733
45844800
458448cd
4584499a
45844a66
45844b33
45844c00
45844ccd
45844d9a
45844e66
45844f33
45845000
458450cd
4584519a
45845266
45845333
45845400
458454cd
4584559a
45845666
45845733
45845800
458458cd
4584599a
45845a66
45845b33
45845c00
45845ccd
45845d9a
45845e66
45845f33
45846000
458460cd
4584619a
45846266
45846333
45846400
458464cd
4584659a
45846666
45846733
45846800
458468cd
4584699a
45846a66
45846b33
45846c00
45846ccd
45846d9a
45846e66
45846f33
45847000
458470cd
4584719a
45847266
45847333
45847400
458474cd
4584759a
45847666
45847733
45847800
458478cd
4584799a
45847a66
45847b33
45847c00
45847ccd
45847d9a
45847e66
45847f33
45848000
458480cd
4584819a
45848266
45848333
45848400
458484cd
4584859a
45848666
45848733
45848800
458488cd
4584899a
45848a66
45848b33
45848c00
45848ccd
45848d9a
45848e66
45848f33
45849000
458490cd
4584919a
45849266
45849333
45849400
458494cd
4584959a
45849666
45849733
45849800
458498cd
4584999a
45849a66
45849b33
45849c00
45849ccd
45849d9a
45849e66
45849f33
4584a000
4584a0cd
4584a19a
4584a266
4584a333
4584a400
4584a4cd
4584a59a
4584a666
4584a733
4584a800
4584a8cd
4584a99a
4584aa66
4584ab33
4584ac00
4584accd
4584ad9a
4584ae66
4584af33
4584b000
4584b0cd
4584b19a
4584b266
4584b333
4584b400
4584b4cd
4584b59a
4584b666
4584b733
4584b800
4584b8cd
4584b99a
4584ba66
4584bb33
4584bc00
4584bccd
4584bd9a
4584be66
4584bf33
4584c000
4584c0cd
4584c19a
4584c266
4584c333
4584c400
4584c4cd
4584c59a
4584c666
4584c733
4584c800
4584c8cd
4584c99a
4584ca66
4584cb33
4584cc00
4584cccd
4584cd9a
4584ce66
4584cf33
4584d000
4584d0cd
4584d19a
4584d266
4584d333
4584d400
4584d4cd
4584d59a
4584d666
4584d733
4584d800
4584d8cd
4584d99a
4584da66
4584db33
4584dc00
4584dccd
4584dd9a
4584de66
4584df33
4584e000
4584e0cd
4584e19a
4584e266
4584e333
4584e400
4584e4cd
4584e59a
4584e666
4584e733
4584e800
4584e8cd
4584e99a
4584ea66
4584eb33
4584ec00
4584eccd
4584ed9a
4584ee66
4584ef33
4584f000
4584f0cd
4584f19a
4584f266
4584f333
4584f400
4584f4cd
4584f59a
4584f666
4584f733
4584f800
4584f8cd
4584f99a
4584fa66
4584fb33
4584fc00
4584fccd
4584fd9a
4584fe66
4584ff33
45850000
458500cd
4585019a
45850266
45850333
45850400
458504cd
4585059a
45850666
45850733
45850800
458508cd
4585099a
45850a66
45850b33
45850c00
45850ccd
45850d9a
45850e66
45850f33
45851000
458510cd
4585119a
45851266
45851333
45851400
458514cd
4585159a
45851666
45851733
45851800
458518cd
4585199a
45851a66
45851b33
45851c00
45851ccd
45851d9a
45851e66
45851f33
45852000
458520cd
4585219a
45852266
45852333
45852400
458524cd
4585259a
45852666
45852733
45852800
458528cd
4585299a
45852a66
45852b33
45852c00
45852ccd
45852d9a
45852e66
45852f33
45853000
458530cd
4585319a
45853266
45853333
45853400
458534cd
4585359a
45853666
45853733
45853800
458538cd
4585399a
45853a66
45853b33
45853c00
45853ccd
45853d9a
45853e66
45853f33
45854000
458540cd
4585419a
45854266
45854333
45854400
458544cd
4585459a
45854666
45854733
45854800
458548cd
4585499a
45854a66
45854b33
45854c00
45854ccd
45854d9a
45854e66
45854f33
45855000
458550cd
4585519a
45855266
45855333
45855400
458554cd
4585559a
45855666
45855733
45855800
458558cd
4585599a
45855a66
45855b33
45855c00
45855ccd
45855d9a
45855e66
45855f33
45856000
458560cd
4585619a
45856266
45856333
45856400
458564cd
4585659a
45856666
45856733
45856800
458568cd
4585699a
45856a66
45856b33
45856c00
45856ccd
45856d9a
45856e66
45856f33
45857000
458570cd
4585719a
45857266
45857333
45857400
458574cd
4585759a
45857666
45857733
45857800
458578cd
4585799a
45857a66
45857b33
45857c00
45857ccd
45857d9a
45857e66
45857f33
45858000
458580cd
4585819a
45858266
45858333
45858400
458584cd
4585859a
45858666
45858733
45858800
458588cd
4585899a
45858a66
45858b33
45858c00
45858ccd
45858d9a
45858e66
45858f33
45859000
458590cd
4585919a
45859266
45859333
45859400
458594cd
4585959a
45859666
45859733
45859800
458598cd
4585999a
45859a66
45859b33
45859c00
45859ccd
45859d9a
45859e66
45859f33
4585a000
4585a0cd
4585a19a
4585a266
4585a333
4585a400
4585a4cd
4585a59a
4585a666
4585a733
4585a800
4585a8cd
4585a99a
4585aa66
4585ab33
4585ac00
4585accd
4585ad9a
4585ae66
4585af33
4585b000
4585b0cd
4585b19a
4585b266
4585b333
4585b400
4585b4cd
4585b59a
4585b666
4585b733
4585b800
4585b8cd
4585b99a
4585ba66
4585bb33
4585bc00
4585bccd
4585bd9a
4585be66
4585bf33
4585c000
4585c0cd
4585c19a
4585c266
4585c333
4585c400
4585c4cd
4585c59a
4585c666
4585c733
4585c800
4585c8cd
4585c99a
4585ca66
4585cb33
4585cc00
4585cccd
4585cd9a
4585ce66
4585cf33
4585d000
4585d0cd
4585d19a
4585d266
4585d333
4585d400
4585d4cd
4585d59a
4585d666
4585d733
4585d800
4585d8cd
4585d99a
4585da66
4585db33
4585dc00
4585dccd
4585dd9a
4585de66
4585df33
4585e000
4585e0cd
4585e19a
4585e266
4585e333
4585e400
4585e4cd
4585e59a
4585e666
4585e733
4585e800
4585e8cd
4585e99a
4585ea66
4585eb33
4585ec00
4585eccd
4585ed9a
4585ee66
4585ef33
4585f000
4585f0cd
4585f19a
4585f266
4585f333
4585f400
4585f4cd
4585f59a
4585f666
4585f733
4585f800
4585f8cd
4585f99a
4585fa66
4585fb33
4585fc00
4585fccd
4585fd9a
4585fe66
4585ff33
45860000
458600cd
4586019a
45860266
45860333
45860400
458604cd
4586059a
45860666
45860733
45860800
458608cd
4586099a
45860a66
45860b33
45860c00
45860ccd
45860d9a
45860e66
45860f33
45861000
458610cd
4586119a
45861266
45861333
45861400
458614cd
4586159a
45861666
45861733
45861800
458618cd
4586199a
45861a66
45861b33
45861c00
45861ccd
45861d9a
45861e66
45861f33
45862000
458620cd
4586219a
45862266
45862333
45862400
458624cd
4586259a
45862666
45862733
45862800
458628cd
4586299a
45862a66
45862b33
45862c00
45862ccd
45862d9a
45862e66
45862f33
45863000
458630cd
4586319a
45863266
45863333
45863400
458634cd
4586359a
45863666
45863733
45863800
458638cd
4586399a
45863a66
45863b33
45863c00
45863ccd
45863d9a
45863e66
45863f33
45864000
458640cd
4586419a
45864266
45864333
45864400
458644cd
4586459a
45864666
45864733
45864800
458648cd
4586499a
45864a66
45864b33
45864c00
45864ccd
45864d9a
45864e66
45864f33
45865000
458650cd
4586519a
45865266
45865333
45865400
458654cd
4586559a
45865666
45865733
45865800
458658cd
4586599a
45865a66
45865b33
45865c00
45865ccd
45865d9a
45865e66
45865f33
45866000
458660cd
4586619a
45866266
45866333
45866400
458664cd
4586659a
45866666
45866733
45866800
458668cd
4586699a
45866a66
45866b33
45866c00
45866ccd
45866d9a
45866e66
45866f33
45867000
458670cd
4586719a
45867266
45867333
45867400
458674cd
4586759a
45867666
45867733
45867800
458678cd
4586799a
45867a66
45867b33
45867c00
45867ccd
45867d9a
45867e66
45867f33
45868000
458680cd
4586819a
45868266
45868333
45868400
458684cd
4586859a
45868666
45868733
45868800
458688cd
4586899a
45868a66
45868b33
45868c00
45868ccd
45868d9a
45868e66
45868f33
45869000
458690cd
4586919a
45869266
45869333
45869400
458694cd
4586959a
45869666
45869733
45869800
458698cd
4586999a
45869a66
45869b33
45869c00
45869ccd
45869d9a
45869e66
45869f33
4586a000
4586a0cd
4586a19a
4586a266
4586a333
4586a400
4586a4cd
4586a59a
4586a666
4586a733
4586a800
4586a8cd
4586a99a
4586aa66
4586ab33
4586ac00
4586accd
4586ad9a
4586ae66
4586af33
4586b000
4586b0cd
4586b19a
4586b266
4586b333
4586b400
4586b4cd
4586b59a
4586b666
4586b733
4586b800
4586b8cd
4586b99a
4586ba66
4586bb33
4586bc00
4586bccd
4586bd9a
4586be66
4586bf33
4586c000
4586c0cd
4586c19a
4586c266
4586c333
4586c400
4586c4cd
4586c59a
4586c666
4586c733
4586c800
4586c8cd
4586c99a
4586ca66
4586cb33
4586cc00
4586cccd
4586cd9a
4586ce66
4586cf33
4586d000
4586d0cd
4586d19a
4586d266
4586d333
4586d400
4586d4cd
4586d59a
4586d666
4586d733
4586d800
4586d8cd
4586d99a
4586da66
4586db33
4586dc00
4586dccd
4586dd9a
4586de66
4586df33
4586e000
4586e0cd
4586e19a
4586e266
4586e333
4586e400
4586e4cd
4586e59a
4586e666
4586e733
4586e800
4586e8cd
4586e99a
4586ea66
4586eb33
4586ec00
4586eccd
4586ed9a
4586ee66
4586ef33
4586f000
4586f0cd
4586f19a
4586f266
4586f333
4586f400
4586f4cd
4586f59a
4586f666
4586f733
4586f800
4586f8cd
4586f99a
4586fa66
4586fb33
4586fc00
4586fccd
4586fd9a
4586fe66
4586ff33
45870000
458700cd
4587019a
45870266
45870333
45870400
458704cd
4587059a
45870666
45870733
45870800
458708cd
4587099a
45870a66
45870b33
45870c00
45870ccd
45870d9a
45870e66
45870f33
45871000
458710cd
4587119a
45871266
45871333
45871400
458714cd
4587159a
45871666
45871733
45871800
458718cd
4587199a
45871a66
45871b33
45871c00
45871ccd
45871d9a
45871e66
45871f33
45872000
458720cd
4587219a
45872266
45872333
45872400
458724cd
4587259a
45872666
45872733
45872800
458728cd
4587299a
45872a66
45872b33
45872c00
45872ccd
45872d9a
45872e66
45872f33
45873000
458730cd
4587319a
45873266
45873333
45873400
458734cd
4587359a
45873666
45873733
45873800
458738cd
4587399a
45873a66
45873b33
45873c00
45873ccd
45873d9a
45873e66
45873f33
45874000
458740cd
4587419a
45874266
45874333
45874400
458744cd
4587459a
45874666
45874733
45874800
458748cd
4587499a
45874a66
45874b33
45874c00
45874ccd
45874d9a
45874e66
45874f33
45875000
458750cd
4587519a
45875266
45875333
45875400
458754cd
4587559a
45875666
45875733
45875800
458758cd
4587599a
45875a66
45875b33
45875c00
45875ccd
45875d9a
45875e66
45875f33
45876000
458760cd
4587619a
45876266
45876333
45876400
458764cd
4587659a
45876666
45876733
45876800
458768cd
4587699a
45876a66
45876b33
45876c00
45876ccd
45876d9a
45876e66
45876f33
45877000
458770cd
4587719a
45877266
45877333
45877400
458774cd
4587759a
45877666
45877733
45877800
458778cd
4587799a
45877a66
45877b33
45877c00
45877ccd
45877d9a
45877e66
45877f33
45878000
458780cd
4587819a
45878266
45878333
45878400
458784cd
4587859a
45878666
45878733
45878800
458788cd
4587899a
45878a66
45878b33
45878c00
45878ccd
45878d9a
45878e66
45878f33
45879000
458790cd
4587919a
45879266
45879333
45879400
458794cd
4587959a
45879666
45879733
45879800
458798cd
4587999a
45879a66
45879b33
45879c00
45879ccd
45879d9a
45879e66
45879f33
4587a000
4587a0cd
4587a19a
4587a266
4587a333
4587a400
4587a4cd
4587a59a
4587a666
4587a733
4587a800
4587a8cd
4587a99a
4587aa66
4587ab33
4587ac00
4587accd
4587ad9a
4587ae66
4587af33
4587b000
4587b0cd
4587b19a
4587b266
4587b333
4587b400
4587b4cd
4587b59a
4587b666
4587b733
4587b800
4587b8cd
4587b99a
4587ba66
4587bb33
4587bc00
4587bccd
4587bd9a
4587be66
4587bf33
4587c000
4587c0cd
4587c19a
4587c266
4587c333
4587c400
4587c4cd
4587c59a
4587c666
4587c733
4587c800
4587c8cd
4587c99a
4587ca66
4587cb33
4587cc00
4587cccd
4587cd9a
4587ce66
4587cf33
4587d000
4587d0cd
4587d19a
4587d266
4587d333
4587d400
4587d4cd
4587d59a
4587d666
4587d733
4587d800
4587d8cd
4587d99a
4587da66
4587db33
4587dc00
4587dccd
4587dd9a
4587de66
4587df33
4587e000
4587e0cd
4587e19a
4587e266
4587e333
4587e400
4587e4cd
4587e59a
4587e666
4587e733
4587e800
4587e8cd
4587e99a
4587ea66
4587eb33
4587ec00
4587eccd
4587ed9a
4587ee66
4587ef33
4587f000
4587f0cd
4587f19a
4587f266
4587f333
4587f400
4587f4cd
4587f59a
4587f666
4587f733
4587f800
4587f8cd
4587f99a
4587fa66
4587fb33
4587fc00
4587fccd
4587fd9a
4587fe66
4587ff33
45880000
458800cd
4588019a
45880266
45880333
45880400
458804cd
4588059a
45880666
45880733
45880800
458808cd
4588099a
45880a66
45880b33
45880c00
45880ccd
45880d9a
45880e66
45880f33
45881000
458810cd
4588119a
45881266
45881333
45881400
458814cd
4588159a
45881666
45881733
45881800
458818cd
4588199a
45881a66
45881b33
45881c00
45881ccd
45881d9a
45881e66
45881f33
45882000
458820cd
4588219a
45882266
45882333
45882400
458824cd
4588259a
45882666
45882733
45882800
458828cd
4588299a
45882a66
45882b33
45882c00
45882ccd
45882d9a
45882e66
45882f33
45883000
458830cd
4588319a
45883266
45883333
45883400
458834cd
4588359a
45883666
45883733
45883800
458838cd
4588399a
45883a66
45883b33
45883c00
45883ccd
45883d9a
45883e66
45883f33
45884000
458840cd
4588419a
45884266
45884333
45884400
458844cd
4588459a
45884666
45884733
45884800
458848cd
4588499a
45884a66
45884b33
45884c00
45884ccd
45884d9a
45884e66
45884f33
45885000
458850cd
4588519a
45885266
45885333
45885400
458854cd
4588559a
45885666
45885733
45885800
458858cd
4588599a
45885a66
45885b33
45885c00
45885ccd
45885d9a
45885e66
45885f33
45886000
458860cd
4588619a
45886266
45886333
45886400
458864cd
4588659a
45886666
45886733
45886800
458868cd
4588699a
45886a66
45886b33
45886c00
45886ccd
45886d9a
45886e66
45886f33
45887000
458870cd
4588719a
45887266
45887333
45887400
458874cd
4588759a
45887666
45887733
45887800
458878cd
4588799a
45887a66
45887b33
45887c00
45887ccd
45887d9a
45887e66
45887f33
45888000
458880cd
4588819a
45888266
45888333
45888400
458884cd
4588859a
45888666
45888733
45888800
458888cd
4588899a
45888a66
45888b33
45888c00
45888ccd
45888d9a
45888e66
45888f33
45889000
458890cd
4588919a
45889266
45889333
45889400
458894cd
4588959a
45889666
45889733
45889800
458898cd
4588999a
45889a66
45889b33
45889c00
45889ccd
45889d9a
45889e66
45889f33
4588a000
4588a0cd
4588a19a
4588a266
4588a333
4588a400
4588a4cd
4588a59a
4588a666
4588a733
4588a800
4588a8cd
4588a99a
4588aa66
4588ab33
4588ac00
4588accd
4588ad9a
4588ae66
4588af33
4588b000
4588b0cd
4588b19a
4588b266
4588b333
4588b400
4588b4cd
4588b59a
4588b666
4588b733
4588b800
4588b8cd
4588b99a
4588ba66
4588bb33
4588bc00
4588bccd
4588bd9a
4588be66
4588bf33
4588c000
4588c0cd
4588c19a
4588c266
4588c333
4588c400
4588c4cd
4588c59a
4588c666
4588c733
4588c800
4588c8cd
4588c99a
4588ca66
4588cb33
4588cc00
4588cccd
4588cd9a
4588ce66
4588cf33
4588d000
4588d0cd
4588d19a
4588d266
4588d333
4588d400
4588d4cd
4588d59a
4588d666
4588d733
4588d800
4588d8cd
4588d99a
4588da66
4588db33
4588dc00
4588dccd
4588dd9a
4588de66
4588df33
4588e000
4588e0cd
4588e19a
4588e266
4588e333
4588e400
4588e4cd
4588e59a
4588e666
4588e733
4588e800
4588e8cd
4588e99a
4588ea66
4588eb33
4588ec00
4588eccd
4588ed9a
4588ee66
4588ef33
4588f000
4588f0cd
4588f19a
4588f266
4588f333
4588f400
4588f4cd
4588f59a
4588f666
4588f733
4588f800
4588f8cd
4588f99a
4588fa66
4588fb33
4588fc00
4588fccd
4588fd9a
4588fe66
4588ff33
45890000
458900cd
4589019a
45890266
45890333
45890400
458904cd
4589059a
45890666
45890733
45890800
458908cd
4589099a
45890a66
45890b33
45890c00
45890ccd
45890d9a
45890e66
45890f33
45891000
458910cd
4589119a
45891266
45891333
45891400
458914cd
4589159a
45891666
45891733
45891800
458918cd
4589199a
45891a66
45891b33
45891c00
45891ccd
45891d9a
45891e66
45891f33
45892000
458920cd
4589219a
45892266
45892333
45892400
458924cd
4589259a
45892666
45892733
45892800
458928cd
4589299a
45892a66
45892b33
45892c00
45892ccd
45892d9a
45892e66
45892f33
45893000
458930cd
4589319a
45893266
45893333
45893400
458934cd
4589359a
45893666
45893733
45893800
458938cd
4589399a
45893a66
45893b33
45893c00
45893ccd
45893d9a
45893e66
45893f33
45894000
458940cd
4589419a
45894266
45894333
45894400
458944cd
4589459a
45894666
45894733
45894800
458948cd
4589499a
45894a66
45894b33
45894c00
45894ccd
45894d9a
45894e66
45894f33
45895000
458950cd
4589519a
45895266
45895333
45895400
458954cd
4589559a
45895666
45895733
45895800
458958cd
4589599a
45895a66
45895b33
45895c00
45895ccd
45895d9a
45895e66
45895f33
45896000
458960cd
4589619a
45896266
45896333
45896400
458964cd
4589659a
45896666
45896733
45896800
458968cd
4589699a
45896a66
45896b33
45896c00
45896ccd
45896d9a
45896e66
45896f33
45897000
458970cd
4589719a
45897266
45897333
45897400
458974cd
4589759a
45897666
45897733
45897800
458978cd
4589799a
45897a66
45897b33
45897c00
45897ccd
45897d9a
45897e66
45897f33
45898000
458980cd
4589819a
45898266
45898333
45898400
458984cd
4589859a
45898666
45898733
45898800
458988cd
4589899a
45898a66
45898b33
45898c00
45898ccd
45898d9a
45898e66
45898f33
45899000
458990cd
4589919a
45899266
45899333
45899400
458994cd
4589959a
45899666
45899733
45899800
458998cd
4589999a
45899a66
45899b33
45899c00
45899ccd
45899d9a
45899e66
45899f33
4589a000
4589a0cd
4589a19a
4589a266
4589a333
4589a400
4589a4cd
4589a59a
4589a666
4589a733
4589a800
4589a8cd
4589a99a
4589aa66
4589ab33
4589ac00
4589accd
4589ad9a
4589ae66
4589af33
4589b000
4589b0cd
4589b19a
4589b266
4589b333
4589b400
4589b4cd
4589b59a
4589b666
4589b733
4589b800
4589b8cd
4589b99a
4589ba66
4589bb33
4589bc00
4589bccd
4589bd9a
4589be66
4589bf33
4589c000
4589c0cd
4589c19a
4589c266
4589c333
4589c400
4589c4cd
4589c59a
4589c666
4589c733
4589c800
4589c8cd
4589c99a
4589ca66
4589cb33
4589cc00
4589cccd
4589cd9a
4589ce66
4589cf33
4589d000
4589d0cd
4589d19a
4589d266
4589d333
4589d400
4589d4cd
4589d59a
4589d666
4589d733
4589d800
4589d8cd
4589d99a
4589da66
4589db33
4589dc00
4589dccd
4589dd9a
4589de66
4589df33
4589e000
4589e0cd
4589e19a
4589e266
4589e333
4589e400
4589e4cd
4589e59a
4589e666
4589e733
4589e800
4589e8cd
4589e99a
4589ea66
4589eb33
4589ec00
4589eccd
4589ed9a
4589ee66
4589ef33
4589f000
4589f0cd
4589f19a
4589f266
4589f333
4589f400
4589f4cd
4589f59a
4589f666
4589f733
4589f800
4589f8cd
4589f99a
4589fa66
4589fb33
4589fc00
4589fccd
4589fd9a
4589fe66
4589ff33
458a0000
458a00cd
458a019a
458a0266
458a0333
458a0400
458a04cd
458a059a
458a0666
458a0733
458a0800
458a08cd
458a099a
458a0a66
458a0b33
458a0c00
458a0ccd
458a0d9a
458a0e66
458a0f33
458a1000
458a10cd
458a119a
458a1266
458a1333
458a1400
458a14cd
458a159a
458a1666
458a1733
458a1800
458a18cd
458a199a
458a1a66
458a1b33
458a1c00
458a1ccd
458a1d9a
458a1e66
458a1f33
458a2000
458a20cd
458a219a
458a2266
458a2333
458a2400
458a24cd
458a259a
458a2666
458a2733
458a2800
458a28cd
458a299a
458a2a66
458a2b33
458a2c00
458a2ccd
458a2d9a
458a2e66
458a2f33
458a3000
458a30cd
458a319a
458a3266
458a3333
458a3400
458a34cd
458a359a
458a3666
458a3733
458a3800
458a38cd
458a399a
458a3a66
458a3b33
458a3c00
458a3ccd
458a3d9a
458a3e66
458a3f33
458a4000
458a40cd
458a419a
458a4266
458a4333
458a4400
458a44cd
458a459a
458a4666
458a4733
458a4800
458a48cd
458a499a
458a4a66
458a4b33
458a4c00
458a4ccd
458a4d9a
458a4e66
458a4f33
458a5000
458a50cd
458a519a
458a5266
458a5333
458a5400
458a54cd
458a559a
458a5666
458a5733
458a5800
458a58cd
458a599a
458a5a66
458a5b33
458a5c00
458a5ccd
458a5d9a
458a5e66
458a5f33
458a6000
458a60cd
458a619a
458a6266
458a6333
458a6400
458a64cd
458a659a
458a6666
458a6733
458a6800
458a68cd
458a699a
458a6a66
458a6b33
458a6c00
458a6ccd
458a6d9a
458a6e66
458a6f33
458a7000
458a70cd
458a719a
458a7266
458a7333
458a7400
458a74cd
458a759a
458a7666
458a7733
458a7800
458a78cd
458a799a
458a7a66
458a7b33
458a7c00
458a7ccd
458a7d9a
458a7e66
458a7f33
458a8000
458a80cd
458a819a
458a8266
458a8333
458a8400
458a84cd
458a859a
458a8666
458a8733
458a8800
458a88cd
458a899a
458a8a66
458a8b33
458a8c00
458a8ccd
458a8d9a
458a8e66
458a8f33
458a9000
458a90cd
458a919a
458a9266
458a9333
458a9400
458a94cd
458a959a
458a9666
458a9733
458a9800
458a98cd
458a999a
458a9a66
458a9b33
458a9c00
458a9ccd
458a9d9a
458a9e66
458a9f33
458aa000
458aa0cd
458aa19a
458aa266
458aa333
458aa400
458aa4cd
458aa59a
458aa666
458aa733
458aa800
458aa8cd
458aa99a
458aaa66
458aab33
458aac00
458aaccd
458aad9a
458aae66
458aaf33
458ab000
458ab0cd
458ab19a
458ab266
458ab333
458ab400
458ab4cd
458ab59a
458ab666
458ab733
458ab800
458ab8cd
458ab99a
458aba66
458abb33
458abc00
458abccd
458abd9a
458abe66
458abf33
458ac000
458ac0cd
458ac19a
458ac266
458ac333
458ac400
458ac4cd
458ac59a
458ac666
458ac733
458ac800
458ac8cd
458ac99a
458aca66
458acb33
458acc00
458acccd
458acd9a
458ace66
458acf33
458ad000
458ad0cd
458ad19a
458ad266
458ad333
458ad400
458ad4cd
458ad59a
458ad666
458ad733
458ad800
458ad8cd
458ad99a
458ada66
458adb33
458adc00
458adccd
458add9a
458ade66
458adf33
458ae000
458ae0cd
458ae19a
458ae266
458ae333
458ae400
458ae4cd
458ae59a
458ae666
458ae733
458ae800
458ae8cd
458ae99a
458aea66
458aeb33
458aec00
458aeccd
458aed9a
458aee66
458aef33
458af000
458af0cd
458af19a
458af266
458af333
458af400
458af4cd
458af59a
458af666
458af733
458af800
458af8cd
458af99a
458afa66
458afb33
458afc00
458afccd
458afd9a
458afe66
458aff33
458b0000
458b00cd
458b019a
458b0266
458b0333
458b0400
458b04cd
458b059a
458b0666
458b0733
458b0800
458b08cd
458b099a
458b0a66
458b0b33
458b0c00
458b0ccd
458b0d9a
458b0e66
458b0f33
458b1000
458b10cd
458b119a
458b1266
458b1333
458b1400
458b14cd
458b159a
458b1666
458b1733
458b1800
458b18cd
458b199a
458b1a66
458b1b33
458b1c00
458b1ccd
458b1d9a
458b1e66
458b1f33
458b2000
458b20cd
458b219a
458b2266
458b2333
458b2400
458b24cd
458b259a
458b2666
458b2733
458b2800
458b28cd
458b299a
458b2a66
458b2b33
458b2c00
458b2ccd
458b2d9a
458b2e66
458b2f33
458b3000
458b30cd
458b319a
458b3266
458b3333
458b3400
458b34cd
458b359a
458b3666
458b3733
458b3800
458b38cd
458b399a
458b3a66
458b3b33
458b3c00
458b3ccd
458b3d9a
458b3e66
458b3f33
458b4000
458b40cd
458b419a
458b4266
458b4333
458b4400
458b44cd
458b459a
458b4666
458b4733
458b4800
458b48cd
458b499a
458b4a66
458b4b33
458b4c00
458b4ccd
458b4d9a
458b4e66
458b4f33
458b5000
458b50cd
458b519a
458b5266
458b5333
458b5400
458b54cd
458b559a
458b5666
458b5733
458b5800
458b58cd
458b599a
458b5a66
458b5b33
458b5c00
458b5ccd
458b5d9a
458b5e66
458b5f33
458b6000
458b60cd
458b619a
458b6266
458b6333
458b6400
458b64cd
458b659a
458b6666
458b6733
458b6800
458b68cd
458b699a
458b6a66
458b6b33
458b6c00
458b6ccd
458b6d9a
458b6e66
458b6f33
458b7000
458b70cd
458b719a
458b7266
458b7333
458b7400
458b74cd
458b759a
458b7666
458b7733
458b7800
458b78cd
458b799a
458b7a66
458b7b33
458b7c00
458b7ccd
458b7d9a
458b7e66
458b7f33
458b8000
458b80cd
458b819a
458b8266
458b8333
458b8400
458b84cd
458b859a
458b8666
458b8733
458b8800
458b88cd
458b899a
458b8a66
458b8b33
458b8c00
458b8ccd
458b8d9a
458b8e66
458b8f33
458b9000
458b90cd
458b919a
458b9266
458b9333
458b9400
458b94cd
458b959a
458b9666
458b9733
458b9800
458b98cd
458b999a
458b9a66
458b9b33
458b9c00
458b9ccd
458b9d9a
458b9e66
458b9f33
458ba000
458ba0cd
458ba19a
458ba266
458ba333
458ba400
458ba4cd
458ba59a
458ba666
458ba733
458ba800
458ba8cd
458ba99a
458baa66
458bab33
458bac00
458baccd
458bad9a
458bae66
458baf33
458bb000
458bb0cd
458bb19a
458bb266
458bb333
458bb400
458bb4cd
458bb59a
458bb666
458bb733
458bb800
458bb8cd
458bb99a
458bba66
458bbb33
458bbc00
458bbccd
458bbd9a
458bbe66
458bbf33
458bc000
458bc0cd
458bc19a
458bc266
458bc333
458bc400
458bc4cd
458bc59a
458bc666
458bc733
458bc800
458bc8cd
458bc99a
458bca66
458bcb33
458bcc00
458bcccd
458bcd9a
458bce66
458bcf33
458bd000
458bd0cd
458bd19a
458bd266
458bd333
458bd400
458bd4cd
458bd59a
458bd666
458bd733
458bd800
458bd8cd
458bd99a
458bda66
458bdb33
458bdc00
458bdccd
458bdd9a
458bde66
458bdf33
458be000
458be0cd
458be19a
458be266
458be333
458be400
458be4cd
458be59a
458be666
458be733
458be800
458be8cd
458be99a
458bea66
458beb33
458bec00
458beccd
458bed9a
458bee66
458bef33
458bf000
458bf0cd
458bf19a
458bf266
458bf333
458bf400
458bf4cd
458bf59a
458bf666
458bf733
458bf800
458bf8cd
458bf99a
458bfa66
458bfb33
458bfc00
458bfccd
458bfd9a
458bfe66
458bff33
458c0000
458c00cd
458c019a
458c0266
458c0333
458c0400
458c04cd
458c059a
458c0666
458c0733
458c0800
458c08cd
458c099a
458c0a66
458c0b33
458c0c00
458c0ccd
458c0d9a
458c0e66
458c0f33
458c1000
458c10cd
458c119a
458c1266
458c1333
458c1400
458c14cd
458c159a
458c1666
458c1733
458c1800
458c18cd
458c199a
458c1a66
458c1b33
458c1c00
458c1ccd
458c1d9a
458c1e66
458c1f33
458c2000
458c20cd
458c219a
458c2266
458c2333
458c2400
458c24cd
458c259a
458c2666
458c2733
458c2800
458c28cd
458c299a
458c2a66
458c2b33
458c2c00
458c2ccd
458c2d9a
458c2e66
458c2f33
458c3000
458c30cd
458c319a
458c3266
458c3333
458c3400
458c34cd
458c359a
458c3666
458c3733
458c3800
458c38cd
458c399a
458c3a66
458c3b33
458c3c00
458c3ccd
458c3d9a
458c3e66
458c3f33
458c4000
458c40cd
458c419a
458c4266
458c4333
458c4400
458c44cd
458c459a
458c4666
458c4733
458c4800
458c48cd
458c499a
458c4a66
458c4b33
458c4c00
458c4ccd
458c4d9a
458c4e66
458c4f33
458c5000
458c50cd
458c519a
458c5266
458c5333
458c5400
458c54cd
458c559a
458c5666
458c5733
458c5800
458c58cd
458c599a
458c5a66
458c5b33
458c5c00
458c5ccd
458c5d9a
458c5e66
458c5f33
458c6000
458c60cd
458c619a
458c6266
458c6333
458c6400
458c64cd
458c659a
458c6666
458c6733
458c6800
458c68cd
458c699a
458c6a66
458c6b33
458c6c00
458c6ccd
458c6d9a
458c6e66
458c6f33
458c7000
458c70cd
458c719a
458c7266
458c7333
458c7400
458c74cd
458c759a
458c7666
458c7733
458c7800
458c78cd
458c799a
458c7a66
458c7b33
458c7c00
458c7ccd
458c7d9a
458c7e66
458c7f33
458c8000
458c80cd
458c819a
458c8266
458c8333
458c8400
458c84cd
458c859a
458c8666
458c8733
458c8800
458c88cd
458c899a
458c8a66
458c8b33
458c8c00
458c8ccd
458c8d9a
458c8e66
458c8f33
458c9000
458c90cd
458c919a
458c9266
458c9333
458c9400
458c94cd
458c959a
458c9666
458c9733
458c9800
458c98cd
458c999a
458c9a66
458c9b33
458c9c00
458c9ccd
458c9d9a
458c9e66
458c9f33
458ca000
458ca0cd
458ca19a
458ca266
458ca333
458ca400
458ca4cd
458ca59a
458ca666
458ca733
458ca800
458ca8cd
458ca99a
458caa66
458cab33
458cac00
458caccd
458cad9a
458cae66
458caf33
458cb000
458cb0cd
458cb19a
458cb266
458cb333
458cb400
458cb4cd
458cb59a
458cb666
458cb733
458cb800
458cb8cd
458cb99a
458cba66
458cbb33
458cbc00
458cbccd
458cbd9a
458cbe66
458cbf33
458cc000
458cc0cd
458cc19a
458cc266
458cc333
458cc400
458cc4cd
458cc59a
458cc666
458cc733
458cc800
458cc8cd
458cc99a
458cca66
458ccb33
458ccc00
458ccccd
458ccd9a
458cce66
458ccf33
458cd000
458cd0cd
458cd19a
458cd266
458cd333
458cd400
458cd4cd
458cd59a
458cd666
458cd733
458cd800
458cd8cd
458cd99a
458cda66
458cdb33
458cdc00
458cdccd
458cdd9a
458cde66
458cdf33
458ce000
458ce0cd
458ce19a
458ce266
458ce333
458ce400
458ce4cd
458ce59a
458ce666
458ce733
458ce800
458ce8cd
458ce99a
458cea66
458ceb33
458cec00
458ceccd
458ced9a
458cee66
458cef33
458cf000
458cf0cd
458cf19a
458cf266
458cf333
458cf400
458cf4cd
458cf59a
458cf666
458cf733
458cf800
458cf8cd
458cf99a
458cfa66
458cfb33
458cfc00
458cfccd
458cfd9a
458cfe66
458cff33
458d0000
458d00cd
458d019a
458d0266
458d0333
458d0400
458d04cd
458d059a
458d0666
458d0733
458d0800
458d08cd
458d099a
458d0a66
458d0b33
458d0c00
458d0ccd
458d0d9a
458d0e66
458d0f33
458d1000
458d10cd
458d119a
458d1266
458d1333
458d1400
458d14cd
458d159a
458d1666
458d1733
458d1800
458d18cd
458d199a
458d1a66
458d1b33
458d1c00
458d1ccd
458d1d9a
458d1e66
458d1f33
458d2000
458d20cd
458d219a
458d2266
458d2333
458d2400
458d24cd
458d259a
458d2666
458d2733
458d2800
458d28cd
458d299a
458d2a66
458d2b33
458d2c00
458d2ccd
458d2d9a
458d2e66
458d2f33
458d3000
458d30cd
458d319a
458d3266
458d3333
458d3400
458d34cd
458d359a
458d3666
458d3733
458d3800
458d38cd
458d399a
458d3a66
458d3b33
458d3c00
458d3ccd
458d3d9a
458d3e66
458d3f33
458d4000
458d40cd
458d419a
458d4266
458d4333
458d4400
458d44cd
458d459a
458d4666
458d4733
458d4800
458d48cd
458d499a
458d4a66
458d4b33
458d4c00
458d4ccd
458d4d9a
458d4e66
458d4f33
458d5000
458d50cd
458d519a
458d5266
458d5333
458d5400
458d54cd
458d559a
458d5666
458d5733
458d5800
458d58cd
458d599a
458d5a66
458d5b33
458d5c00
458d5ccd
458d5d9a
458d5e66
458d5f33
458d6000
458d60cd
458d619a
458d6266
458d6333
458d6400
458d64cd
458d659a
458d6666
458d6733
458d6800
458d68cd
458d699a
458d6a66
458d6b33
458d6c00
458d6ccd
458d6d9a
458d6e66
458d6f33
458d7000
458d70cd
458d719a
458d7266
458d7333
458d7400
458d74cd
458d759a
458d7666
458d7733
458d7800
458d78cd
458d799a
458d7a66
458d7b33
458d7c00
458d7ccd
458d7d9a
458d7e66
458d7f33
458d8000
458d80cd
458d819a
458d8266
458d8333
458d8400
458d84cd
458d859a
458d8666
458d8733
458d8800
458d88cd
458d899a
458d8a66
458d8b33
458d8c00
458d8ccd
458d8d9a
458d8e66
458d8f33
458d9000
458d90cd
458d919a
458d9266
458d9333
458d9400
458d94cd
458d959a
458d9666
458d9733
458d9800
458d98cd
458d999a
458d9a66
458d9b33
458d9c00
458d9ccd
458d9d9a
458d9e66
458d9f33
458da000
458da0cd
458da19a
458da266
458da333
458da400
458da4cd
458da59a
458da666
458da733
458da800
458da8cd
458da99a
458daa66
458dab33
458dac00
458daccd
458dad9a
458dae66
458daf33
458db000
458db0cd
458db19a
458db266
458db333
458db400
458db4cd
458db59a
458db666
458db733
458db800
458db8cd
458db99a
458dba66
458dbb33
458dbc00
458dbccd
458dbd9a
458dbe66
458dbf33
458dc000
458dc0cd
458dc19a
458dc266
458dc333
458dc400
458dc4cd
458dc59a
458dc666
458dc733
458dc800
458dc8cd
458dc99a
458dca66
458dcb33
458dcc00
458dcccd
458dcd9a
458dce66
458dcf33
458dd000
458dd0cd
458dd19a
458dd266
458dd333
458dd400
458dd4cd
458dd59a
458dd666
458dd733
458dd800
458dd8cd
458dd99a
458dda66
458ddb33
458ddc00
458ddccd
458ddd9a
458dde66
458ddf33
458de000
458de0cd
458de19a
458de266
458de333
458de400
458de4cd
458de59a
458de666
458de733
458de800
458de8cd
458de99a
458dea66
458deb33
458dec00
458deccd
458ded9a
458dee66
458def33
458df000
458df0cd
458df19a
458df266
458df333
458df400
458df4cd
458df59a
458df666
458df733
458df800
458df8cd
458df99a
458dfa66
458dfb33
458dfc00
458dfccd
458dfd9a
458dfe66
458dff33
458e0000
458e00cd
458e019a
458e0266
458e0333
458e0400
458e04cd
458e059a
458e0666
458e0733
458e0800
458e08cd
458e099a
458e0a66
458e0b33
458e0c00
458e0ccd
458e0d9a
458e0e66
458e0f33
458e1000
458e10cd
458e119a
458e1266
458e1333
458e1400
458e14cd
458e159a
458e1666
458e1733
458e1800
458e18cd
458e199a
458e1a66
458e1b33
458e1c00
458e1ccd
458e1d9a
458e1e66
458e1f33
458e2000
458e20cd
458e219a
458e2266
458e2333
458e2400
458e24cd
458e259a
458e2666
458e2733
458e2800
458e28cd
458e299a
458e2a66
458e2b33
458e2c00
458e2ccd
458e2d9a
458e2e66
458e2f33
458e3000
458e30cd
458e319a
458e3266
458e3333
458e3400
458e34cd
458e359a
458e3666
458e3733
458e3800
458e38cd
458e399a
458e3a66
458e3b33
458e3c00
458e3ccd
458e3d9a
458e3e66
458e3f33
458e4000
458e40cd
458e419a
458e4266
458e4333
458e4400
458e44cd
458e459a
458e4666
458e4733
458e4800
458e48cd
458e499a
458e4a66
458e4b33
458e4c00
458e4ccd
458e4d9a
458e4e66
458e4f33
458e5000
458e50cd
458e519a
458e5266
458e5333
458e5400
458e54cd
458e559a
458e5666
458e5733
458e5800
458e58cd
458e599a
458e5a66
458e5b33
458e5c00
458e5ccd
458e5d9a
458e5e66
458e5f33
458e6000
458e60cd
458e619a
458e6266
458e6333
458e6400
458e64cd
458e659a
458e6666
458e6733
458e6800
458e68cd
458e699a
458e6a66
458e6b33
458e6c00
458e6ccd
458e6d9a
458e6e66
458e6f33
458e7000
458e70cd
458e719a
458e7266
458e7333
458e7400
458e74cd
458e759a
458e7666
458e7733
458e7800
458e78cd
458e799a
458e7a66
458e7b33
458e7c00
458e7ccd
458e7d9a
458e7e66
458e7f33
458e8000
458e80cd
458e819a
458e8266
458e8333
458e8400
458e84cd
458e859a
458e8666
458e8733
458e8800
458e88cd
458e899a
458e8a66
458e8b33
458e8c00
458e8ccd
458e8d9a
458e8e66
458e8f33
458e9000
458e90cd
458e919a
458e9266
458e9333
458e9400
458e94cd
458e959a
458e9666
458e9733
458e9800
458e98cd
458e999a
458e9a66
458e9b33
458e9c00
458e9ccd
458e9d9a
458e9e66
458e9f33
458ea000
458ea0cd
458ea19a
458ea266
458ea333
458ea400
458ea4cd
458ea59a
458ea666
458ea733
458ea800
458ea8cd
458ea99a
458eaa66
458eab33
458eac00
458eaccd
458ead9a
458eae66
458eaf33
458eb000
458eb0cd
458eb19a
458eb266
458eb333
458eb400
458eb4cd
458eb59a
458eb666
458eb733
458eb800
458eb8cd
458eb99a
458eba66
458ebb33
458ebc00
458ebccd
458ebd9a
458ebe66
458ebf33
458ec000
458ec0cd
458ec19a
458ec266
458ec333
458ec400
458ec4cd
458ec59a
458ec666
458ec733
458ec800
458ec8cd
458ec99a
458eca66
458ecb33
458ecc00
458ecccd
458ecd9a
458ece66
458ecf33
458ed000
458ed0cd
458ed19a
458ed266
458ed333
458ed400
458ed4cd
458ed59a
458ed666
458ed733
458ed800
458ed8cd
458ed99a
458eda66
458edb33
458edc00
458edccd
458edd9a
458ede66
458edf33
458ee000
458ee0cd
458ee19a
458ee266
458ee333
458ee400
458ee4cd
458ee59a
458ee666
458ee733
458ee800
458ee8cd
458ee99a
458eea66
458eeb33
458eec00
458eeccd
458eed9a
458eee66
458eef33
458ef000
458ef0cd
458ef19a
458ef266
458ef333
458ef400
458ef4cd
458ef59a
458ef666
458ef733
458ef800
458ef8cd
458ef99a
458efa66
458efb33
458efc00
458efccd
458efd9a
458efe66
458eff33
458f0000
458f00cd
458f019a
458f0266
458f0333
458f0400
458f04cd
458f059a
458f0666
458f0733
458f0800
458f08cd
458f099a
458f0a66
458f0b33
458f0c00
458f0ccd
458f0d9a
458f0e66
458f0f33
458f1000
458f10cd
458f119a
458f1266
458f1333
458f1400
458f14cd
458f159a
458f1666
458f1733
458f1800
458f18cd
458f199a
458f1a66
458f1b33
458f1c00
458f1ccd
458f1d9a
458f1e66
458f1f33
458f2000
458f20cd
458f219a
458f2266
458f2333
458f2400
458f24cd
458f259a
458f2666
458f2733
458f2800
458f28cd
458f299a
458f2a66
458f2b33
458f2c00
458f2ccd
458f2d9a
458f2e66
458f2f33
458f3000
458f30cd
458f319a
458f3266
458f3333
458f3400
458f34cd
458f359a
458f3666
458f3733
458f3800
458f38cd
458f399a
458f3a66
458f3b33
458f3c00
458f3ccd
458f3d9a
458f3e66
458f3f33
458f4000
458f40cd
458f419a
458f4266
458f4333
458f4400
458f44cd
458f459a
458f4666
458f4733
458f4800
458f48cd
458f499a
458f4a66
458f4b33
458f4c00
458f4ccd
458f4d9a
458f4e66
458f4f33
458f5000
458f50cd
458f519a
458f5266
458f5333
458f5400
458f54cd
458f559a
458f5666
458f5733
458f5800
458f58cd
458f599a
458f5a66
458f5b33
458f5c00
458f5ccd
458f5d9a
458f5e66
458f5f33
458f6000
458f60cd
458f619a
458f6266
458f6333
458f6400
458f64cd
458f659a
458f6666
458f6733
458f6800
458f68cd
458f699a
458f6a66
458f6b33
458f6c00
458f6ccd
458f6d9a
458f6e66
458f6f33
458f7000
458f70cd
458f719a
458f7266
458f7333
458f7400
458f74cd
458f759a
458f7666
458f7733
458f7800
458f78cd
458f799a
458f7a66
458f7b33
458f7c00
458f7ccd
458f7d9a
458f7e66
458f7f33
458f8000
458f80cd
458f819a
458f8266
458f8333
458f8400
458f84cd
458f859a
458f8666
458f8733
458f8800
458f88cd
458f899a
458f8a66
458f8b33
458f8c00
458f8ccd
458f8d9a
458f8e66
458f8f33
458f9000
458f90cd
458f919a
458f9266
458f9333
458f9400
458f94cd
458f959a
458f9666
458f9733
458f9800
458f98cd
458f999a
458f9a66
458f9b33
458f9c00
458f9ccd
458f9d9a
458f9e66
458f9f33
458fa000
458fa0cd
458fa19a
458fa266
458fa333
458fa400
458fa4cd
458fa59a
458fa666
458fa733
458fa800
458fa8cd
458fa99a
458faa66
458fab33
458fac00
458faccd
458fad9a
458fae66
458faf33
458fb000
458fb0cd
458fb19a
458fb266
458fb333
458fb400
458fb4cd
458fb59a
458fb666
458fb733
458fb800
458fb8cd
458fb99a
458fba66
458fbb33
458fbc00
458fbccd
458fbd9a
458fbe66
458fbf33
458fc000
458fc0cd
458fc19a
458fc266
458fc333
458fc400
458fc4cd
458fc59a
458fc666
458fc733
458fc800
458fc8cd
458fc99a
458fca66
458fcb33
458fcc00
458fcccd
458fcd9a
458fce66
458fcf33
458fd000
458fd0cd
458fd19a
458fd266
458fd333
458fd400
458fd4cd
458fd59a
458fd666
458fd733
458fd800
458fd8cd
458fd99a
458fda66
458fdb33
458fdc00
458fdccd
458fdd9a
458fde66
458fdf33
458fe000
458fe0cd
458fe19a
458fe266
458fe333
458fe400
458fe4cd
458fe59a
458fe666
458fe733
458fe800
458fe8cd
458fe99a
458fea66
458feb33
458fec00
458feccd
458fed9a
458fee66
458fef33
458ff000
458ff0cd
458ff19a
458ff266
458ff333
458ff400
458ff4cd
458ff59a
458ff666
458ff733
458ff800
458ff8cd
458ff99a
458ffa66
458ffb33
458ffc00
458ffccd
458ffd9a
458ffe66
458fff33
45900000
459000cd
4590019a
45900266
45900333
45900400
459004cd
4590059a
45900666
45900733
45900800
459008cd
4590099a
45900a66
45900b33
45900c00
45900ccd
45900d9a
45900e66
45900f33
45901000
459010cd
4590119a
45901266
45901333
45901400
459014cd
4590159a
45901666
45901733
45901800
459018cd
4590199a
45901a66
45901b33
45901c00
45901ccd
45901d9a
45901e66
45901f33
45902000
459020cd
4590219a
45902266
45902333
45902400
459024cd
4590259a
45902666
45902733
45902800
459028cd
4590299a
45902a66
45902b33
45902c00
45902ccd
45902d9a
45902e66
45902f33
45903000
459030cd
4590319a
45903266
45903333
45903400
459034cd
4590359a
45903666
45903733
45903800
459038cd
4590399a
45903a66
45903b33
45903c00
45903ccd
45903d9a
45903e66
45903f33
45904000
459040cd
4590419a
45904266
45904333
45904400
459044cd
4590459a
45904666
45904733
45904800
459048cd
4590499a
45904a66
45904b33
45904c00
45904ccd
45904d9a
45904e66
45904f33
45905000
459050cd
4590519a
45905266
45905333
45905400
459054cd
4590559a
45905666
45905733
45905800
459058cd
4590599a
45905a66
45905b33
45905c00
45905ccd
45905d9a
45905e66
45905f33
45906000
459060cd
4590619a
45906266
45906333
45906400
459064cd
4590659a
45906666
45906733
45906800
459068cd
4590699a
45906a66
45906b33
45906c00
45906ccd
45906d9a
45906e66
45906f33
45907000
459070cd
4590719a
45907266
45907333
45907400
459074cd
4590759a
45907666
45907733
45907800
459078cd
4590799a
45907a66
45907b33
45907c00
45907ccd
45907d9a
45907e66
45907f33
45908000
459080cd
4590819a
45908266
45908333
45908400
459084cd
4590859a
45908666
45908733
45908800
459088cd
4590899a
45908a66
45908b33
45908c00
45908ccd
45908d9a
45908e66
45908f33
45909000
459090cd
4590919a
45909266
45909333
45909400
459094cd
4590959a
45909666
45909733
45909800
459098cd
4590999a
45909a66
45909b33
45909c00
45909ccd
45909d9a
45909e66
45909f33
4590a000
4590a0cd
4590a19a
4590a266
4590a333
4590a400
4590a4cd
4590a59a
4590a666
4590a733
4590a800
4590a8cd
4590a99a
4590aa66
4590ab33
4590ac00
4590accd
4590ad9a
4590ae66
4590af33
4590b000
4590b0cd
4590b19a
4590b266
4590b333
4590b400
4590b4cd
4590b59a
4590b666
4590b733
4590b800
4590b8cd
4590b99a
4590ba66
4590bb33
4590bc00
4590bccd
4590bd9a
4590be66
4590bf33
4590c000
4590c0cd
4590c19a
4590c266
4590c333
4590c400
4590c4cd
4590c59a
4590c666
4590c733
4590c800
4590c8cd
4590c99a
4590ca66
4590cb33
4590cc00
4590cccd
4590cd9a
4590ce66
4590cf33
4590d000
4590d0cd
4590d19a
4590d266
4590d333
4590d400
4590d4cd
4590d59a
4590d666
4590d733
4590d800
4590d8cd
4590d99a
4590da66
4590db33
4590dc00
4590dccd
4590dd9a
4590de66
4590df33
4590e000
4590e0cd
4590e19a
4590e266
4590e333
4590e400
4590e4cd
4590e59a
4590e666
4590e733
4590e800
4590e8cd
4590e99a
4590ea66
4590eb33
4590ec00
4590eccd
4590ed9a
4590ee66
4590ef33
4590f000
4590f0cd
4590f19a
4590f266
4590f333
4590f400
4590f4cd
4590f59a
4590f666
4590f733
4590f800
4590f8cd
4590f99a
4590fa66
4590fb33
4590fc00
4590fccd
4590fd9a
4590fe66
4590ff33
45910000
459100cd
4591019a
45910266
45910333
45910400
459104cd
4591059a
45910666
45910733
45910800
459108cd
4591099a
45910a66
45910b33
45910c00
45910ccd
45910d9a
45910e66
45910f33
45911000
459110cd
4591119a
45911266
45911333
45911400
459114cd
4591159a
45911666
45911733
45911800
459118cd
4591199a
45911a66
45911b33
45911c00
45911ccd
45911d9a
45911e66
45911f33
45912000
459120cd
4591219a
45912266
45912333
45912400
459124cd
4591259a
45912666
45912733
45912800
459128cd
4591299a
45912a66
45912b33
45912c00
45912ccd
45912d9a
45912e66
45912f33
45913000
459130cd
4591319a
45913266
45913333
45913400
459134cd
4591359a
45913666
45913733
45913800
459138cd
4591399a
45913a66
45913b33
45913c00
45913ccd
45913d9a
45913e66
45913f33
45914000
459140cd
4591419a
45914266
45914333
45914400
459144cd
4591459a
45914666
45914733
45914800
459148cd
4591499a
45914a66
45914b33
45914c00
45914ccd
45914d9a
45914e66
45914f33
45915000
459150cd
4591519a
45915266
45915333
45915400
459154cd
4591559a
45915666
45915733
45915800
459158cd
4591599a
45915a66
45915b33
45915c00
45915ccd
45915d9a
45915e66
45915f33
45916000
459160cd
4591619a
45916266
45916333
45916400
459164cd
4591659a
45916666
45916733
45916800
459168cd
4591699a
45916a66
45916b33
45916c00
45916ccd
45916d9a
45916e66
45916f33
45917000
459170cd
4591719a
45917266
45917333
45917400
459174cd
4591759a
45917666
45917733
45917800
459178cd
4591799a
45917a66
45917b33
45917c00
45917ccd
45917d9a
45917e66
45917f33
45918000
459180cd
4591819a
45918266
45918333
45918400
459184cd
4591859a
45918666
45918733
45918800
459188cd
4591899a
45918a66
45918b33
45918c00
45918ccd
45918d9a
45918e66
45918f33
45919000
459190cd
4591919a
45919266
45919333
45919400
459194cd
4591959a
45919666
45919733
45919800
459198cd
4591999a
45919a66
45919b33
45919c00
45919ccd
45919d9a
45919e66
45919f33
4591a000
4591a0cd
4591a19a
4591a266
4591a333
4591a400
4591a4cd
4591a59a
4591a666
4591a733
4591a800
4591a8cd
4591a99a
4591aa66
4591ab33
4591ac00
4591accd
4591ad9a
4591ae66
4591af33
4591b000
4591b0cd
4591b19a
4591b266
4591b333
4591b400
4591b4cd
4591b59a
4591b666
4591b733
4591b800
4591b8cd
4591b99a
4591ba66
4591bb33
4591bc00
4591bccd
4591bd9a
4591be66
4591bf33
4591c000
4591c0cd
4591c19a
4591c266
4591c333
4591c400
4591c4cd
4591c59a
4591c666
4591c733
4591c800
4591c8cd
4591c99a
4591ca66
4591cb33
4591cc00
4591cccd
4591cd9a
4591ce66
4591cf33
4591d000
4591d0cd
4591d19a
4591d266
4591d333
4591d400
4591d4cd
4591d59a
4591d666
4591d733
4591d800
4591d8cd
4591d99a
4591da66
4591db33
4591dc00
4591dccd
4591dd9a
4591de66
4591df33
4591e000
4591e0cd
4591e19a
4591e266
4591e333
4591e400
4591e4cd
4591e59a
4591e666
4591e733
4591e800
4591e8cd
4591e99a
4591ea66
4591eb33
4591ec00
4591eccd
4591ed9a
4591ee66
4591ef33
4591f000
4591f0cd
4591f19a
4591f266
4591f333
4591f400
4591f4cd
4591f59a
4591f666
4591f733
4591f800
4591f8cd
4591f99a
4591fa66
4591fb33
4591fc00
4591fccd
4591fd9a
4591fe66
4591ff33
45920000
459200cd
4592019a
45920266
45920333
45920400
459204cd
4592059a
45920666
45920733
45920800
459208cd
4592099a
45920a66
45920b33
45920c00
45920ccd
45920d9a
45920e66
45920f33
45921000
459210cd
4592119a
45921266
45921333
45921400
459214cd
4592159a
45921666
45921733
45921800
459218cd
4592199a
45921a66
45921b33
45921c00
45921ccd
45921d9a
45921e66
45921f33
45922000
459220cd
4592219a
45922266
45922333
45922400
459224cd
4592259a
45922666
45922733
45922800
459228cd
4592299a
45922a66
45922b33
45922c00
45922ccd
45922d9a
45922e66
45922f33
45923000
459230cd
4592319a
45923266
45923333
45923400
459234cd
4592359a
45923666
45923733
45923800
459238cd
4592399a
45923a66
45923b33
45923c00
45923ccd
45923d9a
45923e66
45923f33
45924000
459240cd
4592419a
45924266
45924333
45924400
459244cd
4592459a
45924666
45924733
45924800
459248cd
4592499a
45924a66
45924b33
45924c00
45924ccd
45924d9a
45924e66
45924f33
45925000
459250cd
4592519a
45925266
45925333
45925400
459254cd
4592559a
45925666
45925733
45925800
459258cd
4592599a
45925a66
45925b33
45925c00
45925ccd
45925d9a
45925e66
45925f33
45926000
459260cd
4592619a
45926266
45926333
45926400
459264cd
4592659a
45926666
45926733
45926800
459268cd
4592699a
45926a66
45926b33
45926c00
45926ccd
45926d9a
45926e66
45926f33
45927000
459270cd
4592719a
45927266
45927333
45927400
459274cd
4592759a
45927666
45927733
45927800
459278cd
4592799a
45927a66
45927b33
45927c00
45927ccd
45927d9a
45927e66
45927f33
45928000
459280cd
4592819a
45928266
45928333
45928400
459284cd
4592859a
45928666
45928733
45928800
459288cd
4592899a
45928a66
45928b33
45928c00
45928ccd
45928d9a
45928e66
45928f33
45929000
459290cd
4592919a
45929266
45929333
45929400
459294cd
4592959a
45929666
45929733
45929800
459298cd
4592999a
45929a66
45929b33
45929c00
45929ccd
45929d9a
45929e66
45929f33
4592a000
4592a0cd
4592a19a
4592a266
4592a333
4592a400
4592a4cd
4592a59a
4592a666
4592a733
4592a800
4592a8cd
4592a99a
4592aa66
4592ab33
4592ac00
4592accd
4592ad9a
4592ae66
4592af33
4592b000
4592b0cd
4592b19a
4592b266
4592b333
4592b400
4592b4cd
4592b59a
4592b666
4592b733
4592b800
4592b8cd
4592b99a
4592ba66
4592bb33
4592bc00
4592bccd
4592bd9a
4592be66
4592bf33
4592c000
4592c0cd
4592c19a
4592c266
4592c333
4592c400
4592c4cd
4592c59a
4592c666
4592c733
4592c800
4592c8cd
4592c99a
4592ca66
4592cb33
4592cc00
4592cccd
4592cd9a
4592ce66
4592cf33
4592d000
4592d0cd
4592d19a
4592d266
4592d333
4592d400
4592d4cd
4592d59a
4592d666
4592d733
4592d800
4592d8cd
4592d99a
4592da66
4592db33
4592dc00
4592dccd
4592dd9a
4592de66
4592df33
4592e000
4592e0cd
4592e19a
4592e266
4592e333
4592e400
4592e4cd
4592e59a
4592e666
4592e733
4592e800
4592e8cd
4592e99a
4592ea66
4592eb33
4592ec00
4592eccd
4592ed9a
4592ee66
4592ef33
4592f000
4592f0cd
4592f19a
4592f266
4592f333
4592f400
4592f4cd
4592f59a
4592f666
4592f733
4592f800
4592f8cd
4592f99a
4592fa66
4592fb33
4592fc00
4592fccd
4592fd9a
4592fe66
4592ff33
45930000
459300cd
4593019a
45930266
45930333
45930400
459304cd
4593059a
45930666
45930733
45930800
459308cd
4593099a
45930a66
45930b33
45930c00
45930ccd
45930d9a
45930e66
45930f33
45931000
459310cd
4593119a
45931266
45931333
45931400
459314cd
4593159a
45931666
45931733
45931800
459318cd
4593199a
45931a66
45931b33
45931c00
45931ccd
45931d9a
45931e66
45931f33
45932000
459320cd
4593219a
45932266
45932333
45932400
459324cd
4593259a
45932666
45932733
45932800
459328cd
4593299a
45932a66
45932b33
45932c00
45932ccd
45932d9a
45932e66
45932f33
45933000
459330cd
4593319a
45933266
45933333
45933400
459334cd
4593359a
45933666
45933733
45933800
459338cd
4593399a
45933a66
45933b33
45933c00
45933ccd
45933d9a
45933e66
45933f33
45934000
459340cd
4593419a
45934266
45934333
45934400
459344cd
4593459a
45934666
45934733
45934800
459348cd
4593499a
45934a66
45934b33
45934c00
45934ccd
45934d9a
45934e66
45934f33
45935000
459350cd
4593519a
45935266
45935333
45935400
459354cd
4593559a
45935666
45935733
45935800
459358cd
4593599a
45935a66
45935b33
45935c00
45935ccd
45935d9a
45935e66
45935f33
45936000
459360cd
4593619a
45936266
45936333
45936400
459364cd
4593659a
45936666
45936733
45936800
459368cd
4593699a
45936a66
45936b33
45936c00
45936ccd
45936d9a
45936e66
45936f33
45937000
459370cd
4593719a
45937266
45937333
45937400
459374cd
4593759a
45937666
45937733
45937800
459378cd
4593799a
45937a66
45937b33
45937c00
45937ccd
45937d9a
45937e66
45937f33
45938000
459380cd
4593819a
45938266
45938333
45938400
459384cd
4593859a
45938666
45938733
45938800
459388cd
4593899a
45938a66
45938b33
45938c00
45938ccd
45938d9a
45938e66
45938f33
45939000
459390cd
4593919a
45939266
45939333
45939400
459394cd
4593959a
45939666
45939733
45939800
459398cd
4593999a
45939a66
45939b33
45939c00
45939ccd
45939d9a
45939e66
45939f33
4593a000
4593a0cd
4593a19a
4593a266
4593a333
4593a400
4593a4cd
4593a59a
4593a666
4593a733
4593a800
4593a8cd
4593a99a
4593aa66
4593ab33
4593ac00
4593accd
4593ad9a
4593ae66
4593af33
4593b000
4593b0cd
4593b19a
4593b266
4593b333
4593b400
4593b4cd
4593b59a
4593b666
4593b733
4593b800
4593b8cd
4593b99a
4593ba66
4593bb33
4593bc00
4593bccd
4593bd9a
4593be66
4593bf33
4593c000
4593c0cd
4593c19a
4593c266
4593c333
4593c400
4593c4cd
4593c59a
4593c666
4593c733
4593c800
4593c8cd
4593c99a
4593ca66
4593cb33
4593cc00
4593cccd
4593cd9a
4593ce66
4593cf33
4593d000
4593d0cd
4593d19a
4593d266
4593d333
4593d400
4593d4cd
4593d59a
4593d666
4593d733
4593d800
4593d8cd
4593d99a
4593da66
4593db33
4593dc00
4593dccd
4593dd9a
4593de66
4593df33
4593e000
4593e0cd
4593e19a
4593e266
4593e333
4593e400
4593e4cd
4593e59a
4593e666
4593e733
4593e800
4593e8cd
4593e99a
4593ea66
4593eb33
4593ec00
4593eccd
4593ed9a
4593ee66
4593ef33
4593f000
4593f0cd
4593f19a
4593f266
4593f333
4593f400
4593f4cd
4593f59a
4593f666
4593f733
4593f800
4593f8cd
4593f99a
4593fa66
4593fb33
4593fc00
4593fccd
4593fd9a
4593fe66
4593ff33
45940000
459400cd
4594019a
45940266
45940333
45940400
459404cd
4594059a
45940666
45940733
45940800
459408cd
4594099a
45940a66
45940b33
45940c00
45940ccd
45940d9a
45940e66
45940f33
45941000
459410cd
4594119a
45941266
45941333
45941400
459414cd
4594159a
45941666
45941733
45941800
459418cd
4594199a
45941a66
45941b33
45941c00
45941ccd
45941d9a
45941e66
45941f33
45942000
459420cd
4594219a
45942266
45942333
45942400
459424cd
4594259a
45942666
45942733
45942800
459428cd
4594299a
45942a66
45942b33
45942c00
45942ccd
45942d9a
45942e66
45942f33
45943000
459430cd
4594319a
45943266
45943333
45943400
459434cd
4594359a
45943666
45943733
45943800
459438cd
4594399a
45943a66
45943b33
45943c00
45943ccd
45943d9a
45943e66
45943f33
45944000
459440cd
4594419a
45944266
45944333
45944400
459444cd
4594459a
45944666
45944733
45944800
459448cd
4594499a
45944a66
45944b33
45944c00
45944ccd
45944d9a
45944e66
45944f33
45945000
459450cd
4594519a
45945266
45945333
45945400
459454cd
4594559a
45945666
45945733
45945800
459458cd
4594599a
45945a66
45945b33
45945c00
45945ccd
45945d9a
45945e66
45945f33
45946000
459460cd
4594619a
45946266
45946333
45946400
459464cd
4594659a
45946666
45946733
45946800
459468cd
4594699a
45946a66
45946b33
45946c00
45946ccd
45946d9a
45946e66
45946f33
45947000
459470cd
4594719a
45947266
45947333
45947400
459474cd
4594759a
45947666
45947733
45947800
459478cd
4594799a
45947a66
45947b33
45947c00
45947ccd
45947d9a
45947e66
45947f33
45948000
459480cd
4594819a
45948266
45948333
45948400
459484cd
4594859a
45948666
45948733
45948800
459488cd
4594899a
45948a66
45948b33
45948c00
45948ccd
45948d9a
45948e66
45948f33
45949000
459490cd
4594919a
45949266
45949333
45949400
459494cd
4594959a
45949666
45949733
45949800
459498cd
4594999a
45949a66
45949b33
45949c00
45949ccd
45949d9a
45949e66
45949f33
4594a000
4594a0cd
4594a19a
4594a266
4594a333
4594a400
4594a4cd
4594a59a
4594a666
4594a733
4594a800
4594a8cd
4594a99a
4594aa66
4594ab33
4594ac00
4594accd
4594ad9a
4594ae66
4594af33
4594b000
4594b0cd
4594b19a
4594b266
4594b333
4594b400
4594b4cd
4594b59a
4594b666
4594b733
4594b800
4594b8cd
4594b99a
4594ba66
4594bb33
4594bc00
4594bccd
4594bd9a
4594be66
4594bf33
4594c000
4594c0cd
4594c19a
4594c266
4594c333
4594c400
4594c4cd
4594c59a
4594c666
4594c733
4594c800
4594c8cd
4594c99a
4594ca66
4594cb33
4594cc00
4594cccd
4594cd9a
4594ce66
4594cf33
4594d000
4594d0cd
4594d19a
4594d266
4594d333
4594d400
4594d4cd
4594d59a
4594d666
4594d733
4594d800
4594d8cd
4594d99a
4594da66
4594db33
4594dc00
4594dccd
4594dd9a
4594de66
4594df33
4594e000
4594e0cd
4594e19a
4594e266
4594e333
4594e400
4594e4cd
4594e59a
4594e666
4594e733
4594e800
4594e8cd
4594e99a
4594ea66
4594eb33
4594ec00
4594eccd
4594ed9a
4594ee66
4594ef33
4594f000
4594f0cd
4594f19a
4594f266
4594f333
4594f400
4594f4cd
4594f59a
4594f666
4594f733
4594f800
4594f8cd
4594f99a
4594fa66
4594fb33
4594fc00
4594fccd
4594fd9a
4594fe66
4594ff33
45950000
459500cd
4595019a
45950266
45950333
45950400
459504cd
4595059a
45950666
45950733
45950800
459508cd
4595099a
45950a66
45950b33
45950c00
45950ccd
45950d9a
45950e66
45950f33
45951000
459510cd
4595119a
45951266
45951333
45951400
459514cd
4595159a
45951666
45951733
45951800
459518cd
4595199a
45951a66
45951b33
45951c00
45951ccd
45951d9a
45951e66
45951f33
45952000
459520cd
4595219a
45952266
45952333
45952400
459524cd
4595259a
45952666
45952733
45952800
459528cd
4595299a
45952a66
45952b33
45952c00
45952ccd
45952d9a
45952e66
45952f33
45953000
459530cd
4595319a
45953266
45953333
45953400
459534cd
4595359a
45953666
45953733
45953800
459538cd
4595399a
45953a66
45953b33
45953c00
45953ccd
45953d9a
45953e66
45953f33
45954000
459540cd
4595419a
45954266
45954333
45954400
459544cd
4595459a
45954666
45954733
45954800
459548cd
4595499a
45954a66
45954b33
45954c00
45954ccd
45954d9a
45954e66
45954f33
45955000
459550cd
4595519a
45955266
45955333
45955400
459554cd
4595559a
45955666
45955733
45955800
459558cd
4595599a
45955a66
45955b33
45955c00
45955ccd
45955d9a
45955e66
45955f33
45956000
459560cd
4595619a
45956266
45956333
45956400
459564cd
4595659a
45956666
45956733
45956800
459568cd
4595699a
45956a66
45956b33
45956c00
45956ccd
45956d9a
45956e66
45956f33
45957000
459570cd
4595719a
45957266
45957333
45957400
459574cd
4595759a
45957666
45957733
45957800
459578cd
4595799a
45957a66
45957b33
45957c00
45957ccd
45957d9a
45957e66
45957f33
45958000
459580cd
4595819a
45958266
45958333
45958400
459584cd
4595859a
45958666
45958733
45958800
459588cd
4595899a
45958a66
45958b33
45958c00
45958ccd
45958d9a
45958e66
45958f33
45959000
459590cd
4595919a
45959266
45959333
45959400
459594cd
4595959a
45959666
45959733
45959800
459598cd
4595999a
45959a66
45959b33
45959c00
45959ccd
45959d9a
45959e66
45959f33
4595a000
4595a0cd
4595a19a
4595a266
4595a333
4595a400
4595a4cd
4595a59a
4595a666
4595a733
4595a800
4595a8cd
4595a99a
4595aa66
4595ab33
4595ac00
4595accd
4595ad9a
4595ae66
4595af33
4595b000
4595b0cd
4595b19a
4595b266
4595b333
4595b400
4595b4cd
4595b59a
4595b666
4595b733
4595b800
4595b8cd
4595b99a
4595ba66
4595bb33
4595bc00
4595bccd
4595bd9a
4595be66
4595bf33
4595c000
4595c0cd
4595c19a
4595c266
4595c333
4595c400
4595c4cd
4595c59a
4595c666
4595c733
4595c800
4595c8cd
4595c99a
4595ca66
4595cb33
4595cc00
4595cccd
4595cd9a
4595ce66
4595cf33
4595d000
4595d0cd
4595d19a
4595d266
4595d333
4595d400
4595d4cd
4595d59a
4595d666
4595d733
4595d800
4595d8cd
4595d99a
4595da66
4595db33
4595dc00
4595dccd
4595dd9a
4595de66
4595df33
4595e000
4595e0cd
4595e19a
4595e266
4595e333
4595e400
4595e4cd
4595e59a
4595e666
4595e733
4595e800
4595e8cd
4595e99a
4595ea66
4595eb33
4595ec00
4595eccd
4595ed9a
4595ee66
4595ef33
4595f000
4595f0cd
4595f19a
4595f266
4595f333
4595f400
4595f4cd
4595f59a
4595f666
4595f733
4595f800
4595f8cd
4595f99a
4595fa66
4595fb33
4595fc00
4595fccd
4595fd9a
4595fe66
4595ff33
45960000
459600cd
4596019a
45960266
45960333
45960400
459604cd
4596059a
45960666
45960733
45960800
459608cd
4596099a
45960a66
45960b33
45960c00
45960ccd
45960d9a
45960e66
45960f33
45961000
459610cd
4596119a
45961266
45961333
45961400
459614cd
4596159a
45961666
45961733
45961800
459618cd
4596199a
45961a66
45961b33
45961c00
45961ccd
45961d9a
45961e66
45961f33
45962000
459620cd
4596219a
45962266
45962333
45962400
459624cd
4596259a
45962666
45962733
45962800
459628cd
4596299a
45962a66
45962b33
45962c00
45962ccd
45962d9a
45962e66
45962f33
45963000
459630cd
4596319a
45963266
45963333
45963400
459634cd
4596359a
45963666
45963733
45963800
459638cd
4596399a
45963a66
45963b33
45963c00
45963ccd
45963d9a
45963e66
45963f33
45964000
459640cd
4596419a
45964266
45964333
45964400
459644cd
4596459a
45964666
45964733
45964800
459648cd
4596499a
45964a66
45964b33
45964c00
45964ccd
45964d9a
45964e66
45964f33
45965000
459650cd
4596519a
45965266
45965333
45965400
459654cd
4596559a
45965666
45965733
45965800
459658cd
4596599a
45965a66
45965b33
45965c00
45965ccd
45965d9a
45965e66
45965f33
45966000
459660cd
4596619a
45966266
45966333
45966400
459664cd
4596659a
45966666
45966733
45966800
459668cd
4596699a
45966a66
45966b33
45966c00
45966ccd
45966d9a
45966e66
45966f33
45967000
459670cd
4596719a
45967266
45967333
45967400
459674cd
4596759a
45967666
45967733
45967800
459678cd
4596799a
45967a66
45967b33
45967c00
45967ccd
45967d9a
45967e66
45967f33
45968000
459680cd
4596819a
45968266
45968333
45968400
459684cd
4596859a
45968666
45968733
45968800
459688cd
4596899a
45968a66
45968b33
45968c00
45968ccd
45968d9a
45968e66
45968f33
45969000
459690cd
4596919a
45969266
45969333
45969400
459694cd
4596959a
45969666
45969733
45969800
459698cd
4596999a
45969a66
45969b33
45969c00
45969ccd
45969d9a
45969e66
45969f33
4596a000
4596a0cd
4596a19a
4596a266
4596a333
4596a400
4596a4cd
4596a59a
4596a666
4596a733
4596a800
4596a8cd
4596a99a
4596aa66
4596ab33
4596ac00
4596accd
4596ad9a
4596ae66
4596af33
4596b000
4596b0cd
4596b19a
4596b266
4596b333
4596b400
4596b4cd
4596b59a
4596b666
4596b733
4596b800
4596b8cd
4596b99a
4596ba66
4596bb33
4596bc00
4596bccd
4596bd9a
4596be66
4596bf33
4596c000
4596c0cd
4596c19a
4596c266
4596c333
4596c400
4596c4cd
4596c59a
4596c666
4596c733
4596c800
4596c8cd
4596c99a
4596ca66
4596cb33
4596cc00
4596cccd
4596cd9a
4596ce66
4596cf33
4596d000
4596d0cd
4596d19a
4596d266
4596d333
4596d400
4596d4cd
4596d59a
4596d666
4596d733
4596d800
4596d8cd
4596d99a
4596da66
4596db33
4596dc00
4596dccd
4596dd9a
4596de66
4596df33
4596e000
4596e0cd
4596e19a
4596e266
4596e333
4596e400
4596e4cd
4596e59a
4596e666
4596e733
4596e800
4596e8cd
4596e99a
4596ea66
4596eb33
4596ec00
4596eccd
4596ed9a
4596ee66
4596ef33
4596f000
4596f0cd
4596f19a
4596f266
4596f333
4596f400
4596f4cd
4596f59a
4596f666
4596f733
4596f800
4596f8cd
4596f99a
4596fa66
4596fb33
4596fc00
4596fccd
4596fd9a
4596fe66
4596ff33
45970000
459700cd
4597019a
45970266
45970333
45970400
459704cd
4597059a
45970666
45970733
45970800
459708cd
4597099a
45970a66
45970b33
45970c00
45970ccd
45970d9a
45970e66
45970f33
45971000
459710cd
4597119a
45971266
45971333
45971400
459714cd
4597159a
45971666
45971733
45971800
459718cd
4597199a
45971a66
45971b33
45971c00
45971ccd
45971d9a
45971e66
45971f33
45972000
459720cd
4597219a
45972266
45972333
45972400
459724cd
4597259a
45972666
45972733
45972800
459728cd
4597299a
45972a66
45972b33
45972c00
45972ccd
45972d9a
45972e66
45972f33
45973000
459730cd
4597319a
45973266
45973333
45973400
459734cd
4597359a
45973666
45973733
45973800
459738cd
4597399a
45973a66
45973b33
45973c00
45973ccd
45973d9a
45973e66
45973f33
45974000
459740cd
4597419a
45974266
45974333
45974400
459744cd
4597459a
45974666
45974733
45974800
459748cd
4597499a
45974a66
45974b33
45974c00
45974ccd
45974d9a
45974e66
45974f33
45975000
459750cd
4597519a
45975266
45975333
45975400
459754cd
4597559a
45975666
45975733
45975800
459758cd
4597599a
45975a66
45975b33
45975c00
45975ccd
45975d9a
45975e66
45975f33
45976000
459760cd
4597619a
45976266
45976333
45976400
459764cd
4597659a
45976666
45976733
45976800
459768cd
4597699a
45976a66
45976b33
45976c00
45976ccd
45976d9a
45976e66
45976f33
45977000
459770cd
4597719a
45977266
45977333
45977400
459774cd
4597759a
45977666
45977733
45977800
459778cd
4597799a
45977a66
45977b33
45977c00
45977ccd
45977d9a
45977e66
45977f33
45978000
459780cd
4597819a
45978266
45978333
45978400
459784cd
4597859a
45978666
45978733
45978800
459788cd
4597899a
45978a66
45978b33
45978c00
45978ccd
45978d9a
45978e66
45978f33
45979000
459790cd
4597919a
45979266
45979333
45979400
459794cd
4597959a
45979666
45979733
45979800
459798cd
4597999a
45979a66
45979b33
45979c00
45979ccd
45979d9a
45979e66
45979f33
4597a000
4597a0cd
4597a19a
4597a266
4597a333
4597a400
4597a4cd
4597a59a
4597a666
4597a733
4597a800
4597a8cd
4597a99a
4597aa66
4597ab33
4597ac00
4597accd
4597ad9a
4597ae66
4597af33
4597b000
4597b0cd
4597b19a
4597b266
4597b333
4597b400
4597b4cd
4597b59a
4597b666
4597b733
4597b800
4597b8cd
4597b99a
4597ba66
4597bb33
4597bc00
4597bccd
4597bd9a
4597be66
4597bf33
4597c000
4597c0cd
4597c19a
4597c266
4597c333
4597c400
4597c4cd
4597c59a
4597c666
4597c733
4597c800
4597c8cd
4597c99a
4597ca66
4597cb33
4597cc00
4597cccd
4597cd9a
4597ce66
4597cf33
4597d000
4597d0cd
4597d19a
4597d266
4597d333
4597d400
4597d4cd
4597d59a
4597d666
4597d733
4597d800
4597d8cd
4597d99a
4597da66
4597db33
4597dc00
4597dccd
4597dd9a
4597de66
4597df33
4597e000
4597e0cd
4597e19a
4597e266
4597e333
4597e400
4597e4cd
4597e59a
4597e666
4597e733
4597e800
4597e8cd
4597e99a
4597ea66
4597eb33
4597ec00
4597eccd
4597ed9a
4597ee66
4597ef33
4597f000
4597f0cd
4597f19a
4597f266
4597f333
4597f400
4597f4cd
4597f59a
4597f666
4597f733
4597f800
4597f8cd
4597f99a
4597fa66
4597fb33
4597fc00
4597fccd
4597fd9a
4597fe66
4597ff33
45980000
459800cd
4598019a
45980266
45980333
45980400
459804cd
4598059a
45980666
45980733
45980800
459808cd
4598099a
45980a66
45980b33
45980c00
45980ccd
45980d9a
45980e66
45980f33
45981000
459810cd
4598119a
45981266
45981333
45981400
459814cd
4598159a
45981666
45981733
45981800
459818cd
4598199a
45981a66
45981b33
45981c00
45981ccd
45981d9a
45981e66
45981f33
45982000
459820cd
4598219a
45982266
45982333
45982400
459824cd
4598259a
45982666
45982733
45982800
459828cd
4598299a
45982a66
45982b33
45982c00
45982ccd
45982d9a
45982e66
45982f33
45983000
459830cd
4598319a
45983266
45983333
45983400
459834cd
4598359a
45983666
45983733
45983800
459838cd
4598399a
45983a66
45983b33
45983c00
45983ccd
45983d9a
45983e66
45983f33
45984000
459840cd
4598419a
45984266
45984333
45984400
459844cd
4598459a
45984666
45984733
45984800
459848cd
4598499a
45984a66
45984b33
45984c00
45984ccd
45984d9a
45984e66
45984f33
45985000
459850cd
4598519a
45985266
45985333
45985400
459854cd
4598559a
45985666
45985733
45985800
459858cd
4598599a
45985a66
45985b33
45985c00
45985ccd
45985d9a
45985e66
45985f33
45986000
459860cd
4598619a
45986266
45986333
45986400
459864cd
4598659a
45986666
45986733
45986800
459868cd
4598699a
45986a66
45986b33
45986c00
45986ccd
45986d9a
45986e66
45986f33
45987000
459870cd
4598719a
45987266
45987333
45987400
459874cd
4598759a
45987666
45987733
45987800
459878cd
4598799a
45987a66
45987b33
45987c00
45987ccd
45987d9a
45987e66
45987f33
45988000
459880cd
4598819a
45988266
45988333
45988400
459884cd
4598859a
45988666
45988733
45988800
459888cd
4598899a
45988a66
45988b33
45988c00
45988ccd
45988d9a
45988e66
45988f33
45989000
459890cd
4598919a
45989266
45989333
45989400
459894cd
4598959a
45989666
45989733
45989800
459898cd
4598999a
45989a66
45989b33
45989c00
45989ccd
45989d9a
45989e66
45989f33
4598a000
4598a0cd
4598a19a
4598a266
4598a333
4598a400
4598a4cd
4598a59a
4598a666
4598a733
4598a800
4598a8cd
4598a99a
4598aa66
4598ab33
4598ac00
4598accd
4598ad9a
4598ae66
4598af33
4598b000
4598b0cd
4598b19a
4598b266
4598b333
4598b400
4598b4cd
4598b59a
4598b666
4598b733
4598b800
4598b8cd
4598b99a
4598ba66
4598bb33
4598bc00
4598bccd
4598bd9a
4598be66
4598bf33
4598c000
4598c0cd
4598c19a
4598c266
4598c333
4598c400
4598c4cd
4598c59a
4598c666
4598c733
4598c800
4598c8cd
4598c99a
4598ca66
4598cb33
4598cc00
4598cccd
4598cd9a
4598ce66
4598cf33
4598d000
4598d0cd
4598d19a
4598d266
4598d333
4598d400
4598d4cd
4598d59a
4598d666
4598d733
4598d800
4598d8cd
4598d99a
4598da66
4598db33
4598dc00
4598dccd
4598dd9a
4598de66
4598df33
4598e000
4598e0cd
4598e19a
4598e266
4598e333
4598e400
4598e4cd
4598e59a
4598e666
4598e733
4598e800
4598e8cd
4598e99a
4598ea66
4598eb33
4598ec00
4598eccd
4598ed9a
4598ee66
4598ef33
4598f000
4598f0cd
4598f19a
4598f266
4598f333
4598f400
4598f4cd
4598f59a
4598f666
4598f733
4598f800
4598f8cd
4598f99a
4598fa66
4598fb33
4598fc00
4598fccd
4598fd9a
4598fe66
4598ff33
45990000
459900cd
4599019a
45990266
45990333
45990400
459904cd
4599059a
45990666
45990733
45990800
459908cd
4599099a
45990a66
45990b33
45990c00
45990ccd
45990d9a
45990e66
45990f33
45991000
459910cd
4599119a
45991266
45991333
45991400
459914cd
4599159a
45991666
45991733
45991800
459918cd
4599199a
45991a66
45991b33
45991c00
45991ccd
45991d9a
45991e66
45991f33
45992000
459920cd
4599219a
45992266
45992333
45992400
459924cd
4599259a
45992666
45992733
45992800
459928cd
4599299a
45992a66
45992b33
45992c00
45992ccd
45992d9a
45992e66
45992f33
45993000
459930cd
4599319a
45993266
45993333
45993400
459934cd
4599359a
45993666
45993733
45993800
459938cd
4599399a
45993a66
45993b33
45993c00
45993ccd
45993d9a
45993e66
45993f33
45994000
459940cd
4599419a
45994266
45994333
45994400
459944cd
4599459a
45994666
45994733
45994800
459948cd
4599499a
45994a66
45994b33
45994c00
45994ccd
45994d9a
45994e66
45994f33
45995000
459950cd
4599519a
45995266
45995333
45995400
459954cd
4599559a
45995666
45995733
45995800
459958cd
4599599a
45995a66
45995b33
45995c00
45995ccd
45995d9a
45995e66
45995f33
45996000
459960cd
4599619a
45996266
45996333
45996400
459964cd
4599659a
45996666
45996733
45996800
459968cd
4599699a
45996a66
45996b33
45996c00
45996ccd
45996d9a
45996e66
45996f33
45997000
459970cd
4599719a
45997266
45997333
45997400
459974cd
4599759a
45997666
45997733
45997800
459978cd
4599799a
45997a66
45997b33
45997c00
45997ccd
45997d9a
45997e66
45997f33
45998000
459980cd
4599819a
45998266
45998333
45998400
459984cd
4599859a
45998666
45998733
45998800
459988cd
4599899a
45998a66
45998b33
45998c00
45998ccd
45998d9a
45998e66
45998f33
45999000
459990cd
4599919a
45999266
45999333
45999400
459994cd
4599959a
45999666
45999733
45999800
459998cd
4599999a
45999a66
45999b33
45999c00
45999ccd
45999d9a
45999e66
45999f33
4599a000
4599a0cd
4599a19a
4599a266
4599a333
4599a400
4599a4cd
4599a59a
4599a666
4599a733
4599a800
4599a8cd
4599a99a
4599aa66
4599ab33
4599ac00
4599accd
4599ad9a
4599ae66
4599af33
4599b000
4599b0cd
4599b19a
4599b266
4599b333
4599b400
4599b4cd
4599b59a
4599b666
4599b733
4599b800
4599b8cd
4599b99a
4599ba66
4599bb33
4599bc00
4599bccd
4599bd9a
4599be66
4599bf33
4599c000
4599c0cd
4599c19a
4599c266
4599c333
4599c400
4599c4cd
4599c59a
4599c666
4599c733
4599c800
4599c8cd
4599c99a
4599ca66
4599cb33
4599cc00
4599cccd
4599cd9a
4599ce66
4599cf33
4599d000
4599d0cd
4599d19a
4599d266
4599d333
4599d400
4599d4cd
4599d59a
4599d666
4599d733
4599d800
4599d8cd
4599d99a
4599da66
4599db33
4599dc00
4599dccd
4599dd9a
4599de66
4599df33
4599e000
4599e0cd
4599e19a
4599e266
4599e333
4599e400
4599e4cd
4599e59a
4599e666
4599e733
4599e800
4599e8cd
4599e99a
4599ea66
4599eb33
4599ec00
4599eccd
4599ed9a
4599ee66
4599ef33
4599f000
4599f0cd
4599f19a
4599f266
4599f333
4599f400
4599f4cd
4599f59a
4599f666
4599f733
4599f800
4599f8cd
4599f99a
4599fa66
4599fb33
4599fc00
4599fccd
4599fd9a
4599fe66
4599ff33
459a0000
459a00cd
459a019a
459a0266
459a0333
459a0400
459a04cd
459a059a
459a0666
459a0733
459a0800
459a08cd
459a099a
459a0a66
459a0b33
459a0c00
459a0ccd
459a0d9a
459a0e66
459a0f33
459a1000
459a10cd
459a119a
459a1266
459a1333
459a1400
459a14cd
459a159a
459a1666
459a1733
459a1800
459a18cd
459a199a
459a1a66
459a1b33
459a1c00
459a1ccd
459a1d9a
459a1e66
459a1f33
459a2000
459a20cd
459a219a
459a2266
459a2333
459a2400
459a24cd
459a259a
459a2666
459a2733
459a2800
459a28cd
459a299a
459a2a66
459a2b33
459a2c00
459a2ccd
459a2d9a
459a2e66
459a2f33
459a3000
459a30cd
459a319a
459a3266
459a3333
459a3400
459a34cd
459a359a
459a3666
459a3733
459a3800
459a38cd
459a399a
459a3a66
459a3b33
459a3c00
459a3ccd
459a3d9a
459a3e66
459a3f33
459a4000
459a40cd
459a419a
459a4266
459a4333
459a4400
459a44cd
459a459a
459a4666
459a4733
459a4800
459a48cd
459a499a
459a4a66
459a4b33
459a4c00
459a4ccd
459a4d9a
459a4e66
459a4f33
459a5000
459a50cd
459a519a
459a5266
459a5333
459a5400
459a54cd
459a559a
459a5666
459a5733
459a5800
459a58cd
459a599a
459a5a66
459a5b33
459a5c00
459a5ccd
459a5d9a
459a5e66
459a5f33
459a6000
459a60cd
459a619a
459a6266
459a6333
459a6400
459a64cd
459a659a
459a6666
459a6733
459a6800
459a68cd
459a699a
459a6a66
459a6b33
459a6c00
459a6ccd
459a6d9a
459a6e66
459a6f33
459a7000
459a70cd
459a719a
459a7266
459a7333
459a7400
459a74cd
459a759a
459a7666
459a7733
459a7800
459a78cd
459a799a
459a7a66
459a7b33
459a7c00
459a7ccd
459a7d9a
459a7e66
459a7f33
459a8000
459a80cd
459a819a
459a8266
459a8333
459a8400
459a84cd
459a859a
459a8666
459a8733
459a8800
459a88cd
459a899a
459a8a66
459a8b33
459a8c00
459a8ccd
459a8d9a
459a8e66
459a8f33
459a9000
459a90cd
459a919a
459a9266
459a9333
459a9400
459a94cd
459a959a
459a9666
459a9733
459a9800
459a98cd
459a999a
459a9a66
459a9b33
459a9c00
459a9ccd
459a9d9a
459a9e66
459a9f33
459aa000
459aa0cd
459aa19a
459aa266
459aa333
459aa400
459aa4cd
459aa59a
459aa666
459aa733
459aa800
459aa8cd
459aa99a
459aaa66
459aab33
459aac00
459aaccd
459aad9a
459aae66
459aaf33
459ab000
459ab0cd
459ab19a
459ab266
459ab333
459ab400
459ab4cd
459ab59a
459ab666
459ab733
459ab800
459ab8cd
459ab99a
459aba66
459abb33
459abc00
459abccd
459abd9a
459abe66
459abf33
459ac000
459ac0cd
459ac19a
459ac266
459ac333
459ac400
459ac4cd
459ac59a
459ac666
459ac733
459ac800
459ac8cd
459ac99a
459aca66
459acb33
459acc00
459acccd
459acd9a
459ace66
459acf33
459ad000
459ad0cd
459ad19a
459ad266
459ad333
459ad400
459ad4cd
459ad59a
459ad666
459ad733
459ad800
459ad8cd
459ad99a
459ada66
459adb33
459adc00
459adccd
459add9a
459ade66
459adf33
459ae000
459ae0cd
459ae19a
459ae266
459ae333
459ae400
459ae4cd
459ae59a
459ae666
459ae733
459ae800
459ae8cd
459ae99a
459aea66
459aeb33
459aec00
459aeccd
459aed9a
459aee66
459aef33
459af000
459af0cd
459af19a
459af266
459af333
459af400
459af4cd
459af59a
459af666
459af733
459af800
459af8cd
459af99a
459afa66
459afb33
459afc00
459afccd
459afd9a
459afe66
459aff33
459b0000
459b00cd
459b019a
459b0266
459b0333
459b0400
459b04cd
459b059a
459b0666
459b0733
459b0800
459b08cd
459b099a
459b0a66
459b0b33
459b0c00
459b0ccd
459b0d9a
459b0e66
459b0f33
459b1000
459b10cd
459b119a
459b1266
459b1333
459b1400
459b14cd
459b159a
459b1666
459b1733
459b1800
459b18cd
459b199a
459b1a66
459b1b33
459b1c00
459b1ccd
459b1d9a
459b1e66
459b1f33
459b2000
459b20cd
459b219a
459b2266
459b2333
459b2400
459b24cd
459b259a
459b2666
459b2733
459b2800
459b28cd
459b299a
459b2a66
459b2b33
459b2c00
459b2ccd
459b2d9a
459b2e66
459b2f33
459b3000
459b30cd
459b319a
459b3266
459b3333
459b3400
459b34cd
459b359a
459b3666
459b3733
459b3800
459b38cd
459b399a
459b3a66
459b3b33
459b3c00
459b3ccd
459b3d9a
459b3e66
459b3f33
459b4000
459b40cd
459b419a
459b4266
459b4333
459b4400
459b44cd
459b459a
459b4666
459b4733
459b4800
459b48cd
459b499a
459b4a66
459b4b33
459b4c00
459b4ccd
459b4d9a
459b4e66
459b4f33
459b5000
459b50cd
459b519a
459b5266
459b5333
459b5400
459b54cd
459b559a
459b5666
459b5733
459b5800
459b58cd
459b599a
459b5a66
459b5b33
459b5c00
459b5ccd
459b5d9a
459b5e66
459b5f33
459b6000
459b60cd
459b619a
459b6266
459b6333
459b6400
459b64cd
459b659a
459b6666
459b6733
459b6800
459b68cd
459b699a
459b6a66
459b6b33
459b6c00
459b6ccd
459b6d9a
459b6e66
459b6f33
459b7000
459b70cd
459b719a
459b7266
459b7333
459b7400
459b74cd
459b759a
459b7666
459b7733
459b7800
459b78cd
459b799a
459b7a66
459b7b33
459b7c00
459b7ccd
459b7d9a
459b7e66
459b7f33
459b8000
459b80cd
459b819a
459b8266
459b8333
459b8400
459b84cd
459b859a
459b8666
459b8733
459b8800
459b88cd
459b899a
459b8a66
459b8b33
459b8c00
459b8ccd
459b8d9a
459b8e66
459b8f33
459b9000
459b90cd
459b919a
459b9266
459b9333
459b9400
459b94cd
459b959a
459b9666
459b9733
459b9800
459b98cd
459b999a
459b9a66
459b9b33
459b9c00
459b9ccd
459b9d9a
459b9e66
459b9f33
459ba000
459ba0cd
459ba19a
459ba266
459ba333
459ba400
459ba4cd
459ba59a
459ba666
459ba733
459ba800
459ba8cd
459ba99a
459baa66
459bab33
459bac00
459baccd
459bad9a
459bae66
459baf33
459bb000
459bb0cd
459bb19a
459bb266
459bb333
459bb400
459bb4cd
459bb59a
459bb666
459bb733
459bb800
459bb8cd
459bb99a
459bba66
459bbb33
459bbc00
459bbccd
459bbd9a
459bbe66
459bbf33
459bc000
459bc0cd
459bc19a
459bc266
459bc333
459bc400
459bc4cd
459bc59a
459bc666
459bc733
459bc800
459bc8cd
459bc99a
459bca66
459bcb33
459bcc00
459bcccd
459bcd9a
459bce66
459bcf33
459bd000
459bd0cd
459bd19a
459bd266
459bd333
459bd400
459bd4cd
459bd59a
459bd666
459bd733
459bd800
459bd8cd
459bd99a
459bda66
459bdb33
459bdc00
459bdccd
459bdd9a
459bde66
459bdf33
459be000
459be0cd
459be19a
459be266
459be333
459be400
459be4cd
459be59a
459be666
459be733
459be800
459be8cd
459be99a
459bea66
459beb33
459bec00
459beccd
459bed9a
459bee66
459bef33
459bf000
459bf0cd
459bf19a
459bf266
459bf333
459bf400
459bf4cd
459bf59a
459bf666
459bf733
459bf800
459bf8cd
459bf99a
459bfa66
459bfb33
459bfc00
459bfccd
459bfd9a
459bfe66
459bff33
459c0000
459c00cd
459c019a
459c0266
459c0333
459c0400
459c04cd
459c059a
459c0666
459c0733
459c0800
459c08cd
459c099a
459c0a66
459c0b33
459c0c00
459c0ccd
459c0d9a
459c0e66
459c0f33
459c1000
459c10cd
459c119a
459c1266
459c1333
459c1400
459c14cd
459c159a
459c1666
459c1733
459c1800
459c18cd
459c199a
459c1a66
459c1b33
459c1c00
459c1ccd
459c1d9a
459c1e66
459c1f33
459c2000
459c20cd
459c219a
459c2266
459c2333
459c2400
459c24cd
459c259a
459c2666
459c2733
459c2800
459c28cd
459c299a
459c2a66
459c2b33
459c2c00
459c2ccd
459c2d9a
459c2e66
459c2f33
459c3000
459c30cd
459c319a
459c3266
459c3333
459c3400
459c34cd
459c359a
459c3666
459c3733
459c3800
459c38cd
459c399a
459c3a66
459c3b33
459c3c00
459c3ccd
459c3d9a
459c3e66
459c3f33
459c4000
459c40cd
459c419a
459c4266
459c4333
459c4400
459c44cd
459c459a
459c4666
459c4733
459c4800
459c48cd
459c499a
459c4a66
459c4b33
459c4c00
459c4ccd
459c4d9a
459c4e66
459c4f33
459c5000
459c50cd
459c519a
459c5266
459c5333
459c5400
459c54cd
459c559a
459c5666
459c5733
459c5800
459c58cd
459c599a
459c5a66
459c5b33
459c5c00
459c5ccd
459c5d9a
459c5e66
459c5f33
459c6000
459c60cd
459c619a
459c6266
459c6333
459c6400
459c64cd
459c659a
459c6666
459c6733
459c6800
459c68cd
459c699a
459c6a66
459c6b33
459c6c00
459c6ccd
459c6d9a
459c6e66
459c6f33
459c7000
459c70cd
459c719a
459c7266
459c7333
459c7400
459c74cd
459c759a
459c7666
459c7733
459c7800
459c78cd
459c799a
459c7a66
459c7b33
459c7c00
459c7ccd
459c7d9a
459c7e66
459c7f33
459c8000
459c80cd
459c819a
459c8266
459c8333
459c8400
459c84cd
459c859a
459c8666
459c8733
459c8800
459c88cd
459c899a
459c8a66
459c8b33
459c8c00
459c8ccd
459c8d9a
459c8e66
459c8f33
459c9000
459c90cd
459c919a
459c9266
459c9333
459c9400
459c94cd
459c959a
459c9666
459c9733
459c9800
459c98cd
459c999a
459c9a66
459c9b33
459c9c00
459c9ccd
459c9d9a
459c9e66
459c9f33
459ca000
459ca0cd
459ca19a
459ca266
459ca333
459ca400
459ca4cd
459ca59a
459ca666
459ca733
459ca800
459ca8cd
459ca99a
459caa66
459cab33
459cac00
459caccd
459cad9a
459cae66
459caf33
459cb000
459cb0cd
459cb19a
459cb266
459cb333
459cb400
459cb4cd
459cb59a
459cb666
459cb733
459cb800
459cb8cd
459cb99a
459cba66
459cbb33
459cbc00
459cbccd
459cbd9a
459cbe66
459cbf33
459cc000
459cc0cd
459cc19a
459cc266
459cc333
459cc400
459cc4cd
459cc59a
459cc666
459cc733
459cc800
459cc8cd
459cc99a
459cca66
459ccb33
459ccc00
459ccccd
459ccd9a
459cce66
459ccf33
459cd000
459cd0cd
459cd19a
459cd266
459cd333
459cd400
459cd4cd
459cd59a
459cd666
459cd733
459cd800
459cd8cd
459cd99a
459cda66
459cdb33
459cdc00
459cdccd
459cdd9a
459cde66
459cdf33
459ce000
459ce0cd
459ce19a
459ce266
459ce333
459ce400
459ce4cd
459ce59a
459ce666
459ce733
459ce800
459ce8cd
459ce99a
459cea66
459ceb33
459cec00
459ceccd
459ced9a
459cee66
459cef33
459cf000
459cf0cd
459cf19a
459cf266
459cf333
459cf400
459cf4cd
459cf59a
459cf666
459cf733
459cf800
459cf8cd
459cf99a
459cfa66
459cfb33
459cfc00
459cfccd
459cfd9a
459cfe66
459cff33
459d0000
459d00cd
459d019a
459d0266
459d0333
459d0400
459d04cd
459d059a
459d0666
459d0733
459d0800
459d08cd
459d099a
459d0a66
459d0b33
459d0c00
459d0ccd
459d0d9a
459d0e66
459d0f33
459d1000
459d10cd
459d119a
459d1266
459d1333
459d1400
459d14cd
459d159a
459d1666
459d1733
459d1800
459d18cd
459d199a
459d1a66
459d1b33
459d1c00
459d1ccd
459d1d9a
459d1e66
459d1f33
459d2000
459d20cd
459d219a
459d2266
459d2333
459d2400
459d24cd
459d259a
459d2666
459d2733
459d2800
459d28cd
459d299a
459d2a66
459d2b33
459d2c00
459d2ccd
459d2d9a
459d2e66
459d2f33
459d3000
459d30cd
459d319a
459d3266
459d3333
459d3400
459d34cd
459d359a
459d3666
459d3733
459d3800
459d38cd
459d399a
459d3a66
459d3b33
459d3c00
459d3ccd
459d3d9a
459d3e66
459d3f33
459d4000
459d40cd
459d419a
459d4266
459d4333
459d4400
459d44cd
459d459a
459d4666
459d4733
459d4800
459d48cd
459d499a
459d4a66
459d4b33
459d4c00
459d4ccd
459d4d9a
459d4e66
459d4f33
459d5000
459d50cd
459d519a
459d5266
459d5333
459d5400
459d54cd
459d559a
459d5666
459d5733
459d5800
459d58cd
459d599a
459d5a66
459d5b33
459d5c00
459d5ccd
459d5d9a
459d5e66
459d5f33
459d6000
459d60cd
459d619a
459d6266
459d6333
459d6400
459d64cd
459d659a
459d6666
459d6733
459d6800
459d68cd
459d699a
459d6a66
459d6b33
459d6c00
459d6ccd
459d6d9a
459d6e66
459d6f33
459d7000
459d70cd
459d719a
459d7266
459d7333
459d7400
459d74cd
459d759a
459d7666
459d7733
459d7800
459d78cd
459d799a
459d7a66
459d7b33
459d7c00
459d7ccd
459d7d9a
459d7e66
459d7f33
459d8000
459d80cd
459d819a
459d8266
459d8333
459d8400
459d84cd
459d859a
459d8666
459d8733
459d8800
459d88cd
459d899a
459d8a66
459d8b33
459d8c00
459d8ccd
459d8d9a
459d8e66
459d8f33
459d9000
459d90cd
459d919a
459d9266
459d9333
459d9400
459d94cd
459d959a
459d9666
459d9733
459d9800
459d98cd
459d999a
459d9a66
459d9b33
459d9c00
459d9ccd
459d9d9a
459d9e66
459d9f33
459da000
459da0cd
459da19a
459da266
459da333
459da400
459da4cd
459da59a
459da666
459da733
459da800
459da8cd
459da99a
459daa66
459dab33
459dac00
459daccd
459dad9a
459dae66
459daf33
459db000
459db0cd
459db19a
459db266
459db333
459db400
459db4cd
459db59a
459db666
459db733
459db800
459db8cd
459db99a
459dba66
459dbb33
459dbc00
459dbccd
459dbd9a
459dbe66
459dbf33
459dc000
459dc0cd
459dc19a
459dc266
459dc333
459dc400
459dc4cd
459dc59a
459dc666
459dc733
459dc800
459dc8cd
459dc99a
459dca66
459dcb33
459dcc00
459dcccd
459dcd9a
459dce66
459dcf33
459dd000
459dd0cd
459dd19a
459dd266
459dd333
459dd400
459dd4cd
459dd59a
459dd666
459dd733
459dd800
459dd8cd
459dd99a
459dda66
459ddb33
459ddc00
459ddccd
459ddd9a
459dde66
459ddf33
459de000
459de0cd
459de19a
459de266
459de333
459de400
459de4cd
459de59a
459de666
459de733
459de800
459de8cd
459de99a
459dea66
459deb33
459dec00
459deccd
459ded9a
459dee66
459def33
459df000
459df0cd
459df19a
459df266
459df333
459df400
459df4cd
459df59a
459df666
459df733
459df800
459df8cd
459df99a
459dfa66
459dfb33
459dfc00
459dfccd
459dfd9a
459dfe66
459dff33
459e0000
459e00cd
459e019a
459e0266
459e0333
459e0400
459e04cd
459e059a
459e0666
459e0733
459e0800
459e08cd
459e099a
459e0a66
459e0b33
459e0c00
459e0ccd
459e0d9a
459e0e66
459e0f33
459e1000
459e10cd
459e119a
459e1266
459e1333
459e1400
459e14cd
459e159a
459e1666
459e1733
459e1800
459e18cd
459e199a
459e1a66
459e1b33
459e1c00
459e1ccd
459e1d9a
459e1e66
459e1f33
459e2000
459e20cd
459e219a
459e2266
459e2333
459e2400
459e24cd
459e259a
459e2666
459e2733
459e2800
459e28cd
459e299a
459e2a66
459e2b33
459e2c00
459e2ccd
459e2d9a
459e2e66
459e2f33
459e3000
459e30cd
459e319a
459e3266
459e3333
459e3400
459e34cd
459e359a
459e3666
459e3733
459e3800
459e38cd
459e399a
459e3a66
459e3b33
459e3c00
459e3ccd
459e3d9a
459e3e66
459e3f33
459e4000
459e40cd
459e419a
459e4266
459e4333
459e4400
459e44cd
459e459a
459e4666
459e4733
459e4800
459e48cd
459e499a
459e4a66
459e4b33
459e4c00
459e4ccd
459e4d9a
459e4e66
459e4f33
459e5000
459e50cd
459e519a
459e5266
459e5333
459e5400
459e54cd
459e559a
459e5666
459e5733
459e5800
459e58cd
459e599a
459e5a66
459e5b33
459e5c00
459e5ccd
459e5d9a
459e5e66
459e5f33
459e6000
459e60cd
459e619a
459e6266
459e6333
459e6400
459e64cd
459e659a
459e6666
459e6733
459e6800
459e68cd
459e699a
459e6a66
459e6b33
459e6c00
459e6ccd
459e6d9a
459e6e66
459e6f33
459e7000
459e70cd
459e719a
459e7266
459e7333
459e7400
459e74cd
459e759a
459e7666
459e7733
459e7800
459e78cd
459e799a
459e7a66
459e7b33
459e7c00
459e7ccd
459e7d9a
459e7e66
459e7f33
459e8000
459e80cd
459e819a
459e8266
459e8333
459e8400
459e84cd
459e859a
459e8666
459e8733
459e8800
459e88cd
459e899a
459e8a66
459e8b33
459e8c00
459e8ccd
459e8d9a
459e8e66
459e8f33
459e9000
459e90cd
459e919a
459e9266
459e9333
459e9400
459e94cd
459e959a
459e9666
459e9733
459e9800
459e98cd
459e999a
459e9a66
459e9b33
459e9c00
459e9ccd
459e9d9a
459e9e66
459e9f33
459ea000
459ea0cd
459ea19a
459ea266
459ea333
459ea400
459ea4cd
459ea59a
459ea666
459ea733
459ea800
459ea8cd
459ea99a
459eaa66
459eab33
459eac00
459eaccd
459ead9a
459eae66
459eaf33
459eb000
459eb0cd
459eb19a
459eb266
459eb333
459eb400
459eb4cd
459eb59a
459eb666
459eb733
459eb800
459eb8cd
459eb99a
459eba66
459ebb33
459ebc00
459ebccd
459ebd9a
459ebe66
459ebf33
459ec000
459ec0cd
459ec19a
459ec266
459ec333
459ec400
459ec4cd
459ec59a
459ec666
459ec733
459ec800
459ec8cd
459ec99a
459eca66
459ecb33
459ecc00
459ecccd
459ecd9a
459ece66
459ecf33
459ed000
459ed0cd
459ed19a
459ed266
459ed333
459ed400
459ed4cd
459ed59a
459ed666
459ed733
459ed800
459ed8cd
459ed99a
459eda66
459edb33
459edc00
459edccd
459edd9a
459ede66
459edf33
459ee000
459ee0cd
459ee19a
459ee266
459ee333
459ee400
459ee4cd
459ee59a
459ee666
459ee733
459ee800
459ee8cd
459ee99a
459eea66
459eeb33
459eec00
459eeccd
459eed9a
459eee66
459eef33
459ef000
459ef0cd
459ef19a
459ef266
459ef333
459ef400
459ef4cd
459ef59a
459ef666
459ef733
459ef800
459ef8cd
459ef99a
459efa66
459efb33
459efc00
459efccd
459efd9a
459efe66
459eff33
459f0000
459f00cd
459f019a
459f0266
459f0333
459f0400
459f04cd
459f059a
459f0666
459f0733
459f0800
459f08cd
459f099a
459f0a66
459f0b33
459f0c00
459f0ccd
459f0d9a
459f0e66
459f0f33
459f1000
459f10cd
459f119a
459f1266
459f1333
459f1400
459f14cd
459f159a
459f1666
459f1733
459f1800
459f18cd
459f199a
459f1a66
459f1b33
459f1c00
459f1ccd
459f1d9a
459f1e66
459f1f33
459f2000
459f20cd
459f219a
459f2266
459f2333
459f2400
459f24cd
459f259a
459f2666
459f2733
459f2800
459f28cd
459f299a
459f2a66
459f2b33
459f2c00
459f2ccd
459f2d9a
459f2e66
459f2f33
459f3000
459f30cd
459f319a
459f3266
459f3333
459f3400
459f34cd
459f359a
459f3666
459f3733
459f3800
459f38cd
459f399a
459f3a66
459f3b33
459f3c00
459f3ccd
459f3d9a
459f3e66
459f3f33
459f4000
459f40cd
459f419a
459f4266
459f4333
459f4400
459f44cd
459f459a
459f4666
459f4733
459f4800
459f48cd
459f499a
459f4a66
459f4b33
459f4c00
459f4ccd
459f4d9a
459f4e66
459f4f33
459f5000
459f50cd
459f519a
459f5266
459f5333
459f5400
459f54cd
459f559a
459f5666
459f5733
459f5800
459f58cd
459f599a
459f5a66
459f5b33
459f5c00
459f5ccd
459f5d9a
459f5e66
459f5f33
459f6000
459f60cd
459f619a
459f6266
459f6333
459f6400
459f64cd
459f659a
459f6666
459f6733
459f6800
459f68cd
459f699a
459f6a66
459f6b33
459f6c00
459f6ccd
459f6d9a
459f6e66
459f6f33
459f7000
459f70cd
459f719a
459f7266
459f7333
459f7400
459f74cd
459f759a
459f7666
459f7733
459f7800
459f78cd
459f799a
459f7a66
459f7b33
459f7c00
459f7ccd
459f7d9a
459f7e66
459f7f33
459f8000
459f80cd
459f819a
459f8266
459f8333
459f8400
459f84cd
459f859a
459f8666
459f8733
459f8800
459f88cd
459f899a
459f8a66
459f8b33
459f8c00
459f8ccd
459f8d9a
459f8e66
459f8f33
459f9000
459f90cd
459f919a
459f9266
459f9333
459f9400
459f94cd
459f959a
459f9666
459f9733
459f9800
459f98cd
459f999a
459f9a66
459f9b33
459f9c00
459f9ccd
459f9d9a
459f9e66
459f9f33
459fa000
459fa0cd
459fa19a
459fa266
459fa333
459fa400
459fa4cd
459fa59a
459fa666
459fa733
459fa800
459fa8cd
459fa99a
459faa66
459fab33
459fac00
459faccd
459fad9a
459fae66
459faf33
459fb000
459fb0cd
459fb19a
459fb266
459fb333
459fb400
459fb4cd
459fb59a
459fb666
459fb733
459fb800
459fb8cd
459fb99a
459fba66
459fbb33
459fbc00
459fbccd
459fbd9a
459fbe66
459fbf33
459fc000
459fc0cd
459fc19a
459fc266
459fc333
459fc400
459fc4cd
459fc59a
459fc666
459fc733
459fc800
459fc8cd
459fc99a
459fca66
459fcb33
459fcc00
459fcccd
459fcd9a
459fce66
459fcf33
459fd000
459fd0cd
459fd19a
459fd266
459fd333
459fd400
459fd4cd
459fd59a
459fd666
459fd733
459fd800
459fd8cd
459fd99a
459fda66
459fdb33
459fdc00
459fdccd
459fdd9a
459fde66
459fdf33
459fe000
459fe0cd
459fe19a
459fe266
459fe333
459fe400
459fe4cd
459fe59a
459fe666
459fe733
459fe800
459fe8cd
459fe99a
459fea66
459feb33
459fec00
459feccd
459fed9a
459fee66
459fef33
459ff000
459ff0cd
459ff19a
459ff266
459ff333
459ff400
459ff4cd
459ff59a
459ff666
459ff733
459ff800
459ff8cd
459ff99a
459ffa66
459ffb33
459ffc00
459ffccd
459ffd9a
459ffe66
459fff33
45a00000
45a000cd
45a0019a
45a00266
45a00333
45a00400
45a004cd
45a0059a
45a00666
45a00733
45a00800
45a008cd
45a0099a
45a00a66
45a00b33
45a00c00
45a00ccd
45a00d9a
45a00e66
45a00f33
45a01000
45a010cd
45a0119a
45a01266
45a01333
45a01400
45a014cd
45a0159a
45a01666
45a01733
45a01800
45a018cd
45a0199a
45a01a66
45a01b33
45a01c00
45a01ccd
45a01d9a
45a01e66
45a01f33
45a02000
45a020cd
45a0219a
45a02266
45a02333
45a02400
45a024cd
45a0259a
45a02666
45a02733
45a02800
45a028cd
45a0299a
45a02a66
45a02b33
45a02c00
45a02ccd
45a02d9a
45a02e66
45a02f33
45a03000
45a030cd
45a0319a
45a03266
45a03333
45a03400
45a034cd
45a0359a
45a03666
45a03733
45a03800
45a038cd
45a0399a
45a03a66
45a03b33
45a03c00
45a03ccd
45a03d9a
45a03e66
45a03f33
45a04000
45a040cd
45a0419a
45a04266
45a04333
45a04400
45a044cd
45a0459a
45a04666
45a04733
45a04800
45a048cd
45a0499a
45a04a66
45a04b33
45a04c00
45a04ccd
45a04d9a
45a04e66
45a04f33
45a05000
45a050cd
45a0519a
45a05266
45a05333
45a05400
45a054cd
45a0559a
45a05666
45a05733
45a05800
45a058cd
45a0599a
45a05a66
45a05b33
45a05c00
45a05ccd
45a05d9a
45a05e66
45a05f33
45a06000
45a060cd
45a0619a
45a06266
45a06333
45a06400
45a064cd
45a0659a
45a06666
45a06733
45a06800
45a068cd
45a0699a
45a06a66
45a06b33
45a06c00
45a06ccd
45a06d9a
45a06e66
45a06f33
45a07000
45a070cd
45a0719a
45a07266
45a07333
45a07400
45a074cd
45a0759a
45a07666
45a07733
45a07800
45a078cd
45a0799a
45a07a66
45a07b33
45a07c00
45a07ccd
45a07d9a
45a07e66
45a07f33
45a08000
45a080cd
45a0819a
45a08266
45a08333
45a08400
45a084cd
45a0859a
45a08666
45a08733
45a08800
45a088cd
45a0899a
45a08a66
45a08b33
45a08c00
45a08ccd
45a08d9a
45a08e66
45a08f33
45a09000
45a090cd
45a0919a
45a09266
45a09333
45a09400
45a094cd
45a0959a
45a09666
45a09733
45a09800
45a098cd
45a0999a
45a09a66
45a09b33
45a09c00
45a09ccd
45a09d9a
45a09e66
45a09f33
45a0a000
45a0a0cd
45a0a19a
45a0a266
45a0a333
45a0a400
45a0a4cd
45a0a59a
45a0a666
45a0a733
45a0a800
45a0a8cd
45a0a99a
45a0aa66
45a0ab33
45a0ac00
45a0accd
45a0ad9a
45a0ae66
45a0af33
45a0b000
45a0b0cd
45a0b19a
45a0b266
45a0b333
45a0b400
45a0b4cd
45a0b59a
45a0b666
45a0b733
45a0b800
45a0b8cd
45a0b99a
45a0ba66
45a0bb33
45a0bc00
45a0bccd
45a0bd9a
45a0be66
45a0bf33
45a0c000
45a0c0cd
45a0c19a
45a0c266
45a0c333
45a0c400
45a0c4cd
45a0c59a
45a0c666
45a0c733
45a0c800
45a0c8cd
45a0c99a
45a0ca66
45a0cb33
45a0cc00
45a0cccd
45a0cd9a
45a0ce66
45a0cf33
45a0d000
45a0d0cd
45a0d19a
45a0d266
45a0d333
45a0d400
45a0d4cd
45a0d59a
45a0d666
45a0d733
45a0d800
45a0d8cd
45a0d99a
45a0da66
45a0db33
45a0dc00
45a0dccd
45a0dd9a
45a0de66
45a0df33
45a0e000
45a0e0cd
45a0e19a
45a0e266
45a0e333
45a0e400
45a0e4cd
45a0e59a
45a0e666
45a0e733
45a0e800
45a0e8cd
45a0e99a
45a0ea66
45a0eb33
45a0ec00
45a0eccd
45a0ed9a
45a0ee66
45a0ef33
45a0f000
45a0f0cd
45a0f19a
45a0f266
45a0f333
45a0f400
45a0f4cd
45a0f59a
45a0f666
45a0f733
45a0f800
45a0f8cd
45a0f99a
45a0fa66
45a0fb33
45a0fc00
45a0fccd
45a0fd9a
45a0fe66
45a0ff33
45a10000
45a100cd
45a1019a
45a10266
45a10333
45a10400
45a104cd
45a1059a
45a10666
45a10733
45a10800
45a108cd
45a1099a
45a10a66
45a10b33
45a10c00
45a10ccd
45a10d9a
45a10e66
45a10f33
45a11000
45a110cd
45a1119a
45a11266
45a11333
45a11400
45a114cd
45a1159a
45a11666
45a11733
45a11800
45a118cd
45a1199a
45a11a66
45a11b33
45a11c00
45a11ccd
45a11d9a
45a11e66
45a11f33
45a12000
45a120cd
45a1219a
45a12266
45a12333
45a12400
45a124cd
45a1259a
45a12666
45a12733
45a12800
45a128cd
45a1299a
45a12a66
45a12b33
45a12c00
45a12ccd
45a12d9a
45a12e66
45a12f33
45a13000
45a130cd
45a1319a
45a13266
45a13333
45a13400
45a134cd
45a1359a
45a13666
45a13733
45a13800
45a138cd
45a1399a
45a13a66
45a13b33
45a13c00
45a13ccd
45a13d9a
45a13e66
45a13f33
45a14000
45a140cd
45a1419a
45a14266
45a14333
45a14400
45a144cd
45a1459a
45a14666
45a14733
45a14800
45a148cd
45a1499a
45a14a66
45a14b33
45a14c00
45a14ccd
45a14d9a
45a14e66
45a14f33
45a15000
45a150cd
45a1519a
45a15266
45a15333
45a15400
45a154cd
45a1559a
45a15666
45a15733
45a15800
45a158cd
45a1599a
45a15a66
45a15b33
45a15c00
45a15ccd
45a15d9a
45a15e66
45a15f33
45a16000
45a160cd
45a1619a
45a16266
45a16333
45a16400
45a164cd
45a1659a
45a16666
45a16733
45a16800
45a168cd
45a1699a
45a16a66
45a16b33
45a16c00
45a16ccd
45a16d9a
45a16e66
45a16f33
45a17000
45a170cd
45a1719a
45a17266
45a17333
45a17400
45a174cd
45a1759a
45a17666
45a17733
45a17800
45a178cd
45a1799a
45a17a66
45a17b33
45a17c00
45a17ccd
45a17d9a
45a17e66
45a17f33
45a18000
45a180cd
45a1819a
45a18266
45a18333
45a18400
45a184cd
45a1859a
45a18666
45a18733
45a18800
45a188cd
45a1899a
45a18a66
45a18b33
45a18c00
45a18ccd
45a18d9a
45a18e66
45a18f33
45a19000
45a190cd
45a1919a
45a19266
45a19333
45a19400
45a194cd
45a1959a
45a19666
45a19733
45a19800
45a198cd
45a1999a
45a19a66
45a19b33
45a19c00
45a19ccd
45a19d9a
45a19e66
45a19f33
45a1a000
45a1a0cd
45a1a19a
45a1a266
45a1a333
45a1a400
45a1a4cd
45a1a59a
45a1a666
45a1a733
45a1a800
45a1a8cd
45a1a99a
45a1aa66
45a1ab33
45a1ac00
45a1accd
45a1ad9a
45a1ae66
45a1af33
45a1b000
45a1b0cd
45a1b19a
45a1b266
45a1b333
45a1b400
45a1b4cd
45a1b59a
45a1b666
45a1b733
45a1b800
45a1b8cd
45a1b99a
45a1ba66
45a1bb33
45a1bc00
45a1bccd
45a1bd9a
45a1be66
45a1bf33
45a1c000
45a1c0cd
45a1c19a
45a1c266
45a1c333
45a1c400
45a1c4cd
45a1c59a
45a1c666
45a1c733
45a1c800
45a1c8cd
45a1c99a
45a1ca66
45a1cb33
45a1cc00
45a1cccd
45a1cd9a
45a1ce66
45a1cf33
45a1d000
45a1d0cd
45a1d19a
45a1d266
45a1d333
45a1d400
45a1d4cd
45a1d59a
45a1d666
45a1d733
45a1d800
45a1d8cd
45a1d99a
45a1da66
45a1db33
45a1dc00
45a1dccd
45a1dd9a
45a1de66
45a1df33
45a1e000
45a1e0cd
45a1e19a
45a1e266
45a1e333
45a1e400
45a1e4cd
45a1e59a
45a1e666
45a1e733
45a1e800
45a1e8cd
45a1e99a
45a1ea66
45a1eb33
45a1ec00
45a1eccd
45a1ed9a
45a1ee66
45a1ef33
45a1f000
45a1f0cd
45a1f19a
45a1f266
45a1f333
45a1f400
45a1f4cd
45a1f59a
45a1f666
45a1f733
45a1f800
45a1f8cd
45a1f99a
45a1fa66
45a1fb33
45a1fc00
45a1fccd
45a1fd9a
45a1fe66
45a1ff33
45a20000
45a200cd
45a2019a
45a20266
45a20333
45a20400
45a204cd
45a2059a
45a20666
45a20733
45a20800
45a208cd
45a2099a
45a20a66
45a20b33
45a20c00
45a20ccd
45a20d9a
45a20e66
45a20f33
45a21000
45a210cd
45a2119a
45a21266
45a21333
45a21400
45a214cd
45a2159a
45a21666
45a21733
45a21800
45a218cd
45a2199a
45a21a66
45a21b33
45a21c00
45a21ccd
45a21d9a
45a21e66
45a21f33
45a22000
45a220cd
45a2219a
45a22266
45a22333
45a22400
45a224cd
45a2259a
45a22666
45a22733
45a22800
45a228cd
45a2299a
45a22a66
45a22b33
45a22c00
45a22ccd
45a22d9a
45a22e66
45a22f33
45a23000
45a230cd
45a2319a
45a23266
45a23333
45a23400
45a234cd
45a2359a
45a23666
45a23733
45a23800
45a238cd
45a2399a
45a23a66
45a23b33
45a23c00
45a23ccd
45a23d9a
45a23e66
45a23f33
45a24000
45a240cd
45a2419a
45a24266
45a24333
45a24400
45a244cd
45a2459a
45a24666
45a24733
45a24800
45a248cd
45a2499a
45a24a66
45a24b33
45a24c00
45a24ccd
45a24d9a
45a24e66
45a24f33
45a25000
45a250cd
45a2519a
45a25266
45a25333
45a25400
45a254cd
45a2559a
45a25666
45a25733
45a25800
45a258cd
45a2599a
45a25a66
45a25b33
45a25c00
45a25ccd
45a25d9a
45a25e66
45a25f33
45a26000
45a260cd
45a2619a
45a26266
45a26333
45a26400
45a264cd
45a2659a
45a26666
45a26733
45a26800
45a268cd
45a2699a
45a26a66
45a26b33
45a26c00
45a26ccd
45a26d9a
45a26e66
45a26f33
45a27000
45a270cd
45a2719a
45a27266
45a27333
45a27400
45a274cd
45a2759a
45a27666
45a27733
45a27800
45a278cd
45a2799a
45a27a66
45a27b33
45a27c00
45a27ccd
45a27d9a
45a27e66
45a27f33
45a28000
45a280cd
45a2819a
45a28266
45a28333
45a28400
45a284cd
45a2859a
45a28666
45a28733
45a28800
45a288cd
45a2899a
45a28a66
45a28b33
45a28c00
45a28ccd
45a28d9a
45a28e66
45a28f33
45a29000
45a290cd
45a2919a
45a29266
45a29333
45a29400
45a294cd
45a2959a
45a29666
45a29733
45a29800
45a298cd
45a2999a
45a29a66
45a29b33
45a29c00
45a29ccd
45a29d9a
45a29e66
45a29f33
45a2a000
45a2a0cd
45a2a19a
45a2a266
45a2a333
45a2a400
45a2a4cd
45a2a59a
45a2a666
45a2a733
45a2a800
45a2a8cd
45a2a99a
45a2aa66
45a2ab33
45a2ac00
45a2accd
45a2ad9a
45a2ae66
45a2af33
45a2b000
45a2b0cd
45a2b19a
45a2b266
45a2b333
45a2b400
45a2b4cd
45a2b59a
45a2b666
45a2b733
45a2b800
45a2b8cd
45a2b99a
45a2ba66
45a2bb33
45a2bc00
45a2bccd
45a2bd9a
45a2be66
45a2bf33
45a2c000
45a2c0cd
45a2c19a
45a2c266
45a2c333
45a2c400
45a2c4cd
45a2c59a
45a2c666
45a2c733
45a2c800
45a2c8cd
45a2c99a
45a2ca66
45a2cb33
45a2cc00
45a2cccd
45a2cd9a
45a2ce66
45a2cf33
45a2d000
45a2d0cd
45a2d19a
45a2d266
45a2d333
45a2d400
45a2d4cd
45a2d59a
45a2d666
45a2d733
45a2d800
45a2d8cd
45a2d99a
45a2da66
45a2db33
45a2dc00
45a2dccd
45a2dd9a
45a2de66
45a2df33
45a2e000
45a2e0cd
45a2e19a
45a2e266
45a2e333
45a2e400
45a2e4cd
45a2e59a
45a2e666
45a2e733
45a2e800
45a2e8cd
45a2e99a
45a2ea66
45a2eb33
45a2ec00
45a2eccd
45a2ed9a
45a2ee66
45a2ef33
45a2f000
45a2f0cd
45a2f19a
45a2f266
45a2f333
45a2f400
45a2f4cd
45a2f59a
45a2f666
45a2f733
45a2f800
45a2f8cd
45a2f99a
45a2fa66
45a2fb33
45a2fc00
45a2fccd
45a2fd9a
45a2fe66
45a2ff33
45a30000
45a300cd
45a3019a
45a30266
45a30333
45a30400
45a304cd
45a3059a
45a30666
45a30733
45a30800
45a308cd
45a3099a
45a30a66
45a30b33
45a30c00
45a30ccd
45a30d9a
45a30e66
45a30f33
45a31000
45a310cd
45a3119a
45a31266
45a31333
45a31400
45a314cd
45a3159a
45a31666
45a31733
45a31800
45a318cd
45a3199a
45a31a66
45a31b33
45a31c00
45a31ccd
45a31d9a
45a31e66
45a31f33
45a32000
45a320cd
45a3219a
45a32266
45a32333
45a32400
45a324cd
45a3259a
45a32666
45a32733
45a32800
45a328cd
45a3299a
45a32a66
45a32b33
45a32c00
45a32ccd
45a32d9a
45a32e66
45a32f33
45a33000
45a330cd
45a3319a
45a33266
45a33333
45a33400
45a334cd
45a3359a
45a33666
45a33733
45a33800
45a338cd
45a3399a
45a33a66
45a33b33
45a33c00
45a33ccd
45a33d9a
45a33e66
45a33f33
45a34000
45a340cd
45a3419a
45a34266
45a34333
45a34400
45a344cd
45a3459a
45a34666
45a34733
45a34800
45a348cd
45a3499a
45a34a66
45a34b33
45a34c00
45a34ccd
45a34d9a
45a34e66
45a34f33
45a35000
45a350cd
45a3519a
45a35266
45a35333
45a35400
45a354cd
45a3559a
45a35666
45a35733
45a35800
45a358cd
45a3599a
45a35a66
45a35b33
45a35c00
45a35ccd
45a35d9a
45a35e66
45a35f33
45a36000
45a360cd
45a3619a
45a36266
45a36333
45a36400
45a364cd
45a3659a
45a36666
45a36733
45a36800
45a368cd
45a3699a
45a36a66
45a36b33
45a36c00
45a36ccd
45a36d9a
45a36e66
45a36f33
45a37000
45a370cd
45a3719a
45a37266
45a37333
45a37400
45a374cd
45a3759a
45a37666
45a37733
45a37800
45a378cd
45a3799a
45a37a66
45a37b33
45a37c00
45a37ccd
45a37d9a
45a37e66
45a37f33
45a38000
45a380cd
45a3819a
45a38266
45a38333
45a38400
45a384cd
45a3859a
45a38666
45a38733
45a38800
45a388cd
45a3899a
45a38a66
45a38b33
45a38c00
45a38ccd
45a38d9a
45a38e66
45a38f33
45a39000
45a390cd
45a3919a
45a39266
45a39333
45a39400
45a394cd
45a3959a
45a39666
45a39733
45a39800
45a398cd
45a3999a
45a39a66
45a39b33
45a39c00
45a39ccd
45a39d9a
45a39e66
45a39f33
45a3a000
45a3a0cd
45a3a19a
45a3a266
45a3a333
45a3a400
45a3a4cd
45a3a59a
45a3a666
45a3a733
45a3a800
45a3a8cd
45a3a99a
45a3aa66
45a3ab33
45a3ac00
45a3accd
45a3ad9a
45a3ae66
45a3af33
45a3b000
45a3b0cd
45a3b19a
45a3b266
45a3b333
45a3b400
45a3b4cd
45a3b59a
45a3b666
45a3b733
45a3b800
45a3b8cd
45a3b99a
45a3ba66
45a3bb33
45a3bc00
45a3bccd
45a3bd9a
45a3be66
45a3bf33
45a3c000
45a3c0cd
45a3c19a
45a3c266
45a3c333
45a3c400
45a3c4cd
45a3c59a
45a3c666
45a3c733
45a3c800
45a3c8cd
45a3c99a
45a3ca66
45a3cb33
45a3cc00
45a3cccd
45a3cd9a
45a3ce66
45a3cf33
45a3d000
45a3d0cd
45a3d19a
45a3d266
45a3d333
45a3d400
45a3d4cd
45a3d59a
45a3d666
45a3d733
45a3d800
45a3d8cd
45a3d99a
45a3da66
45a3db33
45a3dc00
45a3dccd
45a3dd9a
45a3de66
45a3df33
45a3e000
45a3e0cd
45a3e19a
45a3e266
45a3e333
45a3e400
45a3e4cd
45a3e59a
45a3e666
45a3e733
45a3e800
45a3e8cd
45a3e99a
45a3ea66
45a3eb33
45a3ec00
45a3eccd
45a3ed9a
45a3ee66
45a3ef33
45a3f000
45a3f0cd
45a3f19a
45a3f266
45a3f333
45a3f400
45a3f4cd
45a3f59a
45a3f666
45a3f733
45a3f800
45a3f8cd
45a3f99a
45a3fa66
45a3fb33
45a3fc00
45a3fccd
45a3fd9a
45a3fe66
45a3ff33
45a40000
45a400cd
45a4019a
45a40266
45a40333
45a40400
45a404cd
45a4059a
45a40666
45a40733
45a40800
45a408cd
45a4099a
45a40a66
45a40b33
45a40c00
45a40ccd
45a40d9a
45a40e66
45a40f33
45a41000
45a410cd
45a4119a
45a41266
45a41333
45a41400
45a414cd
45a4159a
45a41666
45a41733
45a41800
45a418cd
45a4199a
45a41a66
45a41b33
45a41c00
45a41ccd
45a41d9a
45a41e66
45a41f33
45a42000
45a420cd
45a4219a
45a42266
45a42333
45a42400
45a424cd
45a4259a
45a42666
45a42733
45a42800
45a428cd
45a4299a
45a42a66
45a42b33
45a42c00
45a42ccd
45a42d9a
45a42e66
45a42f33
45a43000
45a430cd
45a4319a
45a43266
45a43333
45a43400
45a434cd
45a4359a
45a43666
45a43733
45a43800
45a438cd
45a4399a
45a43a66
45a43b33
45a43c00
45a43ccd
45a43d9a
45a43e66
45a43f33
45a44000
45a440cd
45a4419a
45a44266
45a44333
45a44400
45a444cd
45a4459a
45a44666
45a44733
45a44800
45a448cd
45a4499a
45a44a66
45a44b33
45a44c00
45a44ccd
45a44d9a
45a44e66
45a44f33
45a45000
45a450cd
45a4519a
45a45266
45a45333
45a45400
45a454cd
45a4559a
45a45666
45a45733
45a45800
45a458cd
45a4599a
45a45a66
45a45b33
45a45c00
45a45ccd
45a45d9a
45a45e66
45a45f33
45a46000
45a460cd
45a4619a
45a46266
45a46333
45a46400
45a464cd
45a4659a
45a46666
45a46733
45a46800
45a468cd
45a4699a
45a46a66
45a46b33
45a46c00
45a46ccd
45a46d9a
45a46e66
45a46f33
45a47000
45a470cd
45a4719a
45a47266
45a47333
45a47400
45a474cd
45a4759a
45a47666
45a47733
45a47800
45a478cd
45a4799a
45a47a66
45a47b33
45a47c00
45a47ccd
45a47d9a
45a47e66
45a47f33
45a48000
45a480cd
45a4819a
45a48266
45a48333
45a48400
45a484cd
45a4859a
45a48666
45a48733
45a48800
45a488cd
45a4899a
45a48a66
45a48b33
45a48c00
45a48ccd
45a48d9a
45a48e66
45a48f33
45a49000
45a490cd
45a4919a
45a49266
45a49333
45a49400
45a494cd
45a4959a
45a49666
45a49733
45a49800
45a498cd
45a4999a
45a49a66
45a49b33
45a49c00
45a49ccd
45a49d9a
45a49e66
45a49f33
45a4a000
45a4a0cd
45a4a19a
45a4a266
45a4a333
45a4a400
45a4a4cd
45a4a59a
45a4a666
45a4a733
45a4a800
45a4a8cd
45a4a99a
45a4aa66
45a4ab33
45a4ac00
45a4accd
45a4ad9a
45a4ae66
45a4af33
45a4b000
45a4b0cd
45a4b19a
45a4b266
45a4b333
45a4b400
45a4b4cd
45a4b59a
45a4b666
45a4b733
45a4b800
45a4b8cd
45a4b99a
45a4ba66
45a4bb33
45a4bc00
45a4bccd
45a4bd9a
45a4be66
45a4bf33
45a4c000
45a4c0cd
45a4c19a
45a4c266
45a4c333
45a4c400
45a4c4cd
45a4c59a
45a4c666
45a4c733
45a4c800
45a4c8cd
45a4c99a
45a4ca66
45a4cb33
45a4cc00
45a4cccd
45a4cd9a
45a4ce66
45a4cf33
45a4d000
45a4d0cd
45a4d19a
45a4d266
45a4d333
45a4d400
45a4d4cd
45a4d59a
45a4d666
45a4d733
45a4d800
45a4d8cd
45a4d99a
45a4da66
45a4db33
45a4dc00
45a4dccd
45a4dd9a
45a4de66
45a4df33
45a4e000
45a4e0cd
45a4e19a
45a4e266
45a4e333
45a4e400
45a4e4cd
45a4e59a
45a4e666
45a4e733
45a4e800
45a4e8cd
45a4e99a
45a4ea66
45a4eb33
45a4ec00
45a4eccd
45a4ed9a
45a4ee66
45a4ef33
45a4f000
45a4f0cd
45a4f19a
45a4f266
45a4f333
45a4f400
45a4f4cd
45a4f59a
45a4f666
45a4f733
45a4f800
45a4f8cd
45a4f99a
45a4fa66
45a4fb33
45a4fc00
45a4fccd
45a4fd9a
45a4fe66
45a4ff33
45a50000
45a500cd
45a5019a
45a50266
45a50333
45a50400
45a504cd
45a5059a
45a50666
45a50733
45a50800
45a508cd
45a5099a
45a50a66
45a50b33
45a50c00
45a50ccd
45a50d9a
45a50e66
45a50f33
45a51000
45a510cd
45a5119a
45a51266
45a51333
45a51400
45a514cd
45a5159a
45a51666
45a51733
45a51800
45a518cd
45a5199a
45a51a66
45a51b33
45a51c00
45a51ccd
45a51d9a
45a51e66
45a51f33
45a52000
45a520cd
45a5219a
45a52266
45a52333
45a52400
45a524cd
45a5259a
45a52666
45a52733
45a52800
45a528cd
45a5299a
45a52a66
45a52b33
45a52c00
45a52ccd
45a52d9a
45a52e66
45a52f33
45a53000
45a530cd
45a5319a
45a53266
45a53333
45a53400
45a534cd
45a5359a
45a53666
45a53733
45a53800
45a538cd
45a5399a
45a53a66
45a53b33
45a53c00
45a53ccd
45a53d9a
45a53e66
45a53f33
45a54000
45a540cd
45a5419a
45a54266
45a54333
45a54400
45a544cd
45a5459a
45a54666
45a54733
45a54800
45a548cd
45a5499a
45a54a66
45a54b33
45a54c00
45a54ccd
45a54d9a
45a54e66
45a54f33
45a55000
45a550cd
45a5519a
45a55266
45a55333
45a55400
45a554cd
45a5559a
45a55666
45a55733
45a55800
45a558cd
45a5599a
45a55a66
45a55b33
45a55c00
45a55ccd
45a55d9a
45a55e66
45a55f33
45a56000
45a560cd
45a5619a
45a56266
45a56333
45a56400
45a564cd
45a5659a
45a56666
45a56733
45a56800
45a568cd
45a5699a
45a56a66
45a56b33
45a56c00
45a56ccd
45a56d9a
45a56e66
45a56f33
45a57000
45a570cd
45a5719a
45a57266
45a57333
45a57400
45a574cd
45a5759a
45a57666
45a57733
45a57800
45a578cd
45a5799a
45a57a66
45a57b33
45a57c00
45a57ccd
45a57d9a
45a57e66
45a57f33
45a58000
45a580cd
45a5819a
45a58266
45a58333
45a58400
45a584cd
45a5859a
45a58666
45a58733
45a58800
45a588cd
45a5899a
45a58a66
45a58b33
45a58c00
45a58ccd
45a58d9a
45a58e66
45a58f33
45a59000
45a590cd
45a5919a
45a59266
45a59333
45a59400
45a594cd
45a5959a
45a59666
45a59733
45a59800
45a598cd
45a5999a
45a59a66
45a59b33
45a59c00
45a59ccd
45a59d9a
45a59e66
45a59f33
45a5a000
45a5a0cd
45a5a19a
45a5a266
45a5a333
45a5a400
45a5a4cd
45a5a59a
45a5a666
45a5a733
45a5a800
45a5a8cd
45a5a99a
45a5aa66
45a5ab33
45a5ac00
45a5accd
45a5ad9a
45a5ae66
45a5af33
45a5b000
45a5b0cd
45a5b19a
45a5b266
45a5b333
45a5b400
45a5b4cd
45a5b59a
45a5b666
45a5b733
45a5b800
45a5b8cd
45a5b99a
45a5ba66
45a5bb33
45a5bc00
45a5bccd
45a5bd9a
45a5be66
45a5bf33
45a5c000
45a5c0cd
45a5c19a
45a5c266
45a5c333
45a5c400
45a5c4cd
45a5c59a
45a5c666
45a5c733
45a5c800
45a5c8cd
45a5c99a
45a5ca66
45a5cb33
45a5cc00
45a5cccd
45a5cd9a
45a5ce66
45a5cf33
45a5d000
45a5d0cd
45a5d19a
45a5d266
45a5d333
45a5d400
45a5d4cd
45a5d59a
45a5d666
45a5d733
45a5d800
45a5d8cd
45a5d99a
45a5da66
45a5db33
45a5dc00
45a5dccd
45a5dd9a
45a5de66
45a5df33
45a5e000
45a5e0cd
45a5e19a
45a5e266
45a5e333
45a5e400
45a5e4cd
45a5e59a
45a5e666
45a5e733
45a5e800
45a5e8cd
45a5e99a
45a5ea66
45a5eb33
45a5ec00
45a5eccd
45a5ed9a
45a5ee66
45a5ef33
45a5f000
45a5f0cd
45a5f19a
45a5f266
45a5f333
45a5f400
45a5f4cd
45a5f59a
45a5f666
45a5f733
45a5f800
45a5f8cd
45a5f99a
45a5fa66
45a5fb33
45a5fc00
45a5fccd
45a5fd9a
45a5fe66
45a5ff33
45a60000
45a600cd
45a6019a
45a60266
45a60333
45a60400
45a604cd
45a6059a
45a60666
45a60733
45a60800
45a608cd
45a6099a
45a60a66
45a60b33
45a60c00
45a60ccd
45a60d9a
45a60e66
45a60f33
45a61000
45a610cd
45a6119a
45a61266
45a61333
45a61400
45a614cd
45a6159a
45a61666
45a61733
45a61800
45a618cd
45a6199a
45a61a66
45a61b33
45a61c00
45a61ccd
45a61d9a
45a61e66
45a61f33
45a62000
45a620cd
45a6219a
45a62266
45a62333
45a62400
45a624cd
45a6259a
45a62666
45a62733
45a62800
45a628cd
45a6299a
45a62a66
45a62b33
45a62c00
45a62ccd
45a62d9a
45a62e66
45a62f33
45a63000
45a630cd
45a6319a
45a63266
45a63333
45a63400
45a634cd
45a6359a
45a63666
45a63733
45a63800
45a638cd
45a6399a
45a63a66
45a63b33
45a63c00
45a63ccd
45a63d9a
45a63e66
45a63f33
45a64000
45a640cd
45a6419a
45a64266
45a64333
45a64400
45a644cd
45a6459a
45a64666
45a64733
45a64800
45a648cd
45a6499a
45a64a66
45a64b33
45a64c00
45a64ccd
45a64d9a
45a64e66
45a64f33
45a65000
45a650cd
45a6519a
45a65266
45a65333
45a65400
45a654cd
45a6559a
45a65666
45a65733
45a65800
45a658cd
45a6599a
45a65a66
45a65b33
45a65c00
45a65ccd
45a65d9a
45a65e66
45a65f33
45a66000
45a660cd
45a6619a
45a66266
45a66333
45a66400
45a664cd
45a6659a
45a66666
45a66733
45a66800
45a668cd
45a6699a
45a66a66
45a66b33
45a66c00
45a66ccd
45a66d9a
45a66e66
45a66f33
45a67000
45a670cd
45a6719a
45a67266
45a67333
45a67400
45a674cd
45a6759a
45a67666
45a67733
45a67800
45a678cd
45a6799a
45a67a66
45a67b33
45a67c00
45a67ccd
45a67d9a
45a67e66
45a67f33
45a68000
45a680cd
45a6819a
45a68266
45a68333
45a68400
45a684cd
45a6859a
45a68666
45a68733
45a68800
45a688cd
45a6899a
45a68a66
45a68b33
45a68c00
45a68ccd
45a68d9a
45a68e66
45a68f33
45a69000
45a690cd
45a6919a
45a69266
45a69333
45a69400
45a694cd
45a6959a
45a69666
45a69733
45a69800
45a698cd
45a6999a
45a69a66
45a69b33
45a69c00
45a69ccd
45a69d9a
45a69e66
45a69f33
45a6a000
45a6a0cd
45a6a19a
45a6a266
45a6a333
45a6a400
45a6a4cd
45a6a59a
45a6a666
45a6a733
45a6a800
45a6a8cd
45a6a99a
45a6aa66
45a6ab33
45a6ac00
45a6accd
45a6ad9a
45a6ae66
45a6af33
45a6b000
45a6b0cd
45a6b19a
45a6b266
45a6b333
45a6b400
45a6b4cd
45a6b59a
45a6b666
45a6b733
45a6b800
45a6b8cd
45a6b99a
45a6ba66
45a6bb33
45a6bc00
45a6bccd
45a6bd9a
45a6be66
45a6bf33
45a6c000
45a6c0cd
45a6c19a
45a6c266
45a6c333
45a6c400
45a6c4cd
45a6c59a
45a6c666
45a6c733
45a6c800
45a6c8cd
45a6c99a
45a6ca66
45a6cb33
45a6cc00
45a6cccd
45a6cd9a
45a6ce66
45a6cf33
45a6d000
45a6d0cd
45a6d19a
45a6d266
45a6d333
45a6d400
45a6d4cd
45a6d59a
45a6d666
45a6d733
45a6d800
45a6d8cd
45a6d99a
45a6da66
45a6db33
45a6dc00
45a6dccd
45a6dd9a
45a6de66
45a6df33
45a6e000
45a6e0cd
45a6e19a
45a6e266
45a6e333
45a6e400
45a6e4cd
45a6e59a
45a6e666
45a6e733
45a6e800
45a6e8cd
45a6e99a
45a6ea66
45a6eb33
45a6ec00
45a6eccd
45a6ed9a
45a6ee66
45a6ef33
45a6f000
45a6f0cd
45a6f19a
45a6f266
45a6f333
45a6f400
45a6f4cd
45a6f59a
45a6f666
45a6f733
45a6f800
45a6f8cd
45a6f99a
45a6fa66
45a6fb33
45a6fc00
45a6fccd
45a6fd9a
45a6fe66
45a6ff33
45a70000
45a700cd
45a7019a
45a70266
45a70333
45a70400
45a704cd
45a7059a
45a70666
45a70733
45a70800
45a708cd
45a7099a
45a70a66
45a70b33
45a70c00
45a70ccd
45a70d9a
45a70e66
45a70f33
45a71000
45a710cd
45a7119a
45a71266
45a71333
45a71400
45a714cd
45a7159a
45a71666
45a71733
45a71800
45a718cd
45a7199a
45a71a66
45a71b33
45a71c00
45a71ccd
45a71d9a
45a71e66
45a71f33
45a72000
45a720cd
45a7219a
45a72266
45a72333
45a72400
45a724cd
45a7259a
45a72666
45a72733
45a72800
45a728cd
45a7299a
45a72a66
45a72b33
45a72c00
45a72ccd
45a72d9a
45a72e66
45a72f33
45a73000
45a730cd
45a7319a
45a73266
45a73333
45a73400
45a734cd
45a7359a
45a73666
45a73733
45a73800
45a738cd
45a7399a
45a73a66
45a73b33
45a73c00
45a73ccd
45a73d9a
45a73e66
45a73f33
45a74000
45a740cd
45a7419a
45a74266
45a74333
45a74400
45a744cd
45a7459a
45a74666
45a74733
45a74800
45a748cd
45a7499a
45a74a66
45a74b33
45a74c00
45a74ccd
45a74d9a
45a74e66
45a74f33
45a75000
45a750cd
45a7519a
45a75266
45a75333
45a75400
45a754cd
45a7559a
45a75666
45a75733
45a75800
45a758cd
45a7599a
45a75a66
45a75b33
45a75c00
45a75ccd
45a75d9a
45a75e66
45a75f33
45a76000
45a760cd
45a7619a
45a76266
45a76333
45a76400
45a764cd
45a7659a
45a76666
45a76733
45a76800
45a768cd
45a7699a
45a76a66
45a76b33
45a76c00
45a76ccd
45a76d9a
45a76e66
45a76f33
45a77000
45a770cd
45a7719a
45a77266
45a77333
45a77400
45a774cd
45a7759a
45a77666
45a77733
45a77800
45a778cd
45a7799a
45a77a66
45a77b33
45a77c00
45a77ccd
45a77d9a
45a77e66
45a77f33
45a78000
45a780cd
45a7819a
45a78266
45a78333
45a78400
45a784cd
45a7859a
45a78666
45a78733
45a78800
45a788cd
45a7899a
45a78a66
45a78b33
45a78c00
45a78ccd
45a78d9a
45a78e66
45a78f33
45a79000
45a790cd
45a7919a
45a79266
45a79333
45a79400
45a794cd
45a7959a
45a79666
45a79733
45a79800
45a798cd
45a7999a
45a79a66
45a79b33
45a79c00
45a79ccd
45a79d9a
45a79e66
45a79f33
45a7a000
45a7a0cd
45a7a19a
45a7a266
45a7a333
45a7a400
45a7a4cd
45a7a59a
45a7a666
45a7a733
45a7a800
45a7a8cd
45a7a99a
45a7aa66
45a7ab33
45a7ac00
45a7accd
45a7ad9a
45a7ae66
45a7af33
45a7b000
45a7b0cd
45a7b19a
45a7b266
45a7b333
45a7b400
45a7b4cd
45a7b59a
45a7b666
45a7b733
45a7b800
45a7b8cd
45a7b99a
45a7ba66
45a7bb33
45a7bc00
45a7bccd
45a7bd9a
45a7be66
45a7bf33
45a7c000
45a7c0cd
45a7c19a
45a7c266
45a7c333
45a7c400
45a7c4cd
45a7c59a
45a7c666
45a7c733
45a7c800
45a7c8cd
45a7c99a
45a7ca66
45a7cb33
45a7cc00
45a7cccd
45a7cd9a
45a7ce66
45a7cf33
45a7d000
45a7d0cd
45a7d19a
45a7d266
45a7d333
45a7d400
45a7d4cd
45a7d59a
45a7d666
45a7d733
45a7d800
45a7d8cd
45a7d99a
45a7da66
45a7db33
45a7dc00
45a7dccd
45a7dd9a
45a7de66
45a7df33
45a7e000
45a7e0cd
45a7e19a
45a7e266
45a7e333
45a7e400
45a7e4cd
45a7e59a
45a7e666
45a7e733
45a7e800
45a7e8cd
45a7e99a
45a7ea66
45a7eb33
45a7ec00
45a7eccd
45a7ed9a
45a7ee66
45a7ef33
45a7f000
45a7f0cd
45a7f19a
45a7f266
45a7f333
45a7f400
45a7f4cd
45a7f59a
45a7f666
45a7f733
45a7f800
45a7f8cd
45a7f99a
45a7fa66
45a7fb33
45a7fc00
45a7fccd
45a7fd9a
45a7fe66
45a7ff33
45a80000
45a800cd
45a8019a
45a80266
45a80333
45a80400
45a804cd
45a8059a
45a80666
45a80733
45a80800
45a808cd
45a8099a
45a80a66
45a80b33
45a80c00
45a80ccd
45a80d9a
45a80e66
45a80f33
45a81000
45a810cd
45a8119a
45a81266
45a81333
45a81400
45a814cd
45a8159a
45a81666
45a81733
45a81800
45a818cd
45a8199a
45a81a66
45a81b33
45a81c00
45a81ccd
45a81d9a
45a81e66
45a81f33
45a82000
45a820cd
45a8219a
45a82266
45a82333
45a82400
45a824cd
45a8259a
45a82666
45a82733
45a82800
45a828cd
45a8299a
45a82a66
45a82b33
45a82c00
45a82ccd
45a82d9a
45a82e66
45a82f33
45a83000
45a830cd
45a8319a
45a83266
45a83333
45a83400
45a834cd
45a8359a
45a83666
45a83733
45a83800
45a838cd
45a8399a
45a83a66
45a83b33
45a83c00
45a83ccd
45a83d9a
45a83e66
45a83f33
45a84000
45a840cd
45a8419a
45a84266
45a84333
45a84400
45a844cd
45a8459a
45a84666
45a84733
45a84800
45a848cd
45a8499a
45a84a66
45a84b33
45a84c00
45a84ccd
45a84d9a
45a84e66
45a84f33
45a85000
45a850cd
45a8519a
45a85266
45a85333
45a85400
45a854cd
45a8559a
45a85666
45a85733
45a85800
45a858cd
45a8599a
45a85a66
45a85b33
45a85c00
45a85ccd
45a85d9a
45a85e66
45a85f33
45a86000
45a860cd
45a8619a
45a86266
45a86333
45a86400
45a864cd
45a8659a
45a86666
45a86733
45a86800
45a868cd
45a8699a
45a86a66
45a86b33
45a86c00
45a86ccd
45a86d9a
45a86e66
45a86f33
45a87000
45a870cd
45a8719a
45a87266
45a87333
45a87400
45a874cd
45a8759a
45a87666
45a87733
45a87800
45a878cd
45a8799a
45a87a66
45a87b33
45a87c00
45a87ccd
45a87d9a
45a87e66
45a87f33
45a88000
45a880cd
45a8819a
45a88266
45a88333
45a88400
45a884cd
45a8859a
45a88666
45a88733
45a88800
45a888cd
45a8899a
45a88a66
45a88b33
45a88c00
45a88ccd
45a88d9a
45a88e66
45a88f33
45a89000
45a890cd
45a8919a
45a89266
45a89333
45a89400
45a894cd
45a8959a
45a89666
45a89733
45a89800
45a898cd
45a8999a
45a89a66
45a89b33
45a89c00
45a89ccd
45a89d9a
45a89e66
45a89f33
45a8a000
45a8a0cd
45a8a19a
45a8a266
45a8a333
45a8a400
45a8a4cd
45a8a59a
45a8a666
45a8a733
45a8a800
45a8a8cd
45a8a99a
45a8aa66
45a8ab33
45a8ac00
45a8accd
45a8ad9a
45a8ae66
45a8af33
45a8b000
45a8b0cd
45a8b19a
45a8b266
45a8b333
45a8b400
45a8b4cd
45a8b59a
45a8b666
45a8b733
45a8b800
45a8b8cd
45a8b99a
45a8ba66
45a8bb33
45a8bc00
45a8bccd
45a8bd9a
45a8be66
45a8bf33
45a8c000
45a8c0cd
45a8c19a
45a8c266
45a8c333
45a8c400
45a8c4cd
45a8c59a
45a8c666
45a8c733
45a8c800
45a8c8cd
45a8c99a
45a8ca66
45a8cb33
45a8cc00
45a8cccd
45a8cd9a
45a8ce66
45a8cf33
45a8d000
45a8d0cd
45a8d19a
45a8d266
45a8d333
45a8d400
45a8d4cd
45a8d59a
45a8d666
45a8d733
45a8d800
45a8d8cd
45a8d99a
45a8da66
45a8db33
45a8dc00
45a8dccd
45a8dd9a
45a8de66
45a8df33
45a8e000
45a8e0cd
45a8e19a
45a8e266
45a8e333
45a8e400
45a8e4cd
45a8e59a
45a8e666
45a8e733
45a8e800
45a8e8cd
45a8e99a
45a8ea66
45a8eb33
45a8ec00
45a8eccd
45a8ed9a
45a8ee66
45a8ef33
45a8f000
45a8f0cd
45a8f19a
45a8f266
45a8f333
45a8f400
45a8f4cd
45a8f59a
45a8f666
45a8f733
45a8f800
45a8f8cd
45a8f99a
45a8fa66
45a8fb33
45a8fc00
45a8fccd
45a8fd9a
45a8fe66
45a8ff33
45a90000
45a900cd
45a9019a
45a90266
45a90333
45a90400
45a904cd
45a9059a
45a90666
45a90733
45a90800
45a908cd
45a9099a
45a90a66
45a90b33
45a90c00
45a90ccd
45a90d9a
45a90e66
45a90f33
45a91000
45a910cd
45a9119a
45a91266
45a91333
45a91400
45a914cd
45a9159a
45a91666
45a91733
45a91800
45a918cd
45a9199a
45a91a66
45a91b33
45a91c00
45a91ccd
45a91d9a
45a91e66
45a91f33
45a92000
45a920cd
45a9219a
45a92266
45a92333
45a92400
45a924cd
45a9259a
45a92666
45a92733
45a92800
45a928cd
45a9299a
45a92a66
45a92b33
45a92c00
45a92ccd
45a92d9a
45a92e66
45a92f33
45a93000
45a930cd
45a9319a
45a93266
45a93333
45a93400
45a934cd
45a9359a
45a93666
45a93733
45a93800
45a938cd
45a9399a
45a93a66
45a93b33
45a93c00
45a93ccd
45a93d9a
45a93e66
45a93f33
45a94000
45a940cd
45a9419a
45a94266
45a94333
45a94400
45a944cd
45a9459a
45a94666
45a94733
45a94800
45a948cd
45a9499a
45a94a66
45a94b33
45a94c00
45a94ccd
45a94d9a
45a94e66
45a94f33
45a95000
45a950cd
45a9519a
45a95266
45a95333
45a95400
45a954cd
45a9559a
45a95666
45a95733
45a95800
45a958cd
45a9599a
45a95a66
45a95b33
45a95c00
45a95ccd
45a95d9a
45a95e66
45a95f33
45a96000
45a960cd
45a9619a
45a96266
45a96333
45a96400
45a964cd
45a9659a
45a96666
45a96733
45a96800
45a968cd
45a9699a
45a96a66
45a96b33
45a96c00
45a96ccd
45a96d9a
45a96e66
45a96f33
45a97000
45a970cd
45a9719a
45a97266
45a97333
45a97400
45a974cd
45a9759a
45a97666
45a97733
45a97800
45a978cd
45a9799a
45a97a66
45a97b33
45a97c00
45a97ccd
45a97d9a
45a97e66
45a97f33
45a98000
45a980cd
45a9819a
45a98266
45a98333
45a98400
45a984cd
45a9859a
45a98666
45a98733
45a98800
45a988cd
45a9899a
45a98a66
45a98b33
45a98c00
45a98ccd
45a98d9a
45a98e66
45a98f33
45a99000
45a990cd
45a9919a
45a99266
45a99333
45a99400
45a994cd
45a9959a
45a99666
45a99733
45a99800
45a998cd
45a9999a
45a99a66
45a99b33
45a99c00
45a99ccd
45a99d9a
45a99e66
45a99f33
45a9a000
45a9a0cd
45a9a19a
45a9a266
45a9a333
45a9a400
45a9a4cd
45a9a59a
45a9a666
45a9a733
45a9a800
45a9a8cd
45a9a99a
45a9aa66
45a9ab33
45a9ac00
45a9accd
45a9ad9a
45a9ae66
45a9af33
45a9b000
45a9b0cd
45a9b19a
45a9b266
45a9b333
45a9b400
45a9b4cd
45a9b59a
45a9b666
45a9b733
45a9b800
45a9b8cd
45a9b99a
45a9ba66
45a9bb33
45a9bc00
45a9bccd
45a9bd9a
45a9be66
45a9bf33
45a9c000
45a9c0cd
45a9c19a
45a9c266
45a9c333
45a9c400
45a9c4cd
45a9c59a
45a9c666
45a9c733
45a9c800
45a9c8cd
45a9c99a
45a9ca66
45a9cb33
45a9cc00
45a9cccd
45a9cd9a
45a9ce66
45a9cf33
45a9d000
45a9d0cd
45a9d19a
45a9d266
45a9d333
45a9d400
45a9d4cd
45a9d59a
45a9d666
45a9d733
45a9d800
45a9d8cd
45a9d99a
45a9da66
45a9db33
45a9dc00
45a9dccd
45a9dd9a
45a9de66
45a9df33
45a9e000
45a9e0cd
45a9e19a
45a9e266
45a9e333
45a9e400
45a9e4cd
45a9e59a
45a9e666
45a9e733
45a9e800
45a9e8cd
45a9e99a
45a9ea66
45a9eb33
45a9ec00
45a9eccd
45a9ed9a
45a9ee66
45a9ef33
45a9f000
45a9f0cd
45a9f19a
45a9f266
45a9f333
45a9f400
45a9f4cd
45a9f59a
45a9f666
45a9f733
45a9f800
45a9f8cd
45a9f99a
45a9fa66
45a9fb33
45a9fc00
45a9fccd
45a9fd9a
45a9fe66
45a9ff33
45aa0000
45aa00cd
45aa019a
45aa0266
45aa0333
45aa0400
45aa04cd
45aa059a
45aa0666
45aa0733
45aa0800
45aa08cd
45aa099a
45aa0a66
45aa0b33
45aa0c00
45aa0ccd
45aa0d9a
45aa0e66
45aa0f33
45aa1000
45aa10cd
45aa119a
45aa1266
45aa1333
45aa1400
45aa14cd
45aa159a
45aa1666
45aa1733
45aa1800
45aa18cd
45aa199a
45aa1a66
45aa1b33
45aa1c00
45aa1ccd
45aa1d9a
45aa1e66
45aa1f33
45aa2000
45aa20cd
45aa219a
45aa2266
45aa2333
45aa2400
45aa24cd
45aa259a
45aa2666
45aa2733
45aa2800
45aa28cd
45aa299a
45aa2a66
45aa2b33
45aa2c00
45aa2ccd
45aa2d9a
45aa2e66
45aa2f33
45aa3000
45aa30cd
45aa319a
45aa3266
45aa3333
45aa3400
45aa34cd
45aa359a
45aa3666
45aa3733
45aa3800
45aa38cd
45aa399a
45aa3a66
45aa3b33
45aa3c00
45aa3ccd
45aa3d9a
45aa3e66
45aa3f33
45aa4000
45aa40cd
45aa419a
45aa4266
45aa4333
45aa4400
45aa44cd
45aa459a
45aa4666
45aa4733
45aa4800
45aa48cd
45aa499a
45aa4a66
45aa4b33
45aa4c00
45aa4ccd
45aa4d9a
45aa4e66
45aa4f33
45aa5000
45aa50cd
45aa519a
45aa5266
45aa5333
45aa5400
45aa54cd
45aa559a
45aa5666
45aa5733
45aa5800
45aa58cd
45aa599a
45aa5a66
45aa5b33
45aa5c00
45aa5ccd
45aa5d9a
45aa5e66
45aa5f33
45aa6000
45aa60cd
45aa619a
45aa6266
45aa6333
45aa6400
45aa64cd
45aa659a
45aa6666
45aa6733
45aa6800
45aa68cd
45aa699a
45aa6a66
45aa6b33
45aa6c00
45aa6ccd
45aa6d9a
45aa6e66
45aa6f33
45aa7000
45aa70cd
45aa719a
45aa7266
45aa7333
45aa7400
45aa74cd
45aa759a
45aa7666
45aa7733
45aa7800
45aa78cd
45aa799a
45aa7a66
45aa7b33
45aa7c00
45aa7ccd
45aa7d9a
45aa7e66
45aa7f33
45aa8000
45aa80cd
45aa819a
45aa8266
45aa8333
45aa8400
45aa84cd
45aa859a
45aa8666
45aa8733
45aa8800
45aa88cd
45aa899a
45aa8a66
45aa8b33
45aa8c00
45aa8ccd
45aa8d9a
45aa8e66
45aa8f33
45aa9000
45aa90cd
45aa919a
45aa9266
45aa9333
45aa9400
45aa94cd
45aa959a
45aa9666
45aa9733
45aa9800
45aa98cd
45aa999a
45aa9a66
45aa9b33
45aa9c00
45aa9ccd
45aa9d9a
45aa9e66
45aa9f33
45aaa000
45aaa0cd
45aaa19a
45aaa266
45aaa333
45aaa400
45aaa4cd
45aaa59a
45aaa666
45aaa733
45aaa800
45aaa8cd
45aaa99a
45aaaa66
45aaab33
45aaac00
45aaaccd
45aaad9a
45aaae66
45aaaf33
45aab000
45aab0cd
45aab19a
45aab266
45aab333
45aab400
45aab4cd
45aab59a
45aab666
45aab733
45aab800
45aab8cd
45aab99a
45aaba66
45aabb33
45aabc00
45aabccd
45aabd9a
45aabe66
45aabf33
45aac000
45aac0cd
45aac19a
45aac266
45aac333
45aac400
45aac4cd
45aac59a
45aac666
45aac733
45aac800
45aac8cd
45aac99a
45aaca66
45aacb33
45aacc00
45aacccd
45aacd9a
45aace66
45aacf33
45aad000
45aad0cd
45aad19a
45aad266
45aad333
45aad400
45aad4cd
45aad59a
45aad666
45aad733
45aad800
45aad8cd
45aad99a
45aada66
45aadb33
45aadc00
45aadccd
45aadd9a
45aade66
45aadf33
45aae000
45aae0cd
45aae19a
45aae266
45aae333
45aae400
45aae4cd
45aae59a
45aae666
45aae733
45aae800
45aae8cd
45aae99a
45aaea66
45aaeb33
45aaec00
45aaeccd
45aaed9a
45aaee66
45aaef33
45aaf000
45aaf0cd
45aaf19a
45aaf266
45aaf333
45aaf400
45aaf4cd
45aaf59a
45aaf666
45aaf733
45aaf800
45aaf8cd
45aaf99a
45aafa66
45aafb33
45aafc00
45aafccd
45aafd9a
45aafe66
45aaff33
45ab0000
45ab00cd
45ab019a
45ab0266
45ab0333
45ab0400
45ab04cd
45ab059a
45ab0666
45ab0733
45ab0800
45ab08cd
45ab099a
45ab0a66
45ab0b33
45ab0c00
45ab0ccd
45ab0d9a
45ab0e66
45ab0f33
45ab1000
45ab10cd
45ab119a
45ab1266
45ab1333
45ab1400
45ab14cd
45ab159a
45ab1666
45ab1733
45ab1800
45ab18cd
45ab199a
45ab1a66
45ab1b33
45ab1c00
45ab1ccd
45ab1d9a
45ab1e66
45ab1f33
45ab2000
45ab20cd
45ab219a
45ab2266
45ab2333
45ab2400
45ab24cd
45ab259a
45ab2666
45ab2733
45ab2800
45ab28cd
45ab299a
45ab2a66
45ab2b33
45ab2c00
45ab2ccd
45ab2d9a
45ab2e66
45ab2f33
45ab3000
45ab30cd
45ab319a
45ab3266
45ab3333
45ab3400
45ab34cd
45ab359a
45ab3666
45ab3733
45ab3800
45ab38cd
45ab399a
45ab3a66
45ab3b33
45ab3c00
45ab3ccd
45ab3d9a
45ab3e66
45ab3f33
45ab4000
45ab40cd
45ab419a
45ab4266
45ab4333
45ab4400
45ab44cd
45ab459a
45ab4666
45ab4733
45ab4800
45ab48cd
45ab499a
45ab4a66
45ab4b33
45ab4c00
45ab4ccd
45ab4d9a
45ab4e66
45ab4f33
45ab5000
45ab50cd
45ab519a
45ab5266
45ab5333
45ab5400
45ab54cd
45ab559a
45ab5666
45ab5733
45ab5800
45ab58cd
45ab599a
45ab5a66
45ab5b33
45ab5c00
45ab5ccd
45ab5d9a
45ab5e66
45ab5f33
45ab6000
45ab60cd
45ab619a
45ab6266
45ab6333
45ab6400
45ab64cd
45ab659a
45ab6666
45ab6733
45ab6800
45ab68cd
45ab699a
45ab6a66
45ab6b33
45ab6c00
45ab6ccd
45ab6d9a
45ab6e66
45ab6f33
45ab7000
45ab70cd
45ab719a
45ab7266
45ab7333
45ab7400
45ab74cd
45ab759a
45ab7666
45ab7733
45ab7800
45ab78cd
45ab799a
45ab7a66
45ab7b33
45ab7c00
45ab7ccd
45ab7d9a
45ab7e66
45ab7f33
45ab8000
45ab80cd
45ab819a
45ab8266
45ab8333
45ab8400
45ab84cd
45ab859a
45ab8666
45ab8733
45ab8800
45ab88cd
45ab899a
45ab8a66
45ab8b33
45ab8c00
45ab8ccd
45ab8d9a
45ab8e66
45ab8f33
45ab9000
45ab90cd
45ab919a
45ab9266
45ab9333
45ab9400
45ab94cd
45ab959a
45ab9666
45ab9733
45ab9800
45ab98cd
45ab999a
45ab9a66
45ab9b33
45ab9c00
45ab9ccd
45ab9d9a
45ab9e66
45ab9f33
45aba000
45aba0cd
45aba19a
45aba266
45aba333
45aba400
45aba4cd
45aba59a
45aba666
45aba733
45aba800
45aba8cd
45aba99a
45abaa66
45abab33
45abac00
45abaccd
45abad9a
45abae66
45abaf33
45abb000
45abb0cd
45abb19a
45abb266
45abb333
45abb400
45abb4cd
45abb59a
45abb666
45abb733
45abb800
45abb8cd
45abb99a
45abba66
45abbb33
45abbc00
45abbccd
45abbd9a
45abbe66
45abbf33
45abc000
45abc0cd
45abc19a
45abc266
45abc333
45abc400
45abc4cd
45abc59a
45abc666
45abc733
45abc800
45abc8cd
45abc99a
45abca66
45abcb33
45abcc00
45abcccd
45abcd9a
45abce66
45abcf33
45abd000
45abd0cd
45abd19a
45abd266
45abd333
45abd400
45abd4cd
45abd59a
45abd666
45abd733
45abd800
45abd8cd
45abd99a
45abda66
45abdb33
45abdc00
45abdccd
45abdd9a
45abde66
45abdf33
45abe000
45abe0cd
45abe19a
45abe266
45abe333
45abe400
45abe4cd
45abe59a
45abe666
45abe733
45abe800
45abe8cd
45abe99a
45abea66
45abeb33
45abec00
45abeccd
45abed9a
45abee66
45abef33
45abf000
45abf0cd
45abf19a
45abf266
45abf333
45abf400
45abf4cd
45abf59a
45abf666
45abf733
45abf800
45abf8cd
45abf99a
45abfa66
45abfb33
45abfc00
45abfccd
45abfd9a
45abfe66
45abff33
45ac0000
45ac00cd
45ac019a
45ac0266
45ac0333
45ac0400
45ac04cd
45ac059a
45ac0666
45ac0733
45ac0800
45ac08cd
45ac099a
45ac0a66
45ac0b33
45ac0c00
45ac0ccd
45ac0d9a
45ac0e66
45ac0f33
45ac1000
45ac10cd
45ac119a
45ac1266
45ac1333
45ac1400
45ac14cd
45ac159a
45ac1666
45ac1733
45ac1800
45ac18cd
45ac199a
45ac1a66
45ac1b33
45ac1c00
45ac1ccd
45ac1d9a
45ac1e66
45ac1f33
45ac2000
45ac20cd
45ac219a
45ac2266
45ac2333
45ac2400
45ac24cd
45ac259a
45ac2666
45ac2733
45ac2800
45ac28cd
45ac299a
45ac2a66
45ac2b33
45ac2c00
45ac2ccd
45ac2d9a
45ac2e66
45ac2f33
45ac3000
45ac30cd
45ac319a
45ac3266
45ac3333
45ac3400
45ac34cd
45ac359a
45ac3666
45ac3733
45ac3800
45ac38cd
45ac399a
45ac3a66
45ac3b33
45ac3c00
45ac3ccd
45ac3d9a
45ac3e66
45ac3f33
45ac4000
45ac40cd
45ac419a
45ac4266
45ac4333
45ac4400
45ac44cd
45ac459a
45ac4666
45ac4733
45ac4800
45ac48cd
45ac499a
45ac4a66
45ac4b33
45ac4c00
45ac4ccd
45ac4d9a
45ac4e66
45ac4f33
45ac5000
45ac50cd
45ac519a
45ac5266
45ac5333
45ac5400
45ac54cd
45ac559a
45ac5666
45ac5733
45ac5800
45ac58cd
45ac599a
45ac5a66
45ac5b33
45ac5c00
45ac5ccd
45ac5d9a
45ac5e66
45ac5f33
45ac6000
45ac60cd
45ac619a
45ac6266
45ac6333
45ac6400
45ac64cd
45ac659a
45ac6666
45ac6733
45ac6800
45ac68cd
45ac699a
45ac6a66
45ac6b33
45ac6c00
45ac6ccd
45ac6d9a
45ac6e66
45ac6f33
45ac7000
45ac70cd
45ac719a
45ac7266
45ac7333
45ac7400
45ac74cd
45ac759a
45ac7666
45ac7733
45ac7800
45ac78cd
45ac799a
45ac7a66
45ac7b33
45ac7c00
45ac7ccd
45ac7d9a
45ac7e66
45ac7f33
45ac8000
45ac80cd
45ac819a
45ac8266
45ac8333
45ac8400
45ac84cd
45ac859a
45ac8666
45ac8733
45ac8800
45ac88cd
45ac899a
45ac8a66
45ac8b33
45ac8c00
45ac8ccd
45ac8d9a
45ac8e66
45ac8f33
45ac9000
45ac90cd
45ac919a
45ac9266
45ac9333
45ac9400
45ac94cd
45ac959a
45ac9666
45ac9733
45ac9800
45ac98cd
45ac999a
45ac9a66
45ac9b33
45ac9c00
45ac9ccd
45ac9d9a
45ac9e66
45ac9f33
45aca000
45aca0cd
45aca19a
45aca266
45aca333
45aca400
45aca4cd
45aca59a
45aca666
45aca733
45aca800
45aca8cd
45aca99a
45acaa66
45acab33
45acac00
45acaccd
45acad9a
45acae66
45acaf33
45acb000
45acb0cd
45acb19a
45acb266
45acb333
45acb400
45acb4cd
45acb59a
45acb666
45acb733
45acb800
45acb8cd
45acb99a
45acba66
45acbb33
45acbc00
45acbccd
45acbd9a
45acbe66
45acbf33
45acc000
45acc0cd
45acc19a
45acc266
45acc333
45acc400
45acc4cd
45acc59a
45acc666
45acc733
45acc800
45acc8cd
45acc99a
45acca66
45accb33
45accc00
45accccd
45accd9a
45acce66
45accf33
45acd000
45acd0cd
45acd19a
45acd266
45acd333
45acd400
45acd4cd
45acd59a
45acd666
45acd733
45acd800
45acd8cd
45acd99a
45acda66
45acdb33
45acdc00
45acdccd
45acdd9a
45acde66
45acdf33
45ace000
45ace0cd
45ace19a
45ace266
45ace333
45ace400
45ace4cd
45ace59a
45ace666
45ace733
45ace800
45ace8cd
45ace99a
45acea66
45aceb33
45acec00
45aceccd
45aced9a
45acee66
45acef33
45acf000
45acf0cd
45acf19a
45acf266
45acf333
45acf400
45acf4cd
45acf59a
45acf666
45acf733
45acf800
45acf8cd
45acf99a
45acfa66
45acfb33
45acfc00
45acfccd
45acfd9a
45acfe66
45acff33
45ad0000
45ad00cd
45ad019a
45ad0266
45ad0333
45ad0400
45ad04cd
45ad059a
45ad0666
45ad0733
45ad0800
45ad08cd
45ad099a
45ad0a66
45ad0b33
45ad0c00
45ad0ccd
45ad0d9a
45ad0e66
45ad0f33
45ad1000
45ad10cd
45ad119a
45ad1266
45ad1333
45ad1400
45ad14cd
45ad159a
45ad1666
45ad1733
45ad1800
45ad18cd
45ad199a
45ad1a66
45ad1b33
45ad1c00
45ad1ccd
45ad1d9a
45ad1e66
45ad1f33
45ad2000
45ad20cd
45ad219a
45ad2266
45ad2333
45ad2400
45ad24cd
45ad259a
45ad2666
45ad2733
45ad2800
45ad28cd
45ad299a
45ad2a66
45ad2b33
45ad2c00
45ad2ccd
45ad2d9a
45ad2e66
45ad2f33
45ad3000
45ad30cd
45ad319a
45ad3266
45ad3333
45ad3400
45ad34cd
45ad359a
45ad3666
45ad3733
45ad3800
45ad38cd
45ad399a
45ad3a66
45ad3b33
45ad3c00
45ad3ccd
45ad3d9a
45ad3e66
45ad3f33
45ad4000
45ad40cd
45ad419a
45ad4266
45ad4333
45ad4400
45ad44cd
45ad459a
45ad4666
45ad4733
45ad4800
45ad48cd
45ad499a
45ad4a66
45ad4b33
45ad4c00
45ad4ccd
45ad4d9a
45ad4e66
45ad4f33
45ad5000
45ad50cd
45ad519a
45ad5266
45ad5333
45ad5400
45ad54cd
45ad559a
45ad5666
45ad5733
45ad5800
45ad58cd
45ad599a
45ad5a66
45ad5b33
45ad5c00
45ad5ccd
45ad5d9a
45ad5e66
45ad5f33
45ad6000
45ad60cd
45ad619a
45ad6266
45ad6333
45ad6400
45ad64cd
45ad659a
45ad6666
45ad6733
45ad6800
45ad68cd
45ad699a
45ad6a66
45ad6b33
45ad6c00
45ad6ccd
45ad6d9a
45ad6e66
45ad6f33
45ad7000
45ad70cd
45ad719a
45ad7266
45ad7333
45ad7400
45ad74cd
45ad759a
45ad7666
45ad7733
45ad7800
45ad78cd
45ad799a
45ad7a66
45ad7b33
45ad7c00
45ad7ccd
45ad7d9a
45ad7e66
45ad7f33
45ad8000
45ad80cd
45ad819a
45ad8266
45ad8333
45ad8400
45ad84cd
45ad859a
45ad8666
45ad8733
45ad8800
45ad88cd
45ad899a
45ad8a66
45ad8b33
45ad8c00
45ad8ccd
45ad8d9a
45ad8e66
45ad8f33
45ad9000
45ad90cd
45ad919a
45ad9266
45ad9333
45ad9400
45ad94cd
45ad959a
45ad9666
45ad9733
45ad9800
45ad98cd
45ad999a
45ad9a66
45ad9b33
45ad9c00
45ad9ccd
45ad9d9a
45ad9e66
45ad9f33
45ada000
45ada0cd
45ada19a
45ada266
45ada333
45ada400
45ada4cd
45ada59a
45ada666
45ada733
45ada800
45ada8cd
45ada99a
45adaa66
45adab33
45adac00
45adaccd
45adad9a
45adae66
45adaf33
45adb000
45adb0cd
45adb19a
45adb266
45adb333
45adb400
45adb4cd
45adb59a
45adb666
45adb733
45adb800
45adb8cd
45adb99a
45adba66
45adbb33
45adbc00
45adbccd
45adbd9a
45adbe66
45adbf33
45adc000
45adc0cd
45adc19a
45adc266
45adc333
45adc400
45adc4cd
45adc59a
45adc666
45adc733
45adc800
45adc8cd
45adc99a
45adca66
45adcb33
45adcc00
45adcccd
45adcd9a
45adce66
45adcf33
45add000
45add0cd
45add19a
45add266
45add333
45add400
45add4cd
45add59a
45add666
45add733
45add800
45add8cd
45add99a
45adda66
45addb33
45addc00
45addccd
45addd9a
45adde66
45addf33
45ade000
45ade0cd
45ade19a
45ade266
45ade333
45ade400
45ade4cd
45ade59a
45ade666
45ade733
45ade800
45ade8cd
45ade99a
45adea66
45adeb33
45adec00
45adeccd
45aded9a
45adee66
45adef33
45adf000
45adf0cd
45adf19a
45adf266
45adf333
45adf400
45adf4cd
45adf59a
45adf666
45adf733
45adf800
45adf8cd
45adf99a
45adfa66
45adfb33
45adfc00
45adfccd
45adfd9a
45adfe66
45adff33
45ae0000
45ae00cd
45ae019a
45ae0266
45ae0333
45ae0400
45ae04cd
45ae059a
45ae0666
45ae0733
45ae0800
45ae08cd
45ae099a
45ae0a66
45ae0b33
45ae0c00
45ae0ccd
45ae0d9a
45ae0e66
45ae0f33
45ae1000
45ae10cd
45ae119a
45ae1266
45ae1333
45ae1400
45ae14cd
45ae159a
45ae1666
45ae1733
45ae1800
45ae18cd
45ae199a
45ae1a66
45ae1b33
45ae1c00
45ae1ccd
45ae1d9a
45ae1e66
45ae1f33
45ae2000
45ae20cd
45ae219a
45ae2266
45ae2333
45ae2400
45ae24cd
45ae259a
45ae2666
45ae2733
45ae2800
45ae28cd
45ae299a
45ae2a66
45ae2b33
45ae2c00
45ae2ccd
45ae2d9a
45ae2e66
45ae2f33
45ae3000
45ae30cd
45ae319a
45ae3266
45ae3333
45ae3400
45ae34cd
45ae359a
45ae3666
45ae3733
45ae3800
45ae38cd
45ae399a
45ae3a66
45ae3b33
45ae3c00
45ae3ccd
45ae3d9a
45ae3e66
45ae3f33
45ae4000
45ae40cd
45ae419a
45ae4266
45ae4333
45ae4400
45ae44cd
45ae459a
45ae4666
45ae4733
45ae4800
45ae48cd
45ae499a
45ae4a66
45ae4b33
45ae4c00
45ae4ccd
45ae4d9a
45ae4e66
45ae4f33
45ae5000
45ae50cd
45ae519a
45ae5266
45ae5333
45ae5400
45ae54cd
45ae559a
45ae5666
45ae5733
45ae5800
45ae58cd
45ae599a
45ae5a66
45ae5b33
45ae5c00
45ae5ccd
45ae5d9a
45ae5e66
45ae5f33
45ae6000
45ae60cd
45ae619a
45ae6266
45ae6333
45ae6400
45ae64cd
45ae659a
45ae6666
45ae6733
45ae6800
45ae68cd
45ae699a
45ae6a66
45ae6b33
45ae6c00
45ae6ccd
45ae6d9a
45ae6e66
45ae6f33
45ae7000
45ae70cd
45ae719a
45ae7266
45ae7333
45ae7400
45ae74cd
45ae759a
45ae7666
45ae7733
45ae7800
45ae78cd
45ae799a
45ae7a66
45ae7b33
45ae7c00
45ae7ccd
45ae7d9a
45ae7e66
45ae7f33
45ae8000
45ae80cd
45ae819a
45ae8266
45ae8333
45ae8400
45ae84cd
45ae859a
45ae8666
45ae8733
45ae8800
45ae88cd
45ae899a
45ae8a66
45ae8b33
45ae8c00
45ae8ccd
45ae8d9a
45ae8e66
45ae8f33
45ae9000
45ae90cd
45ae919a
45ae9266
45ae9333
45ae9400
45ae94cd
45ae959a
45ae9666
45ae9733
45ae9800
45ae98cd
45ae999a
45ae9a66
45ae9b33
45ae9c00
45ae9ccd
45ae9d9a
45ae9e66
45ae9f33
45aea000
45aea0cd
45aea19a
45aea266
45aea333
45aea400
45aea4cd
45aea59a
45aea666
45aea733
45aea800
45aea8cd
45aea99a
45aeaa66
45aeab33
45aeac00
45aeaccd
45aead9a
45aeae66
45aeaf33
45aeb000
45aeb0cd
45aeb19a
45aeb266
45aeb333
45aeb400
45aeb4cd
45aeb59a
45aeb666
45aeb733
45aeb800
45aeb8cd
45aeb99a
45aeba66
45aebb33
45aebc00
45aebccd
45aebd9a
45aebe66
45aebf33
45aec000
45aec0cd
45aec19a
45aec266
45aec333
45aec400
45aec4cd
45aec59a
45aec666
45aec733
45aec800
45aec8cd
45aec99a
45aeca66
45aecb33
45aecc00
45aecccd
45aecd9a
45aece66
45aecf33
45aed000
45aed0cd
45aed19a
45aed266
45aed333
45aed400
45aed4cd
45aed59a
45aed666
45aed733
45aed800
45aed8cd
45aed99a
45aeda66
45aedb33
45aedc00
45aedccd
45aedd9a
45aede66
45aedf33
45aee000
45aee0cd
45aee19a
45aee266
45aee333
45aee400
45aee4cd
45aee59a
45aee666
45aee733
45aee800
45aee8cd
45aee99a
45aeea66
45aeeb33
45aeec00
45aeeccd
45aeed9a
45aeee66
45aeef33
45aef000
45aef0cd
45aef19a
45aef266
45aef333
45aef400
45aef4cd
45aef59a
45aef666
45aef733
45aef800
45aef8cd
45aef99a
45aefa66
45aefb33
45aefc00
45aefccd
45aefd9a
45aefe66
45aeff33
45af0000
45af00cd
45af019a
45af0266
45af0333
45af0400
45af04cd
45af059a
45af0666
45af0733
45af0800
45af08cd
45af099a
45af0a66
45af0b33
45af0c00
45af0ccd
45af0d9a
45af0e66
45af0f33
45af1000
45af10cd
45af119a
45af1266
45af1333
45af1400
45af14cd
45af159a
45af1666
45af1733
45af1800
45af18cd
45af199a
45af1a66
45af1b33
45af1c00
45af1ccd
45af1d9a
45af1e66
45af1f33
45af2000
45af20cd
45af219a
45af2266
45af2333
45af2400
45af24cd
45af259a
45af2666
45af2733
45af2800
45af28cd
45af299a
45af2a66
45af2b33
45af2c00
45af2ccd
45af2d9a
45af2e66
45af2f33
45af3000
45af30cd
45af319a
45af3266
45af3333
45af3400
45af34cd
45af359a
45af3666
45af3733
45af3800
45af38cd
45af399a
45af3a66
45af3b33
45af3c00
45af3ccd
45af3d9a
45af3e66
45af3f33
45af4000
45af40cd
45af419a
45af4266
45af4333
45af4400
45af44cd
45af459a
45af4666
45af4733
45af4800
45af48cd
45af499a
45af4a66
45af4b33
45af4c00
45af4ccd
45af4d9a
45af4e66
45af4f33
45af5000
45af50cd
45af519a
45af5266
45af5333
45af5400
45af54cd
45af559a
45af5666
45af5733
45af5800
45af58cd
45af599a
45af5a66
45af5b33
45af5c00
45af5ccd
45af5d9a
45af5e66
45af5f33
45af6000
45af60cd
45af619a
45af6266
45af6333
45af6400
45af64cd
45af659a
45af6666
45af6733
45af6800
45af68cd
45af699a
45af6a66
45af6b33
45af6c00
45af6ccd
45af6d9a
45af6e66
45af6f33
45af7000
45af70cd
45af719a
45af7266
45af7333
45af7400
45af74cd
45af759a
45af7666
45af7733
45af7800
45af78cd
45af799a
45af7a66
45af7b33
45af7c00
45af7ccd
45af7d9a
45af7e66
45af7f33
45af8000
45af80cd
45af819a
45af8266
45af8333
45af8400
45af84cd
45af859a
45af8666
45af8733
45af8800
45af88cd
45af899a
45af8a66
45af8b33
45af8c00
45af8ccd
45af8d9a
45af8e66
45af8f33
45af9000
45af90cd
45af919a
45af9266
45af9333
45af9400
45af94cd
45af959a
45af9666
45af9733
45af9800
45af98cd
45af999a
45af9a66
45af9b33
45af9c00
45af9ccd
45af9d9a
45af9e66
45af9f33
45afa000
45afa0cd
45afa19a
45afa266
45afa333
45afa400
45afa4cd
45afa59a
45afa666
45afa733
45afa800
45afa8cd
45afa99a
45afaa66
45afab33
45afac00
45afaccd
45afad9a
45afae66
45afaf33
45afb000
45afb0cd
45afb19a
45afb266
45afb333
45afb400
45afb4cd
45afb59a
45afb666
45afb733
45afb800
45afb8cd
45afb99a
45afba66
45afbb33
45afbc00
45afbccd
45afbd9a
45afbe66
45afbf33
45afc000
45afc0cd
45afc19a
45afc266
45afc333
45afc400
45afc4cd
45afc59a
45afc666
45afc733
45afc800
45afc8cd
45afc99a
45afca66
45afcb33
45afcc00
45afcccd
45afcd9a
45afce66
45afcf33
45afd000
45afd0cd
45afd19a
45afd266
45afd333
45afd400
45afd4cd
45afd59a
45afd666
45afd733
45afd800
45afd8cd
45afd99a
45afda66
45afdb33
45afdc00
45afdccd
45afdd9a
45afde66
45afdf33
45afe000
45afe0cd
45afe19a
45afe266
45afe333
45afe400
45afe4cd
45afe59a
45afe666
45afe733
45afe800
45afe8cd
45afe99a
45afea66
45afeb33
45afec00
45afeccd
45afed9a
45afee66
45afef33
45aff000
45aff0cd
45aff19a
45aff266
45aff333
45aff400
45aff4cd
45aff59a
45aff666
45aff733
45aff800
45aff8cd
45aff99a
45affa66
45affb33
45affc00
45affccd
45affd9a
45affe66
45afff33
45b00000
45b000cd
45b0019a
45b00266
45b00333
45b00400
45b004cd
45b0059a
45b00666
45b00733
45b00800
45b008cd
45b0099a
45b00a66
45b00b33
45b00c00
45b00ccd
45b00d9a
45b00e66
45b00f33
45b01000
45b010cd
45b0119a
45b01266
45b01333
45b01400
45b014cd
45b0159a
45b01666
45b01733
45b01800
45b018cd
45b0199a
45b01a66
45b01b33
45b01c00
45b01ccd
45b01d9a
45b01e66
45b01f33
45b02000
45b020cd
45b0219a
45b02266
45b02333
45b02400
45b024cd
45b0259a
45b02666
45b02733
45b02800
45b028cd
45b0299a
45b02a66
45b02b33
45b02c00
45b02ccd
45b02d9a
45b02e66
45b02f33
45b03000
45b030cd
45b0319a
45b03266
45b03333
45b03400
45b034cd
45b0359a
45b03666
45b03733
45b03800
45b038cd
45b0399a
45b03a66
45b03b33
45b03c00
45b03ccd
45b03d9a
45b03e66
45b03f33
45b04000
45b040cd
45b0419a
45b04266
45b04333
45b04400
45b044cd
45b0459a
45b04666
45b04733
45b04800
45b048cd
45b0499a
45b04a66
45b04b33
45b04c00
45b04ccd
45b04d9a
45b04e66
45b04f33
45b05000
45b050cd
45b0519a
45b05266
45b05333
45b05400
45b054cd
45b0559a
45b05666
45b05733
45b05800
45b058cd
45b0599a
45b05a66
45b05b33
45b05c00
45b05ccd
45b05d9a
45b05e66
45b05f33
45b06000
45b060cd
45b0619a
45b06266
45b06333
45b06400
45b064cd
45b0659a
45b06666
45b06733
45b06800
45b068cd
45b0699a
45b06a66
45b06b33
45b06c00
45b06ccd
45b06d9a
45b06e66
45b06f33
45b07000
45b070cd
45b0719a
45b07266
45b07333
45b07400
45b074cd
45b0759a
45b07666
45b07733
45b07800
45b078cd
45b0799a
45b07a66
45b07b33
45b07c00
45b07ccd
45b07d9a
45b07e66
45b07f33
45b08000
45b080cd
45b0819a
45b08266
45b08333
45b08400
45b084cd
45b0859a
45b08666
45b08733
45b08800
45b088cd
45b0899a
45b08a66
45b08b33
45b08c00
45b08ccd
45b08d9a
45b08e66
45b08f33
45b09000
45b090cd
45b0919a
45b09266
45b09333
45b09400
45b094cd
45b0959a
45b09666
45b09733
45b09800
45b098cd
45b0999a
45b09a66
45b09b33
45b09c00
45b09ccd
45b09d9a
45b09e66
45b09f33
45b0a000
45b0a0cd
45b0a19a
45b0a266
45b0a333
45b0a400
45b0a4cd
45b0a59a
45b0a666
45b0a733
45b0a800
45b0a8cd
45b0a99a
45b0aa66
45b0ab33
45b0ac00
45b0accd
45b0ad9a
45b0ae66
45b0af33
45b0b000
45b0b0cd
45b0b19a
45b0b266
45b0b333
45b0b400
45b0b4cd
45b0b59a
45b0b666
45b0b733
45b0b800
45b0b8cd
45b0b99a
45b0ba66
45b0bb33
45b0bc00
45b0bccd
45b0bd9a
45b0be66
45b0bf33
45b0c000
45b0c0cd
45b0c19a
45b0c266
45b0c333
45b0c400
45b0c4cd
45b0c59a
45b0c666
45b0c733
45b0c800
45b0c8cd
45b0c99a
45b0ca66
45b0cb33
45b0cc00
45b0cccd
45b0cd9a
45b0ce66
45b0cf33
45b0d000
45b0d0cd
45b0d19a
45b0d266
45b0d333
45b0d400
45b0d4cd
45b0d59a
45b0d666
45b0d733
45b0d800
45b0d8cd
45b0d99a
45b0da66
45b0db33
45b0dc00
45b0dccd
45b0dd9a
45b0de66
45b0df33
45b0e000
45b0e0cd
45b0e19a
45b0e266
45b0e333
45b0e400
45b0e4cd
45b0e59a
45b0e666
45b0e733
45b0e800
45b0e8cd
45b0e99a
45b0ea66
45b0eb33
45b0ec00
45b0eccd
45b0ed9a
45b0ee66
45b0ef33
45b0f000
45b0f0cd
45b0f19a
45b0f266
45b0f333
45b0f400
45b0f4cd
45b0f59a
45b0f666
45b0f733
45b0f800
45b0f8cd
45b0f99a
45b0fa66
45b0fb33
45b0fc00
45b0fccd
45b0fd9a
45b0fe66
45b0ff33
45b10000
45b100cd
45b1019a
45b10266
45b10333
45b10400
45b104cd
45b1059a
45b10666
45b10733
45b10800
45b108cd
45b1099a
45b10a66
45b10b33
45b10c00
45b10ccd
45b10d9a
45b10e66
45b10f33
45b11000
45b110cd
45b1119a
45b11266
45b11333
45b11400
45b114cd
45b1159a
45b11666
45b11733
45b11800
45b118cd
45b1199a
45b11a66
45b11b33
45b11c00
45b11ccd
45b11d9a
45b11e66
45b11f33
45b12000
45b120cd
45b1219a
45b12266
45b12333
45b12400
45b124cd
45b1259a
45b12666
45b12733
45b12800
45b128cd
45b1299a
45b12a66
45b12b33
45b12c00
45b12ccd
45b12d9a
45b12e66
45b12f33
45b13000
45b130cd
45b1319a
45b13266
45b13333
45b13400
45b134cd
45b1359a
45b13666
45b13733
45b13800
45b138cd
45b1399a
45b13a66
45b13b33
45b13c00
45b13ccd
45b13d9a
45b13e66
45b13f33
45b14000
45b140cd
45b1419a
45b14266
45b14333
45b14400
45b144cd
45b1459a
45b14666
45b14733
45b14800
45b148cd
45b1499a
45b14a66
45b14b33
45b14c00
45b14ccd
45b14d9a
45b14e66
45b14f33
45b15000
45b150cd
45b1519a
45b15266
45b15333
45b15400
45b154cd
45b1559a
45b15666
45b15733
45b15800
45b158cd
45b1599a
45b15a66
45b15b33
45b15c00
45b15ccd
45b15d9a
45b15e66
45b15f33
45b16000
45b160cd
45b1619a
45b16266
45b16333
45b16400
45b164cd
45b1659a
45b16666
45b16733
45b16800
45b168cd
45b1699a
45b16a66
45b16b33
45b16c00
45b16ccd
45b16d9a
45b16e66
45b16f33
45b17000
45b170cd
45b1719a
45b17266
45b17333
45b17400
45b174cd
45b1759a
45b17666
45b17733
45b17800
45b178cd
45b1799a
45b17a66
45b17b33
45b17c00
45b17ccd
45b17d9a
45b17e66
45b17f33
45b18000
45b180cd
45b1819a
45b18266
45b18333
45b18400
45b184cd
45b1859a
45b18666
45b18733
45b18800
45b188cd
45b1899a
45b18a66
45b18b33
45b18c00
45b18ccd
45b18d9a
45b18e66
45b18f33
45b19000
45b190cd
45b1919a
45b19266
45b19333
45b19400
45b194cd
45b1959a
45b19666
45b19733
45b19800
45b198cd
45b1999a
45b19a66
45b19b33
45b19c00
45b19ccd
45b19d9a
45b19e66
45b19f33
45b1a000
45b1a0cd
45b1a19a
45b1a266
45b1a333
45b1a400
45b1a4cd
45b1a59a
45b1a666
45b1a733
45b1a800
45b1a8cd
45b1a99a
45b1aa66
45b1ab33
45b1ac00
45b1accd
45b1ad9a
45b1ae66
45b1af33
45b1b000
45b1b0cd
45b1b19a
45b1b266
45b1b333
45b1b400
45b1b4cd
45b1b59a
45b1b666
45b1b733
45b1b800
45b1b8cd
45b1b99a
45b1ba66
45b1bb33
45b1bc00
45b1bccd
45b1bd9a
45b1be66
45b1bf33
45b1c000
45b1c0cd
45b1c19a
45b1c266
45b1c333
45b1c400
45b1c4cd
45b1c59a
45b1c666
45b1c733
45b1c800
45b1c8cd
45b1c99a
45b1ca66
45b1cb33
45b1cc00
45b1cccd
45b1cd9a
45b1ce66
45b1cf33
45b1d000
45b1d0cd
45b1d19a
45b1d266
45b1d333
45b1d400
45b1d4cd
45b1d59a
45b1d666
45b1d733
45b1d800
45b1d8cd
45b1d99a
45b1da66
45b1db33
45b1dc00
45b1dccd
45b1dd9a
45b1de66
45b1df33
45b1e000
45b1e0cd
45b1e19a
45b1e266
45b1e333
45b1e400
45b1e4cd
45b1e59a
45b1e666
45b1e733
45b1e800
45b1e8cd
45b1e99a
45b1ea66
45b1eb33
45b1ec00
45b1eccd
45b1ed9a
45b1ee66
45b1ef33
45b1f000
45b1f0cd
45b1f19a
45b1f266
45b1f333
45b1f400
45b1f4cd
45b1f59a
45b1f666
45b1f733
45b1f800
45b1f8cd
45b1f99a
45b1fa66
45b1fb33
45b1fc00
45b1fccd
45b1fd9a
45b1fe66
45b1ff33
45b20000
45b200cd
45b2019a
45b20266
45b20333
45b20400
45b204cd
45b2059a
45b20666
45b20733
45b20800
45b208cd
45b2099a
45b20a66
45b20b33
45b20c00
45b20ccd
45b20d9a
45b20e66
45b20f33
45b21000
45b210cd
45b2119a
45b21266
45b21333
45b21400
45b214cd
45b2159a
45b21666
45b21733
45b21800
45b218cd
45b2199a
45b21a66
45b21b33
45b21c00
45b21ccd
45b21d9a
45b21e66
45b21f33
45b22000
45b220cd
45b2219a
45b22266
45b22333
45b22400
45b224cd
45b2259a
45b22666
45b22733
45b22800
45b228cd
45b2299a
45b22a66
45b22b33
45b22c00
45b22ccd
45b22d9a
45b22e66
45b22f33
45b23000
45b230cd
45b2319a
45b23266
45b23333
45b23400
45b234cd
45b2359a
45b23666
45b23733
45b23800
45b238cd
45b2399a
45b23a66
45b23b33
45b23c00
45b23ccd
45b23d9a
45b23e66
45b23f33
45b24000
45b240cd
45b2419a
45b24266
45b24333
45b24400
45b244cd
45b2459a
45b24666
45b24733
45b24800
45b248cd
45b2499a
45b24a66
45b24b33
45b24c00
45b24ccd
45b24d9a
45b24e66
45b24f33
45b25000
45b250cd
45b2519a
45b25266
45b25333
45b25400
45b254cd
45b2559a
45b25666
45b25733
45b25800
45b258cd
45b2599a
45b25a66
45b25b33
45b25c00
45b25ccd
45b25d9a
45b25e66
45b25f33
45b26000
45b260cd
45b2619a
45b26266
45b26333
45b26400
45b264cd
45b2659a
45b26666
45b26733
45b26800
45b268cd
45b2699a
45b26a66
45b26b33
45b26c00
45b26ccd
45b26d9a
45b26e66
45b26f33
45b27000
45b270cd
45b2719a
45b27266
45b27333
45b27400
45b274cd
45b2759a
45b27666
45b27733
45b27800
45b278cd
45b2799a
45b27a66
45b27b33
45b27c00
45b27ccd
45b27d9a
45b27e66
45b27f33
45b28000
45b280cd
45b2819a
45b28266
45b28333
45b28400
45b284cd
45b2859a
45b28666
45b28733
45b28800
45b288cd
45b2899a
45b28a66
45b28b33
45b28c00
45b28ccd
45b28d9a
45b28e66
45b28f33
45b29000
45b290cd
45b2919a
45b29266
45b29333
45b29400
45b294cd
45b2959a
45b29666
45b29733
45b29800
45b298cd
45b2999a
45b29a66
45b29b33
45b29c00
45b29ccd
45b29d9a
45b29e66
45b29f33
45b2a000
45b2a0cd
45b2a19a
45b2a266
45b2a333
45b2a400
45b2a4cd
45b2a59a
45b2a666
45b2a733
45b2a800
45b2a8cd
45b2a99a
45b2aa66
45b2ab33
45b2ac00
45b2accd
45b2ad9a
45b2ae66
45b2af33
45b2b000
45b2b0cd
45b2b19a
45b2b266
45b2b333
45b2b400
45b2b4cd
45b2b59a
45b2b666
45b2b733
45b2b800
45b2b8cd
45b2b99a
45b2ba66
45b2bb33
45b2bc00
45b2bccd
45b2bd9a
45b2be66
45b2bf33
45b2c000
45b2c0cd
45b2c19a
45b2c266
45b2c333
45b2c400
45b2c4cd
45b2c59a
45b2c666
45b2c733
45b2c800
45b2c8cd
45b2c99a
45b2ca66
45b2cb33
45b2cc00
45b2cccd
45b2cd9a
45b2ce66
45b2cf33
45b2d000
45b2d0cd
45b2d19a
45b2d266
45b2d333
45b2d400
45b2d4cd
45b2d59a
45b2d666
45b2d733
45b2d800
45b2d8cd
45b2d99a
45b2da66
45b2db33
45b2dc00
45b2dccd
45b2dd9a
45b2de66
45b2df33
45b2e000
45b2e0cd
45b2e19a
45b2e266
45b2e333
45b2e400
45b2e4cd
45b2e59a
45b2e666
45b2e733
45b2e800
45b2e8cd
45b2e99a
45b2ea66
45b2eb33
45b2ec00
45b2eccd
45b2ed9a
45b2ee66
45b2ef33
45b2f000
45b2f0cd
45b2f19a
45b2f266
45b2f333
45b2f400
45b2f4cd
45b2f59a
45b2f666
45b2f733
45b2f800
45b2f8cd
45b2f99a
45b2fa66
45b2fb33
45b2fc00
45b2fccd
45b2fd9a
45b2fe66
45b2ff33
45b30000
45b300cd
45b3019a
45b30266
45b30333
45b30400
45b304cd
45b3059a
45b30666
45b30733
45b30800
45b308cd
45b3099a
45b30a66
45b30b33
45b30c00
45b30ccd
45b30d9a
45b30e66
45b30f33
45b31000
45b310cd
45b3119a
45b31266
45b31333
45b31400
45b314cd
45b3159a
45b31666
45b31733
45b31800
45b318cd
45b3199a
45b31a66
45b31b33
45b31c00
45b31ccd
45b31d9a
45b31e66
45b31f33
45b32000
45b320cd
45b3219a
45b32266
45b32333
45b32400
45b324cd
45b3259a
45b32666
45b32733
45b32800
45b328cd
45b3299a
45b32a66
45b32b33
45b32c00
45b32ccd
45b32d9a
45b32e66
45b32f33
45b33000
45b330cd
45b3319a
45b33266
45b33333
45b33400
45b334cd
45b3359a
45b33666
45b33733
45b33800
45b338cd
45b3399a
45b33a66
45b33b33
45b33c00
45b33ccd
45b33d9a
45b33e66
45b33f33
45b34000
45b340cd
45b3419a
45b34266
45b34333
45b34400
45b344cd
45b3459a
45b34666
45b34733
45b34800
45b348cd
45b3499a
45b34a66
45b34b33
45b34c00
45b34ccd
45b34d9a
45b34e66
45b34f33
45b35000
45b350cd
45b3519a
45b35266
45b35333
45b35400
45b354cd
45b3559a
45b35666
45b35733
45b35800
45b358cd
45b3599a
45b35a66
45b35b33
45b35c00
45b35ccd
45b35d9a
45b35e66
45b35f33
45b36000
45b360cd
45b3619a
45b36266
45b36333
45b36400
45b364cd
45b3659a
45b36666
45b36733
45b36800
45b368cd
45b3699a
45b36a66
45b36b33
45b36c00
45b36ccd
45b36d9a
45b36e66
45b36f33
45b37000
45b370cd
45b3719a
45b37266
45b37333
45b37400
45b374cd
45b3759a
45b37666
45b37733
45b37800
45b378cd
45b3799a
45b37a66
45b37b33
45b37c00
45b37ccd
45b37d9a
45b37e66
45b37f33
45b38000
45b380cd
45b3819a
45b38266
45b38333
45b38400
45b384cd
45b3859a
45b38666
45b38733
45b38800
45b388cd
45b3899a
45b38a66
45b38b33
45b38c00
45b38ccd
45b38d9a
45b38e66
45b38f33
45b39000
45b390cd
45b3919a
45b39266
45b39333
45b39400
45b394cd
45b3959a
45b39666
45b39733
45b39800
45b398cd
45b3999a
45b39a66
45b39b33
45b39c00
45b39ccd
45b39d9a
45b39e66
45b39f33
45b3a000
45b3a0cd
45b3a19a
45b3a266
45b3a333
45b3a400
45b3a4cd
45b3a59a
45b3a666
45b3a733
45b3a800
45b3a8cd
45b3a99a
45b3aa66
45b3ab33
45b3ac00
45b3accd
45b3ad9a
45b3ae66
45b3af33
45b3b000
45b3b0cd
45b3b19a
45b3b266
45b3b333
45b3b400
45b3b4cd
45b3b59a
45b3b666
45b3b733
45b3b800
45b3b8cd
45b3b99a
45b3ba66
45b3bb33
45b3bc00
45b3bccd
45b3bd9a
45b3be66
45b3bf33
45b3c000
45b3c0cd
45b3c19a
45b3c266
45b3c333
45b3c400
45b3c4cd
45b3c59a
45b3c666
45b3c733
45b3c800
45b3c8cd
45b3c99a
45b3ca66
45b3cb33
45b3cc00
45b3cccd
45b3cd9a
45b3ce66
45b3cf33
45b3d000
45b3d0cd
45b3d19a
45b3d266
45b3d333
45b3d400
45b3d4cd
45b3d59a
45b3d666
45b3d733
45b3d800
45b3d8cd
45b3d99a
45b3da66
45b3db33
45b3dc00
45b3dccd
45b3dd9a
45b3de66
45b3df33
45b3e000
45b3e0cd
45b3e19a
45b3e266
45b3e333
45b3e400
45b3e4cd
45b3e59a
45b3e666
45b3e733
45b3e800
45b3e8cd
45b3e99a
45b3ea66
45b3eb33
45b3ec00
45b3eccd
45b3ed9a
45b3ee66
45b3ef33
45b3f000
45b3f0cd
45b3f19a
45b3f266
45b3f333
45b3f400
45b3f4cd
45b3f59a
45b3f666
45b3f733
45b3f800
45b3f8cd
45b3f99a
45b3fa66
45b3fb33
45b3fc00
45b3fccd
45b3fd9a
45b3fe66
45b3ff33
45b40000
45b400cd
45b4019a
45b40266
45b40333
45b40400
45b404cd
45b4059a
45b40666
45b40733
45b40800
45b408cd
45b4099a
45b40a66
45b40b33
45b40c00
45b40ccd
45b40d9a
45b40e66
45b40f33
45b41000
45b410cd
45b4119a
45b41266
45b41333
45b41400
45b414cd
45b4159a
45b41666
45b41733
45b41800
45b418cd
45b4199a
45b41a66
45b41b33
45b41c00
45b41ccd
45b41d9a
45b41e66
45b41f33
45b42000
45b420cd
45b4219a
45b42266
45b42333
45b42400
45b424cd
45b4259a
45b42666
45b42733
45b42800
45b428cd
45b4299a
45b42a66
45b42b33
45b42c00
45b42ccd
45b42d9a
45b42e66
45b42f33
45b43000
45b430cd
45b4319a
45b43266
45b43333
45b43400
45b434cd
45b4359a
45b43666
45b43733
45b43800
45b438cd
45b4399a
45b43a66
45b43b33
45b43c00
45b43ccd
45b43d9a
45b43e66
45b43f33
45b44000
45b440cd
45b4419a
45b44266
45b44333
45b44400
45b444cd
45b4459a
45b44666
45b44733
45b44800
45b448cd
45b4499a
45b44a66
45b44b33
45b44c00
45b44ccd
45b44d9a
45b44e66
45b44f33
45b45000
45b450cd
45b4519a
45b45266
45b45333
45b45400
45b454cd
45b4559a
45b45666
45b45733
45b45800
45b458cd
45b4599a
45b45a66
45b45b33
45b45c00
45b45ccd
45b45d9a
45b45e66
45b45f33
45b46000
45b460cd
45b4619a
45b46266
45b46333
45b46400
45b464cd
45b4659a
45b46666
45b46733
45b46800
45b468cd
45b4699a
45b46a66
45b46b33
45b46c00
45b46ccd
45b46d9a
45b46e66
45b46f33
45b47000
45b470cd
45b4719a
45b47266
45b47333
45b47400
45b474cd
45b4759a
45b47666
45b47733
45b47800
45b478cd
45b4799a
45b47a66
45b47b33
45b47c00
45b47ccd
45b47d9a
45b47e66
45b47f33
45b48000
45b480cd
45b4819a
45b48266
45b48333
45b48400
45b484cd
45b4859a
45b48666
45b48733
45b48800
45b488cd
45b4899a
45b48a66
45b48b33
45b48c00
45b48ccd
45b48d9a
45b48e66
45b48f33
45b49000
45b490cd
45b4919a
45b49266
45b49333
45b49400
45b494cd
45b4959a
45b49666
45b49733
45b49800
45b498cd
45b4999a
45b49a66
45b49b33
45b49c00
45b49ccd
45b49d9a
45b49e66
45b49f33
45b4a000
45b4a0cd
45b4a19a
45b4a266
45b4a333
45b4a400
45b4a4cd
45b4a59a
45b4a666
45b4a733
45b4a800
45b4a8cd
45b4a99a
45b4aa66
45b4ab33
45b4ac00
45b4accd
45b4ad9a
45b4ae66
45b4af33
45b4b000
45b4b0cd
45b4b19a
45b4b266
45b4b333
45b4b400
45b4b4cd
45b4b59a
45b4b666
45b4b733
45b4b800
45b4b8cd
45b4b99a
45b4ba66
45b4bb33
45b4bc00
45b4bccd
45b4bd9a
45b4be66
45b4bf33
45b4c000
45b4c0cd
45b4c19a
45b4c266
45b4c333
45b4c400
45b4c4cd
45b4c59a
45b4c666
45b4c733
45b4c800
45b4c8cd
45b4c99a
45b4ca66
45b4cb33
45b4cc00
45b4cccd
45b4cd9a
45b4ce66
45b4cf33
45b4d000
45b4d0cd
45b4d19a
45b4d266
45b4d333
45b4d400
45b4d4cd
45b4d59a
45b4d666
45b4d733
45b4d800
45b4d8cd
45b4d99a
45b4da66
45b4db33
45b4dc00
45b4dccd
45b4dd9a
45b4de66
45b4df33
45b4e000
45b4e0cd
45b4e19a
45b4e266
45b4e333
45b4e400
45b4e4cd
45b4e59a
45b4e666
45b4e733
45b4e800
45b4e8cd
45b4e99a
45b4ea66
45b4eb33
45b4ec00
45b4eccd
45b4ed9a
45b4ee66
45b4ef33
45b4f000
45b4f0cd
45b4f19a
45b4f266
45b4f333
45b4f400
45b4f4cd
45b4f59a
45b4f666
45b4f733
45b4f800
45b4f8cd
45b4f99a
45b4fa66
45b4fb33
45b4fc00
45b4fccd
45b4fd9a
45b4fe66
45b4ff33
45b50000
45b500cd
45b5019a
45b50266
45b50333
45b50400
45b504cd
45b5059a
45b50666
45b50733
45b50800
45b508cd
45b5099a
45b50a66
45b50b33
45b50c00
45b50ccd
45b50d9a
45b50e66
45b50f33
45b51000
45b510cd
45b5119a
45b51266
45b51333
45b51400
45b514cd
45b5159a
45b51666
45b51733
45b51800
45b518cd
45b5199a
45b51a66
45b51b33
45b51c00
45b51ccd
45b51d9a
45b51e66
45b51f33
45b52000
45b520cd
45b5219a
45b52266
45b52333
45b52400
45b524cd
45b5259a
45b52666
45b52733
45b52800
45b528cd
45b5299a
45b52a66
45b52b33
45b52c00
45b52ccd
45b52d9a
45b52e66
45b52f33
45b53000
45b530cd
45b5319a
45b53266
45b53333
45b53400
45b534cd
45b5359a
45b53666
45b53733
45b53800
45b538cd
45b5399a
45b53a66
45b53b33
45b53c00
45b53ccd
45b53d9a
45b53e66
45b53f33
45b54000
45b540cd
45b5419a
45b54266
45b54333
45b54400
45b544cd
45b5459a
45b54666
45b54733
45b54800
45b548cd
45b5499a
45b54a66
45b54b33
45b54c00
45b54ccd
45b54d9a
45b54e66
45b54f33
45b55000
45b550cd
45b5519a
45b55266
45b55333
45b55400
45b554cd
45b5559a
45b55666
45b55733
45b55800
45b558cd
45b5599a
45b55a66
45b55b33
45b55c00
45b55ccd
45b55d9a
45b55e66
45b55f33
45b56000
45b560cd
45b5619a
45b56266
45b56333
45b56400
45b564cd
45b5659a
45b56666
45b56733
45b56800
45b568cd
45b5699a
45b56a66
45b56b33
45b56c00
45b56ccd
45b56d9a
45b56e66
45b56f33
45b57000
45b570cd
45b5719a
45b57266
45b57333
45b57400
45b574cd
45b5759a
45b57666
45b57733
45b57800
45b578cd
45b5799a
45b57a66
45b57b33
45b57c00
45b57ccd
45b57d9a
45b57e66
45b57f33
45b58000
45b580cd
45b5819a
45b58266
45b58333
45b58400
45b584cd
45b5859a
45b58666
45b58733
45b58800
45b588cd
45b5899a
45b58a66
45b58b33
45b58c00
45b58ccd
45b58d9a
45b58e66
45b58f33
45b59000
45b590cd
45b5919a
45b59266
45b59333
45b59400
45b594cd
45b5959a
45b59666
45b59733
45b59800
45b598cd
45b5999a
45b59a66
45b59b33
45b59c00
45b59ccd
45b59d9a
45b59e66
45b59f33
45b5a000
45b5a0cd
45b5a19a
45b5a266
45b5a333
45b5a400
45b5a4cd
45b5a59a
45b5a666
45b5a733
45b5a800
45b5a8cd
45b5a99a
45b5aa66
45b5ab33
45b5ac00
45b5accd
45b5ad9a
45b5ae66
45b5af33
45b5b000
45b5b0cd
45b5b19a
45b5b266
45b5b333
45b5b400
45b5b4cd
45b5b59a
45b5b666
45b5b733
45b5b800
45b5b8cd
45b5b99a
45b5ba66
45b5bb33
45b5bc00
45b5bccd
45b5bd9a
45b5be66
45b5bf33
45b5c000
45b5c0cd
45b5c19a
45b5c266
45b5c333
45b5c400
45b5c4cd
45b5c59a
45b5c666
45b5c733
45b5c800
45b5c8cd
45b5c99a
45b5ca66
45b5cb33
45b5cc00
45b5cccd
45b5cd9a
45b5ce66
45b5cf33
45b5d000
45b5d0cd
45b5d19a
45b5d266
45b5d333
45b5d400
45b5d4cd
45b5d59a
45b5d666
45b5d733
45b5d800
45b5d8cd
45b5d99a
45b5da66
45b5db33
45b5dc00
45b5dccd
45b5dd9a
45b5de66
45b5df33
45b5e000
45b5e0cd
45b5e19a
45b5e266
45b5e333
45b5e400
45b5e4cd
45b5e59a
45b5e666
45b5e733
45b5e800
45b5e8cd
45b5e99a
45b5ea66
45b5eb33
45b5ec00
45b5eccd
45b5ed9a
45b5ee66
45b5ef33
45b5f000
45b5f0cd
45b5f19a
45b5f266
45b5f333
45b5f400
45b5f4cd
45b5f59a
45b5f666
45b5f733
45b5f800
45b5f8cd
45b5f99a
45b5fa66
45b5fb33
45b5fc00
45b5fccd
45b5fd9a
45b5fe66
45b5ff33
45b60000
45b600cd
45b6019a
45b60266
45b60333
45b60400
45b604cd
45b6059a
45b60666
45b60733
45b60800
45b608cd
45b6099a
45b60a66
45b60b33
45b60c00
45b60ccd
45b60d9a
45b60e66
45b60f33
45b61000
45b610cd
45b6119a
45b61266
45b61333
45b61400
45b614cd
45b6159a
45b61666
45b61733
45b61800
45b618cd
45b6199a
45b61a66
45b61b33
45b61c00
45b61ccd
45b61d9a
45b61e66
45b61f33
45b62000
45b620cd
45b6219a
45b62266
45b62333
45b62400
45b624cd
45b6259a
45b62666
45b62733
45b62800
45b628cd
45b6299a
45b62a66
45b62b33
45b62c00
45b62ccd
45b62d9a
45b62e66
45b62f33
45b63000
45b630cd
45b6319a
45b63266
45b63333
45b63400
45b634cd
45b6359a
45b63666
45b63733
45b63800
45b638cd
45b6399a
45b63a66
45b63b33
45b63c00
45b63ccd
45b63d9a
45b63e66
45b63f33
45b64000
45b640cd
45b6419a
45b64266
45b64333
45b64400
45b644cd
45b6459a
45b64666
45b64733
45b64800
45b648cd
45b6499a
45b64a66
45b64b33
45b64c00
45b64ccd
45b64d9a
45b64e66
45b64f33
45b65000
45b650cd
45b6519a
45b65266
45b65333
45b65400
45b654cd
45b6559a
45b65666
45b65733
45b65800
45b658cd
45b6599a
45b65a66
45b65b33
45b65c00
45b65ccd
45b65d9a
45b65e66
45b65f33
45b66000
45b660cd
45b6619a
45b66266
45b66333
45b66400
45b664cd
45b6659a
45b66666
45b66733
45b66800
45b668cd
45b6699a
45b66a66
45b66b33
45b66c00
45b66ccd
45b66d9a
45b66e66
45b66f33
45b67000
45b670cd
45b6719a
45b67266
45b67333
45b67400
45b674cd
45b6759a
45b67666
45b67733
45b67800
45b678cd
45b6799a
45b67a66
45b67b33
45b67c00
45b67ccd
45b67d9a
45b67e66
45b67f33
45b68000
45b680cd
45b6819a
45b68266
45b68333
45b68400
45b684cd
45b6859a
45b68666
45b68733
45b68800
45b688cd
45b6899a
45b68a66
45b68b33
45b68c00
45b68ccd
45b68d9a
45b68e66
45b68f33
45b69000
45b690cd
45b6919a
45b69266
45b69333
45b69400
45b694cd
45b6959a
45b69666
45b69733
45b69800
45b698cd
45b6999a
45b69a66
45b69b33
45b69c00
45b69ccd
45b69d9a
45b69e66
45b69f33
45b6a000
45b6a0cd
45b6a19a
45b6a266
45b6a333
45b6a400
45b6a4cd
45b6a59a
45b6a666
45b6a733
45b6a800
45b6a8cd
45b6a99a
45b6aa66
45b6ab33
45b6ac00
45b6accd
45b6ad9a
45b6ae66
45b6af33
45b6b000
45b6b0cd
45b6b19a
45b6b266
45b6b333
45b6b400
45b6b4cd
45b6b59a
45b6b666
45b6b733
45b6b800
45b6b8cd
45b6b99a
45b6ba66
45b6bb33
45b6bc00
45b6bccd
45b6bd9a
45b6be66
45b6bf33
45b6c000
45b6c0cd
45b6c19a
45b6c266
45b6c333
45b6c400
45b6c4cd
45b6c59a
45b6c666
45b6c733
45b6c800
45b6c8cd
45b6c99a
45b6ca66
45b6cb33
45b6cc00
45b6cccd
45b6cd9a
45b6ce66
45b6cf33
45b6d000
45b6d0cd
45b6d19a
45b6d266
45b6d333
45b6d400
45b6d4cd
45b6d59a
45b6d666
45b6d733
45b6d800
45b6d8cd
45b6d99a
45b6da66
45b6db33
45b6dc00
45b6dccd
45b6dd9a
45b6de66
45b6df33
45b6e000
45b6e0cd
45b6e19a
45b6e266
45b6e333
45b6e400
45b6e4cd
45b6e59a
45b6e666
45b6e733
45b6e800
45b6e8cd
45b6e99a
45b6ea66
45b6eb33
45b6ec00
45b6eccd
45b6ed9a
45b6ee66
45b6ef33
45b6f000
45b6f0cd
45b6f19a
45b6f266
45b6f333
45b6f400
45b6f4cd
45b6f59a
45b6f666
45b6f733
45b6f800
45b6f8cd
45b6f99a
45b6fa66
45b6fb33
45b6fc00
45b6fccd
45b6fd9a
45b6fe66
45b6ff33
45b70000
45b700cd
45b7019a
45b70266
45b70333
45b70400
45b704cd
45b7059a
45b70666
45b70733
45b70800
45b708cd
45b7099a
45b70a66
45b70b33
45b70c00
45b70ccd
45b70d9a
45b70e66
45b70f33
45b71000
45b710cd
45b7119a
45b71266
45b71333
45b71400
45b714cd
45b7159a
45b71666
45b71733
45b71800
45b718cd
45b7199a
45b71a66
45b71b33
45b71c00
45b71ccd
45b71d9a
45b71e66
45b71f33
45b72000
45b720cd
45b7219a
45b72266
45b72333
45b72400
45b724cd
45b7259a
45b72666
45b72733
45b72800
45b728cd
45b7299a
45b72a66
45b72b33
45b72c00
45b72ccd
45b72d9a
45b72e66
45b72f33
45b73000
45b730cd
45b7319a
45b73266
45b73333
45b73400
45b734cd
45b7359a
45b73666
45b73733
45b73800
45b738cd
45b7399a
45b73a66
45b73b33
45b73c00
45b73ccd
45b73d9a
45b73e66
45b73f33
45b74000
45b740cd
45b7419a
45b74266
45b74333
45b74400
45b744cd
45b7459a
45b74666
45b74733
45b74800
45b748cd
45b7499a
45b74a66
45b74b33
45b74c00
45b74ccd
45b74d9a
45b74e66
45b74f33
45b75000
45b750cd
45b7519a
45b75266
45b75333
45b75400
45b754cd
45b7559a
45b75666
45b75733
45b75800
45b758cd
45b7599a
45b75a66
45b75b33
45b75c00
45b75ccd
45b75d9a
45b75e66
45b75f33
45b76000
45b760cd
45b7619a
45b76266
45b76333
45b76400
45b764cd
45b7659a
45b76666
45b76733
45b76800
45b768cd
45b7699a
45b76a66
45b76b33
45b76c00
45b76ccd
45b76d9a
45b76e66
45b76f33
45b77000
45b770cd
45b7719a
45b77266
45b77333
45b77400
45b774cd
45b7759a
45b77666
45b77733
45b77800
45b778cd
45b7799a
45b77a66
45b77b33
45b77c00
45b77ccd
45b77d9a
45b77e66
45b77f33
45b78000
45b780cd
45b7819a
45b78266
45b78333
45b78400
45b784cd
45b7859a
45b78666
45b78733
45b78800
45b788cd
45b7899a
45b78a66
45b78b33
45b78c00
45b78ccd
45b78d9a
45b78e66
45b78f33
45b79000
45b790cd
45b7919a
45b79266
45b79333
45b79400
45b794cd
45b7959a
45b79666
45b79733
45b79800
45b798cd
45b7999a
45b79a66
45b79b33
45b79c00
45b79ccd
45b79d9a
45b79e66
45b79f33
45b7a000
45b7a0cd
45b7a19a
45b7a266
45b7a333
45b7a400
45b7a4cd
45b7a59a
45b7a666
45b7a733
45b7a800
45b7a8cd
45b7a99a
45b7aa66
45b7ab33
45b7ac00
45b7accd
45b7ad9a
45b7ae66
45b7af33
45b7b000
45b7b0cd
45b7b19a
45b7b266
45b7b333
45b7b400
45b7b4cd
45b7b59a
45b7b666
45b7b733
45b7b800
45b7b8cd
45b7b99a
45b7ba66
45b7bb33
45b7bc00
45b7bccd
45b7bd9a
45b7be66
45b7bf33
45b7c000
45b7c0cd
45b7c19a
45b7c266
45b7c333
45b7c400
45b7c4cd
45b7c59a
45b7c666
45b7c733
45b7c800
45b7c8cd
45b7c99a
45b7ca66
45b7cb33
45b7cc00
45b7cccd
45b7cd9a
45b7ce66
45b7cf33
45b7d000
45b7d0cd
45b7d19a
45b7d266
45b7d333
45b7d400
45b7d4cd
45b7d59a
45b7d666
45b7d733
45b7d800
45b7d8cd
45b7d99a
45b7da66
45b7db33
45b7dc00
45b7dccd
45b7dd9a
45b7de66
45b7df33
45b7e000
45b7e0cd
45b7e19a
45b7e266
45b7e333
45b7e400
45b7e4cd
45b7e59a
45b7e666
45b7e733
45b7e800
45b7e8cd
45b7e99a
45b7ea66
45b7eb33
45b7ec00
45b7eccd
45b7ed9a
45b7ee66
45b7ef33
45b7f000
45b7f0cd
45b7f19a
45b7f266
45b7f333
45b7f400
45b7f4cd
45b7f59a
45b7f666
45b7f733
45b7f800
45b7f8cd
45b7f99a
45b7fa66
45b7fb33
45b7fc00
45b7fccd
45b7fd9a
45b7fe66
45b7ff33
45b80000
45b800cd
45b8019a
45b80266
45b80333
45b80400
45b804cd
45b8059a
45b80666
45b80733
45b80800
45b808cd
45b8099a
45b80a66
45b80b33
45b80c00
45b80ccd
45b80d9a
45b80e66
45b80f33
45b81000
45b810cd
45b8119a
45b81266
45b81333
45b81400
45b814cd
45b8159a
45b81666
45b81733
45b81800
45b818cd
45b8199a
45b81a66
45b81b33
45b81c00
45b81ccd
45b81d9a
45b81e66
45b81f33
45b82000
45b820cd
45b8219a
45b82266
45b82333
45b82400
45b824cd
45b8259a
45b82666
45b82733
45b82800
45b828cd
45b8299a
45b82a66
45b82b33
45b82c00
45b82ccd
45b82d9a
45b82e66
45b82f33
45b83000
45b830cd
45b8319a
45b83266
45b83333
45b83400
45b834cd
45b8359a
45b83666
45b83733
45b83800
45b838cd
45b8399a
45b83a66
45b83b33
45b83c00
45b83ccd
45b83d9a
45b83e66
45b83f33
45b84000
45b840cd
45b8419a
45b84266
45b84333
45b84400
45b844cd
45b8459a
45b84666
45b84733
45b84800
45b848cd
45b8499a
45b84a66
45b84b33
45b84c00
45b84ccd
45b84d9a
45b84e66
45b84f33
45b85000
45b850cd
45b8519a
45b85266
45b85333
45b85400
45b854cd
45b8559a
45b85666
45b85733
45b85800
45b858cd
45b8599a
45b85a66
45b85b33
45b85c00
45b85ccd
45b85d9a
45b85e66
45b85f33
45b86000
45b860cd
45b8619a
45b86266
45b86333
45b86400
45b864cd
45b8659a
45b86666
45b86733
45b86800
45b868cd
45b8699a
45b86a66
45b86b33
45b86c00
45b86ccd
45b86d9a
45b86e66
45b86f33
45b87000
45b870cd
45b8719a
45b87266
45b87333
45b87400
45b874cd
45b8759a
45b87666
45b87733
45b87800
45b878cd
45b8799a
45b87a66
45b87b33
45b87c00
45b87ccd
45b87d9a
45b87e66
45b87f33
45b88000
45b880cd
45b8819a
45b88266
45b88333
45b88400
45b884cd
45b8859a
45b88666
45b88733
45b88800
45b888cd
45b8899a
45b88a66
45b88b33
45b88c00
45b88ccd
45b88d9a
45b88e66
45b88f33
45b89000
45b890cd
45b8919a
45b89266
45b89333
45b89400
45b894cd
45b8959a
45b89666
45b89733
45b89800
45b898cd
45b8999a
45b89a66
45b89b33
45b89c00
45b89ccd
45b89d9a
45b89e66
45b89f33
45b8a000
45b8a0cd
45b8a19a
45b8a266
45b8a333
45b8a400
45b8a4cd
45b8a59a
45b8a666
45b8a733
45b8a800
45b8a8cd
45b8a99a
45b8aa66
45b8ab33
45b8ac00
45b8accd
45b8ad9a
45b8ae66
45b8af33
45b8b000
45b8b0cd
45b8b19a
45b8b266
45b8b333
45b8b400
45b8b4cd
45b8b59a
45b8b666
45b8b733
45b8b800
45b8b8cd
45b8b99a
45b8ba66
45b8bb33
45b8bc00
45b8bccd
45b8bd9a
45b8be66
45b8bf33
45b8c000
45b8c0cd
45b8c19a
45b8c266
45b8c333
45b8c400
45b8c4cd
45b8c59a
45b8c666
45b8c733
45b8c800
45b8c8cd
45b8c99a
45b8ca66
45b8cb33
45b8cc00
45b8cccd
45b8cd9a
45b8ce66
45b8cf33
45b8d000
45b8d0cd
45b8d19a
45b8d266
45b8d333
45b8d400
45b8d4cd
45b8d59a
45b8d666
45b8d733
45b8d800
45b8d8cd
45b8d99a
45b8da66
45b8db33
45b8dc00
45b8dccd
45b8dd9a
45b8de66
45b8df33
45b8e000
45b8e0cd
45b8e19a
45b8e266
45b8e333
45b8e400
45b8e4cd
45b8e59a
45b8e666
45b8e733
45b8e800
45b8e8cd
45b8e99a
45b8ea66
45b8eb33
45b8ec00
45b8eccd
45b8ed9a
45b8ee66
45b8ef33
45b8f000
45b8f0cd
45b8f19a
45b8f266
45b8f333
45b8f400
45b8f4cd
45b8f59a
45b8f666
45b8f733
45b8f800
45b8f8cd
45b8f99a
45b8fa66
45b8fb33
45b8fc00
45b8fccd
45b8fd9a
45b8fe66
45b8ff33
45b90000
45b900cd
45b9019a
45b90266
45b90333
45b90400
45b904cd
45b9059a
45b90666
45b90733
45b90800
45b908cd
45b9099a
45b90a66
45b90b33
45b90c00
45b90ccd
45b90d9a
45b90e66
45b90f33
45b91000
45b910cd
45b9119a
45b91266
45b91333
45b91400
45b914cd
45b9159a
45b91666
45b91733
45b91800
45b918cd
45b9199a
45b91a66
45b91b33
45b91c00
45b91ccd
45b91d9a
45b91e66
45b91f33
45b92000
45b920cd
45b9219a
45b92266
45b92333
45b92400
45b924cd
45b9259a
45b92666
45b92733
45b92800
45b928cd
45b9299a
45b92a66
45b92b33
45b92c00
45b92ccd
45b92d9a
45b92e66
45b92f33
45b93000
45b930cd
45b9319a
45b93266
45b93333
45b93400
45b934cd
45b9359a
45b93666
45b93733
45b93800
45b938cd
45b9399a
45b93a66
45b93b33
45b93c00
45b93ccd
45b93d9a
45b93e66
45b93f33
45b94000
45b940cd
45b9419a
45b94266
45b94333
45b94400
45b944cd
45b9459a
45b94666
45b94733
45b94800
45b948cd
45b9499a
45b94a66
45b94b33
45b94c00
45b94ccd
45b94d9a
45b94e66
45b94f33
45b95000
45b950cd
45b9519a
45b95266
45b95333
45b95400
45b954cd
45b9559a
45b95666
45b95733
45b95800
45b958cd
45b9599a
45b95a66
45b95b33
45b95c00
45b95ccd
45b95d9a
45b95e66
45b95f33
45b96000
45b960cd
45b9619a
45b96266
45b96333
45b96400
45b964cd
45b9659a
45b96666
45b96733
45b96800
45b968cd
45b9699a
45b96a66
45b96b33
45b96c00
45b96ccd
45b96d9a
45b96e66
45b96f33
45b97000
45b970cd
45b9719a
45b97266
45b97333
45b97400
45b974cd
45b9759a
45b97666
45b97733
45b97800
45b978cd
45b9799a
45b97a66
45b97b33
45b97c00
45b97ccd
45b97d9a
45b97e66
45b97f33
45b98000
45b980cd
45b9819a
45b98266
45b98333
45b98400
45b984cd
45b9859a
45b98666
45b98733
45b98800
45b988cd
45b9899a
45b98a66
45b98b33
45b98c00
45b98ccd
45b98d9a
45b98e66
45b98f33
45b99000
45b990cd
45b9919a
45b99266
45b99333
45b99400
45b994cd
45b9959a
45b99666
45b99733
45b99800
45b998cd
45b9999a
45b99a66
45b99b33
45b99c00
45b99ccd
45b99d9a
45b99e66
45b99f33
45b9a000
45b9a0cd
45b9a19a
45b9a266
45b9a333
45b9a400
45b9a4cd
45b9a59a
45b9a666
45b9a733
45b9a800
45b9a8cd
45b9a99a
45b9aa66
45b9ab33
45b9ac00
45b9accd
45b9ad9a
45b9ae66
45b9af33
45b9b000
45b9b0cd
45b9b19a
45b9b266
45b9b333
45b9b400
45b9b4cd
45b9b59a
45b9b666
45b9b733
45b9b800
45b9b8cd
45b9b99a
45b9ba66
45b9bb33
45b9bc00
45b9bccd
45b9bd9a
45b9be66
45b9bf33
45b9c000
45b9c0cd
45b9c19a
45b9c266
45b9c333
45b9c400
45b9c4cd
45b9c59a
45b9c666
45b9c733
45b9c800
45b9c8cd
45b9c99a
45b9ca66
45b9cb33
45b9cc00
45b9cccd
45b9cd9a
45b9ce66
45b9cf33
45b9d000
45b9d0cd
45b9d19a
45b9d266
45b9d333
45b9d400
45b9d4cd
45b9d59a
45b9d666
45b9d733
45b9d800
45b9d8cd
45b9d99a
45b9da66
45b9db33
45b9dc00
45b9dccd
45b9dd9a
45b9de66
45b9df33
45b9e000
45b9e0cd
45b9e19a
45b9e266
45b9e333
45b9e400
45b9e4cd
45b9e59a
45b9e666
45b9e733
45b9e800
45b9e8cd
45b9e99a
45b9ea66
45b9eb33
45b9ec00
45b9eccd
45b9ed9a
45b9ee66
45b9ef33
45b9f000
45b9f0cd
45b9f19a
45b9f266
45b9f333
45b9f400
45b9f4cd
45b9f59a
45b9f666
45b9f733
45b9f800
45b9f8cd
45b9f99a
45b9fa66
45b9fb33
45b9fc00
45b9fccd
45b9fd9a
45b9fe66
45b9ff33
45ba0000
45ba00cd
45ba019a
45ba0266
45ba0333
45ba0400
45ba04cd
45ba059a
45ba0666
45ba0733
45ba0800
45ba08cd
45ba099a
45ba0a66
45ba0b33
45ba0c00
45ba0ccd
45ba0d9a
45ba0e66
45ba0f33
45ba1000
45ba10cd
45ba119a
45ba1266
45ba1333
45ba1400
45ba14cd
45ba159a
45ba1666
45ba1733
45ba1800
45ba18cd
45ba199a
45ba1a66
45ba1b33
45ba1c00
45ba1ccd
45ba1d9a
45ba1e66
45ba1f33
45ba2000
45ba20cd
45ba219a
45ba2266
45ba2333
45ba2400
45ba24cd
45ba259a
45ba2666
45ba2733
45ba2800
45ba28cd
45ba299a
45ba2a66
45ba2b33
45ba2c00
45ba2ccd
45ba2d9a
45ba2e66
45ba2f33
45ba3000
45ba30cd
45ba319a
45ba3266
45ba3333
45ba3400
45ba34cd
45ba359a
45ba3666
45ba3733
45ba3800
45ba38cd
45ba399a
45ba3a66
45ba3b33
45ba3c00
45ba3ccd
45ba3d9a
45ba3e66
45ba3f33
45ba4000
45ba40cd
45ba419a
45ba4266
45ba4333
45ba4400
45ba44cd
45ba459a
45ba4666
45ba4733
45ba4800
45ba48cd
45ba499a
45ba4a66
45ba4b33
45ba4c00
45ba4ccd
45ba4d9a
45ba4e66
45ba4f33
45ba5000
45ba50cd
45ba519a
45ba5266
45ba5333
45ba5400
45ba54cd
45ba559a
45ba5666
45ba5733
45ba5800
45ba58cd
45ba599a
45ba5a66
45ba5b33
45ba5c00
45ba5ccd
45ba5d9a
45ba5e66
45ba5f33
45ba6000
45ba60cd
45ba619a
45ba6266
45ba6333
45ba6400
45ba64cd
45ba659a
45ba6666
45ba6733
45ba6800
45ba68cd
45ba699a
45ba6a66
45ba6b33
45ba6c00
45ba6ccd
45ba6d9a
45ba6e66
45ba6f33
45ba7000
45ba70cd
45ba719a
45ba7266
45ba7333
45ba7400
45ba74cd
45ba759a
45ba7666
45ba7733
45ba7800
45ba78cd
45ba799a
45ba7a66
45ba7b33
45ba7c00
45ba7ccd
45ba7d9a
45ba7e66
45ba7f33
45ba8000
45ba80cd
45ba819a
45ba8266
45ba8333
45ba8400
45ba84cd
45ba859a
45ba8666
45ba8733
45ba8800
45ba88cd
45ba899a
45ba8a66
45ba8b33
45ba8c00
45ba8ccd
45ba8d9a
45ba8e66
45ba8f33
45ba9000
45ba90cd
45ba919a
45ba9266
45ba9333
45ba9400
45ba94cd
45ba959a
45ba9666
45ba9733
45ba9800
45ba98cd
45ba999a
45ba9a66
45ba9b33
45ba9c00
45ba9ccd
45ba9d9a
45ba9e66
45ba9f33
45baa000
45baa0cd
45baa19a
45baa266
45baa333
45baa400
45baa4cd
45baa59a
45baa666
45baa733
45baa800
45baa8cd
45baa99a
45baaa66
45baab33
45baac00
45baaccd
45baad9a
45baae66
45baaf33
45bab000
45bab0cd
45bab19a
45bab266
45bab333
45bab400
45bab4cd
45bab59a
45bab666
45bab733
45bab800
45bab8cd
45bab99a
45baba66
45babb33
45babc00
45babccd
45babd9a
45babe66
45babf33
45bac000
45bac0cd
45bac19a
45bac266
45bac333
45bac400
45bac4cd
45bac59a
45bac666
45bac733
45bac800
45bac8cd
45bac99a
45baca66
45bacb33
45bacc00
45bacccd
45bacd9a
45bace66
45bacf33
45bad000
45bad0cd
45bad19a
45bad266
45bad333
45bad400
45bad4cd
45bad59a
45bad666
45bad733
45bad800
45bad8cd
45bad99a
45bada66
45badb33
45badc00
45badccd
45badd9a
45bade66
45badf33
45bae000
45bae0cd
45bae19a
45bae266
45bae333
45bae400
45bae4cd
45bae59a
45bae666
45bae733
45bae800
45bae8cd
45bae99a
45baea66
45baeb33
45baec00
45baeccd
45baed9a
45baee66
45baef33
45baf000
45baf0cd
45baf19a
45baf266
45baf333
45baf400
45baf4cd
45baf59a
45baf666
45baf733
45baf800
45baf8cd
45baf99a
45bafa66
45bafb33
45bafc00
45bafccd
45bafd9a
45bafe66
45baff33
45bb0000
45bb00cd
45bb019a
45bb0266
45bb0333
45bb0400
45bb04cd
45bb059a
45bb0666
45bb0733
45bb0800
45bb08cd
45bb099a
45bb0a66
45bb0b33
45bb0c00
45bb0ccd
45bb0d9a
45bb0e66
45bb0f33
45bb1000
45bb10cd
45bb119a
45bb1266
45bb1333
45bb1400
45bb14cd
45bb159a
45bb1666
45bb1733
45bb1800
45bb18cd
45bb199a
45bb1a66
45bb1b33
45bb1c00
45bb1ccd
45bb1d9a
45bb1e66
45bb1f33
45bb2000
45bb20cd
45bb219a
45bb2266
45bb2333
45bb2400
45bb24cd
45bb259a
45bb2666
45bb2733
45bb2800
45bb28cd
45bb299a
45bb2a66
45bb2b33
45bb2c00
45bb2ccd
45bb2d9a
45bb2e66
45bb2f33
45bb3000
45bb30cd
45bb319a
45bb3266
45bb3333
45bb3400
45bb34cd
45bb359a
45bb3666
45bb3733
45bb3800
45bb38cd
45bb399a
45bb3a66
45bb3b33
45bb3c00
45bb3ccd
45bb3d9a
45bb3e66
45bb3f33
45bb4000
45bb40cd
45bb419a
45bb4266
45bb4333
45bb4400
45bb44cd
45bb459a
45bb4666
45bb4733
45bb4800
45bb48cd
45bb499a
45bb4a66
45bb4b33
45bb4c00
45bb4ccd
45bb4d9a
45bb4e66
45bb4f33
45bb5000
45bb50cd
45bb519a
45bb5266
45bb5333
45bb5400
45bb54cd
45bb559a
45bb5666
45bb5733
45bb5800
45bb58cd
45bb599a
45bb5a66
45bb5b33
45bb5c00
45bb5ccd
45bb5d9a
45bb5e66
45bb5f33
45bb6000
45bb60cd
45bb619a
45bb6266
45bb6333
45bb6400
45bb64cd
45bb659a
45bb6666
45bb6733
45bb6800
45bb68cd
45bb699a
45bb6a66
45bb6b33
45bb6c00
45bb6ccd
45bb6d9a
45bb6e66
45bb6f33
45bb7000
45bb70cd
45bb719a
45bb7266
45bb7333
45bb7400
45bb74cd
45bb759a
45bb7666
45bb7733
45bb7800
45bb78cd
45bb799a
45bb7a66
45bb7b33
45bb7c00
45bb7ccd
45bb7d9a
45bb7e66
45bb7f33
45bb8000
45bb80cd
45bb819a
45bb8266
45bb8333
45bb8400
45bb84cd
45bb859a
45bb8666
45bb8733
45bb8800
45bb88cd
45bb899a
45bb8a66
45bb8b33
45bb8c00
45bb8ccd
45bb8d9a
45bb8e66
45bb8f33
45bb9000
45bb90cd
45bb919a
45bb9266
45bb9333
45bb9400
45bb94cd
45bb959a
45bb9666
45bb9733
45bb9800
45bb98cd
45bb999a
45bb9a66
45bb9b33
45bb9c00
45bb9ccd
45bb9d9a
45bb9e66
45bb9f33
45bba000
45bba0cd
45bba19a
45bba266
45bba333
45bba400
45bba4cd
45bba59a
45bba666
45bba733
45bba800
45bba8cd
45bba99a
45bbaa66
45bbab33
45bbac00
45bbaccd
45bbad9a
45bbae66
45bbaf33
45bbb000
45bbb0cd
45bbb19a
45bbb266
45bbb333
45bbb400
45bbb4cd
45bbb59a
45bbb666
45bbb733
45bbb800
45bbb8cd
45bbb99a
45bbba66
45bbbb33
45bbbc00
45bbbccd
45bbbd9a
45bbbe66
45bbbf33
45bbc000
45bbc0cd
45bbc19a
45bbc266
45bbc333
45bbc400
45bbc4cd
45bbc59a
45bbc666
45bbc733
45bbc800
45bbc8cd
45bbc99a
45bbca66
45bbcb33
45bbcc00
45bbcccd
45bbcd9a
45bbce66
45bbcf33
45bbd000
45bbd0cd
45bbd19a
45bbd266
45bbd333
45bbd400
45bbd4cd
45bbd59a
45bbd666
45bbd733
45bbd800
45bbd8cd
45bbd99a
45bbda66
45bbdb33
45bbdc00
45bbdccd
45bbdd9a
45bbde66
45bbdf33
45bbe000
45bbe0cd
45bbe19a
45bbe266
45bbe333
45bbe400
45bbe4cd
45bbe59a
45bbe666
45bbe733
45bbe800
45bbe8cd
45bbe99a
45bbea66
45bbeb33
45bbec00
45bbeccd
45bbed9a
45bbee66
45bbef33
45bbf000
45bbf0cd
45bbf19a
45bbf266
45bbf333
45bbf400
45bbf4cd
45bbf59a
45bbf666
45bbf733
45bbf800
45bbf8cd
45bbf99a
45bbfa66
45bbfb33
45bbfc00
45bbfccd
45bbfd9a
45bbfe66
45bbff33
45bc0000
45bc00cd
45bc019a
45bc0266
45bc0333
45bc0400
45bc04cd
45bc059a
45bc0666
45bc0733
45bc0800
45bc08cd
45bc099a
45bc0a66
45bc0b33
45bc0c00
45bc0ccd
45bc0d9a
45bc0e66
45bc0f33
45bc1000
45bc10cd
45bc119a
45bc1266
45bc1333
45bc1400
45bc14cd
45bc159a
45bc1666
45bc1733
45bc1800
45bc18cd
45bc199a
45bc1a66
45bc1b33
45bc1c00
45bc1ccd
45bc1d9a
45bc1e66
45bc1f33
45bc2000
45bc20cd
45bc219a
45bc2266
45bc2333
45bc2400
45bc24cd
45bc259a
45bc2666
45bc2733
45bc2800
45bc28cd
45bc299a
45bc2a66
45bc2b33
45bc2c00
45bc2ccd
45bc2d9a
45bc2e66
45bc2f33
45bc3000
45bc30cd
45bc319a
45bc3266
45bc3333
45bc3400
45bc34cd
45bc359a
45bc3666
45bc3733
45bc3800
45bc38cd
45bc399a
45bc3a66
45bc3b33
45bc3c00
45bc3ccd
45bc3d9a
45bc3e66
45bc3f33
45bc4000
45bc40cd
45bc419a
45bc4266
45bc4333
45bc4400
45bc44cd
45bc459a
45bc4666
45bc4733
45bc4800
45bc48cd
45bc499a
45bc4a66
45bc4b33
45bc4c00
45bc4ccd
45bc4d9a
45bc4e66
45bc4f33
45bc5000
45bc50cd
45bc519a
45bc5266
45bc5333
45bc5400
45bc54cd
45bc559a
45bc5666
45bc5733
45bc5800
45bc58cd
45bc599a
45bc5a66
45bc5b33
45bc5c00
45bc5ccd
45bc5d9a
45bc5e66
45bc5f33
45bc6000
45bc60cd
45bc619a
45bc6266
45bc6333
45bc6400
45bc64cd
45bc659a
45bc6666
45bc6733
45bc6800
45bc68cd
45bc699a
45bc6a66
45bc6b33
45bc6c00
45bc6ccd
45bc6d9a
45bc6e66
45bc6f33
45bc7000
45bc70cd
45bc719a
45bc7266
45bc7333
45bc7400
45bc74cd
45bc759a
45bc7666
45bc7733
45bc7800
45bc78cd
45bc799a
45bc7a66
45bc7b33
45bc7c00
45bc7ccd
45bc7d9a
45bc7e66
45bc7f33
45bc8000
45bc80cd
45bc819a
45bc8266
45bc8333
45bc8400
45bc84cd
45bc859a
45bc8666
45bc8733
45bc8800
45bc88cd
45bc899a
45bc8a66
45bc8b33
45bc8c00
45bc8ccd
45bc8d9a
45bc8e66
45bc8f33
45bc9000
45bc90cd
45bc919a
45bc9266
45bc9333
45bc9400
45bc94cd
45bc959a
45bc9666
45bc9733
45bc9800
45bc98cd
45bc999a
45bc9a66
45bc9b33
45bc9c00
45bc9ccd
45bc9d9a
45bc9e66
45bc9f33
45bca000
45bca0cd
45bca19a
45bca266
45bca333
45bca400
45bca4cd
45bca59a
45bca666
45bca733
45bca800
45bca8cd
45bca99a
45bcaa66
45bcab33
45bcac00
45bcaccd
45bcad9a
45bcae66
45bcaf33
45bcb000
45bcb0cd
45bcb19a
45bcb266
45bcb333
45bcb400
45bcb4cd
45bcb59a
45bcb666
45bcb733
45bcb800
45bcb8cd
45bcb99a
45bcba66
45bcbb33
45bcbc00
45bcbccd
45bcbd9a
45bcbe66
45bcbf33
45bcc000
45bcc0cd
45bcc19a
45bcc266
45bcc333
45bcc400
45bcc4cd
45bcc59a
45bcc666
45bcc733
45bcc800
45bcc8cd
45bcc99a
45bcca66
45bccb33
45bccc00
45bccccd
45bccd9a
45bcce66
45bccf33
45bcd000
45bcd0cd
45bcd19a
45bcd266
45bcd333
45bcd400
45bcd4cd
45bcd59a
45bcd666
45bcd733
45bcd800
45bcd8cd
45bcd99a
45bcda66
45bcdb33
45bcdc00
45bcdccd
45bcdd9a
45bcde66
45bcdf33
45bce000
45bce0cd
45bce19a
45bce266
45bce333
45bce400
45bce4cd
45bce59a
45bce666
45bce733
45bce800
45bce8cd
45bce99a
45bcea66
45bceb33
45bcec00
45bceccd
45bced9a
45bcee66
45bcef33
45bcf000
45bcf0cd
45bcf19a
45bcf266
45bcf333
45bcf400
45bcf4cd
45bcf59a
45bcf666
45bcf733
45bcf800
45bcf8cd
45bcf99a
45bcfa66
45bcfb33
45bcfc00
45bcfccd
45bcfd9a
45bcfe66
45bcff33
45bd0000
45bd00cd
45bd019a
45bd0266
45bd0333
45bd0400
45bd04cd
45bd059a
45bd0666
45bd0733
45bd0800
45bd08cd
45bd099a
45bd0a66
45bd0b33
45bd0c00
45bd0ccd
45bd0d9a
45bd0e66
45bd0f33
45bd1000
45bd10cd
45bd119a
45bd1266
45bd1333
45bd1400
45bd14cd
45bd159a
45bd1666
45bd1733
45bd1800
45bd18cd
45bd199a
45bd1a66
45bd1b33
45bd1c00
45bd1ccd
45bd1d9a
45bd1e66
45bd1f33
45bd2000
45bd20cd
45bd219a
45bd2266
45bd2333
45bd2400
45bd24cd
45bd259a
45bd2666
45bd2733
45bd2800
45bd28cd
45bd299a
45bd2a66
45bd2b33
45bd2c00
45bd2ccd
45bd2d9a
45bd2e66
45bd2f33
45bd3000
45bd30cd
45bd319a
45bd3266
45bd3333
45bd3400
45bd34cd
45bd359a
45bd3666
45bd3733
45bd3800
45bd38cd
45bd399a
45bd3a66
45bd3b33
45bd3c00
45bd3ccd
45bd3d9a
45bd3e66
45bd3f33
45bd4000
45bd40cd
45bd419a
45bd4266
45bd4333
45bd4400
45bd44cd
45bd459a
45bd4666
45bd4733
45bd4800
45bd48cd
45bd499a
45bd4a66
45bd4b33
45bd4c00
45bd4ccd
45bd4d9a
45bd4e66
45bd4f33
45bd5000
45bd50cd
45bd519a
45bd5266
45bd5333
45bd5400
45bd54cd
45bd559a
45bd5666
45bd5733
45bd5800
45bd58cd
45bd599a
45bd5a66
45bd5b33
45bd5c00
45bd5ccd
45bd5d9a
45bd5e66
45bd5f33
45bd6000
45bd60cd
45bd619a
45bd6266
45bd6333
45bd6400
45bd64cd
45bd659a
45bd6666
45bd6733
45bd6800
45bd68cd
45bd699a
45bd6a66
45bd6b33
45bd6c00
45bd6ccd
45bd6d9a
45bd6e66
45bd6f33
45bd7000
45bd70cd
45bd719a
45bd7266
45bd7333
45bd7400
45bd74cd
45bd759a
45bd7666
45bd7733
45bd7800
45bd78cd
45bd799a
45bd7a66
45bd7b33
45bd7c00
45bd7ccd
45bd7d9a
45bd7e66
45bd7f33
45bd8000
45bd80cd
45bd819a
45bd8266
45bd8333
45bd8400
45bd84cd
45bd859a
45bd8666
45bd8733
45bd8800
45bd88cd
45bd899a
45bd8a66
45bd8b33
45bd8c00
45bd8ccd
45bd8d9a
45bd8e66
45bd8f33
45bd9000
45bd90cd
45bd919a
45bd9266
45bd9333
45bd9400
45bd94cd
45bd959a
45bd9666
45bd9733
45bd9800
45bd98cd
45bd999a
45bd9a66
45bd9b33
45bd9c00
45bd9ccd
45bd9d9a
45bd9e66
45bd9f33
45bda000
45bda0cd
45bda19a
45bda266
45bda333
45bda400
45bda4cd
45bda59a
45bda666
45bda733
45bda800
45bda8cd
45bda99a
45bdaa66
45bdab33
45bdac00
45bdaccd
45bdad9a
45bdae66
45bdaf33
45bdb000
45bdb0cd
45bdb19a
45bdb266
45bdb333
45bdb400
45bdb4cd
45bdb59a
45bdb666
45bdb733
45bdb800
45bdb8cd
45bdb99a
45bdba66
45bdbb33
45bdbc00
45bdbccd
45bdbd9a
45bdbe66
45bdbf33
45bdc000
45bdc0cd
45bdc19a
45bdc266
45bdc333
45bdc400
45bdc4cd
45bdc59a
45bdc666
45bdc733
45bdc800
45bdc8cd
45bdc99a
45bdca66
45bdcb33
45bdcc00
45bdcccd
45bdcd9a
45bdce66
45bdcf33
45bdd000
45bdd0cd
45bdd19a
45bdd266
45bdd333
45bdd400
45bdd4cd
45bdd59a
45bdd666
45bdd733
45bdd800
45bdd8cd
45bdd99a
45bdda66
45bddb33
45bddc00
45bddccd
45bddd9a
45bdde66
45bddf33
45bde000
45bde0cd
45bde19a
45bde266
45bde333
45bde400
45bde4cd
45bde59a
45bde666
45bde733
45bde800
45bde8cd
45bde99a
45bdea66
45bdeb33
45bdec00
45bdeccd
45bded9a
45bdee66
45bdef33
45bdf000
45bdf0cd
45bdf19a
45bdf266
45bdf333
45bdf400
45bdf4cd
45bdf59a
45bdf666
45bdf733
45bdf800
45bdf8cd
45bdf99a
45bdfa66
45bdfb33
45bdfc00
45bdfccd
45bdfd9a
45bdfe66
45bdff33
45be0000
45be00cd
45be019a
45be0266
45be0333
45be0400
45be04cd
45be059a
45be0666
45be0733
45be0800
45be08cd
45be099a
45be0a66
45be0b33
45be0c00
45be0ccd
45be0d9a
45be0e66
45be0f33
45be1000
45be10cd
45be119a
45be1266
45be1333
45be1400
45be14cd
45be159a
45be1666
45be1733
45be1800
45be18cd
45be199a
45be1a66
45be1b33
45be1c00
45be1ccd
45be1d9a
45be1e66
45be1f33
45be2000
45be20cd
45be219a
45be2266
45be2333
45be2400
45be24cd
45be259a
45be2666
45be2733
45be2800
45be28cd
45be299a
45be2a66
45be2b33
45be2c00
45be2ccd
45be2d9a
45be2e66
45be2f33
45be3000
45be30cd
45be319a
45be3266
45be3333
45be3400
45be34cd
45be359a
45be3666
45be3733
45be3800
45be38cd
45be399a
45be3a66
45be3b33
45be3c00
45be3ccd
45be3d9a
45be3e66
45be3f33
45be4000
45be40cd
45be419a
45be4266
45be4333
45be4400
45be44cd
45be459a
45be4666
45be4733
45be4800
45be48cd
45be499a
45be4a66
45be4b33
45be4c00
45be4ccd
45be4d9a
45be4e66
45be4f33
45be5000
45be50cd
45be519a
45be5266
45be5333
45be5400
45be54cd
45be559a
45be5666
45be5733
45be5800
45be58cd
45be599a
45be5a66
45be5b33
45be5c00
45be5ccd
45be5d9a
45be5e66
45be5f33
45be6000
45be60cd
45be619a
45be6266
45be6333
45be6400
45be64cd
45be659a
45be6666
45be6733
45be6800
45be68cd
45be699a
45be6a66
45be6b33
45be6c00
45be6ccd
45be6d9a
45be6e66
45be6f33
45be7000
45be70cd
45be719a
45be7266
45be7333
45be7400
45be74cd
45be759a
45be7666
45be7733
45be7800
45be78cd
45be799a
45be7a66
45be7b33
45be7c00
45be7ccd
45be7d9a
45be7e66
45be7f33
45be8000
45be80cd
45be819a
45be8266
45be8333
45be8400
45be84cd
45be859a
45be8666
45be8733
45be8800
45be88cd
45be899a
45be8a66
45be8b33
45be8c00
45be8ccd
45be8d9a
45be8e66
45be8f33
45be9000
45be90cd
45be919a
45be9266
45be9333
45be9400
45be94cd
45be959a
45be9666
45be9733
45be9800
45be98cd
45be999a
45be9a66
45be9b33
45be9c00
45be9ccd
45be9d9a
45be9e66
45be9f33
45bea000
45bea0cd
45bea19a
45bea266
45bea333
45bea400
45bea4cd
45bea59a
45bea666
45bea733
45bea800
45bea8cd
45bea99a
45beaa66
45beab33
45beac00
45beaccd
45bead9a
45beae66
45beaf33
45beb000
45beb0cd
45beb19a
45beb266
45beb333
45beb400
45beb4cd
45beb59a
45beb666
45beb733
45beb800
45beb8cd
45beb99a
45beba66
45bebb33
45bebc00
45bebccd
45bebd9a
45bebe66
45bebf33
45bec000
45bec0cd
45bec19a
45bec266
45bec333
45bec400
45bec4cd
45bec59a
45bec666
45bec733
45bec800
45bec8cd
45bec99a
45beca66
45becb33
45becc00
45becccd
45becd9a
45bece66
45becf33
45bed000
45bed0cd
45bed19a
45bed266
45bed333
45bed400
45bed4cd
45bed59a
45bed666
45bed733
45bed800
45bed8cd
45bed99a
45beda66
45bedb33
45bedc00
45bedccd
45bedd9a
45bede66
45bedf33
45bee000
45bee0cd
45bee19a
45bee266
45bee333
45bee400
45bee4cd
45bee59a
45bee666
45bee733
45bee800
45bee8cd
45bee99a
45beea66
45beeb33
45beec00
45beeccd
45beed9a
45beee66
45beef33
45bef000
45bef0cd
45bef19a
45bef266
45bef333
45bef400
45bef4cd
45bef59a
45bef666
45bef733
45bef800
45bef8cd
45bef99a
45befa66
45befb33
45befc00
45befccd
45befd9a
45befe66
45beff33
45bf0000
45bf00cd
45bf019a
45bf0266
45bf0333
45bf0400
45bf04cd
45bf059a
45bf0666
45bf0733
45bf0800
45bf08cd
45bf099a
45bf0a66
45bf0b33
45bf0c00
45bf0ccd
45bf0d9a
45bf0e66
45bf0f33
45bf1000
45bf10cd
45bf119a
45bf1266
45bf1333
45bf1400
45bf14cd
45bf159a
45bf1666
45bf1733
45bf1800
45bf18cd
45bf199a
45bf1a66
45bf1b33
45bf1c00
45bf1ccd
45bf1d9a
45bf1e66
45bf1f33
45bf2000
45bf20cd
45bf219a
45bf2266
45bf2333
45bf2400
45bf24cd
45bf259a
45bf2666
45bf2733
45bf2800
45bf28cd
45bf299a
45bf2a66
45bf2b33
45bf2c00
45bf2ccd
45bf2d9a
45bf2e66
45bf2f33
45bf3000
45bf30cd
45bf319a
45bf3266
45bf3333
45bf3400
45bf34cd
45bf359a
45bf3666
45bf3733
45bf3800
45bf38cd
45bf399a
45bf3a66
45bf3b33
45bf3c00
45bf3ccd
45bf3d9a
45bf3e66
45bf3f33
45bf4000
45bf40cd
45bf419a
45bf4266
45bf4333
45bf4400
45bf44cd
45bf459a
45bf4666
45bf4733
45bf4800
45bf48cd
45bf499a
45bf4a66
45bf4b33
45bf4c00
45bf4ccd
45bf4d9a
45bf4e66
45bf4f33
45bf5000
45bf50cd
45bf519a
45bf5266
45bf5333
45bf5400
45bf54cd
45bf559a
45bf5666
45bf5733
45bf5800
45bf58cd
45bf599a
45bf5a66
45bf5b33
45bf5c00
45bf5ccd
45bf5d9a
45bf5e66
45bf5f33
45bf6000
45bf60cd
45bf619a
45bf6266
45bf6333
45bf6400
45bf64cd
45bf659a
45bf6666
45bf6733
45bf6800
45bf68cd
45bf699a
45bf6a66
45bf6b33
45bf6c00
45bf6ccd
45bf6d9a
45bf6e66
45bf6f33
45bf7000
45bf70cd
45bf719a
45bf7266
45bf7333
45bf7400
45bf74cd
45bf759a
45bf7666
45bf7733
45bf7800
45bf78cd
45bf799a
45bf7a66
45bf7b33
45bf7c00
45bf7ccd
45bf7d9a
45bf7e66
45bf7f33
45bf8000
45bf80cd
45bf819a
45bf8266
45bf8333
45bf8400
45bf84cd
45bf859a
45bf8666
45bf8733
45bf8800
45bf88cd
45bf899a
45bf8a66
45bf8b33
45bf8c00
45bf8ccd
45bf8d9a
45bf8e66
45bf8f33
45bf9000
45bf90cd
45bf919a
45bf9266
45bf9333
45bf9400
45bf94cd
45bf959a
45bf9666
45bf9733
45bf9800
45bf98cd
45bf999a
45bf9a66
45bf9b33
45bf9c00
45bf9ccd
45bf9d9a
45bf9e66
45bf9f33
45bfa000
45bfa0cd
45bfa19a
45bfa266
45bfa333
45bfa400
45bfa4cd
45bfa59a
45bfa666
45bfa733
45bfa800
45bfa8cd
45bfa99a
45bfaa66
45bfab33
45bfac00
45bfaccd
45bfad9a
45bfae66
45bfaf33
45bfb000
45bfb0cd
45bfb19a
45bfb266
45bfb333
45bfb400
45bfb4cd
45bfb59a
45bfb666
45bfb733
45bfb800
45bfb8cd
45bfb99a
45bfba66
45bfbb33
45bfbc00
45bfbccd
45bfbd9a
45bfbe66
45bfbf33
45bfc000
45bfc0cd
45bfc19a
45bfc266
45bfc333
45bfc400
45bfc4cd
45bfc59a
45bfc666
45bfc733
45bfc800
45bfc8cd
45bfc99a
45bfca66
45bfcb33
45bfcc00
45bfcccd
45bfcd9a
45bfce66
45bfcf33
45bfd000
45bfd0cd
45bfd19a
45bfd266
45bfd333
45bfd400
45bfd4cd
45bfd59a
45bfd666
45bfd733
45bfd800
45bfd8cd
45bfd99a
45bfda66
45bfdb33
45bfdc00
45bfdccd
45bfdd9a
45bfde66
45bfdf33
45bfe000
45bfe0cd
45bfe19a
45bfe266
45bfe333
45bfe400
45bfe4cd
45bfe59a
45bfe666
45bfe733
45bfe800
45bfe8cd
45bfe99a
45bfea66
45bfeb33
45bfec00
45bfeccd
45bfed9a
45bfee66
45bfef33
45bff000
45bff0cd
45bff19a
45bff266
45bff333
45bff400
45bff4cd
45bff59a
45bff666
45bff733
45bff800
45bff8cd
45bff99a
45bffa66
45bffb33
45bffc00
45bffccd
45bffd9a
45bffe66
45bfff33
45c00000
45c000cd
45c0019a
45c00266
45c00333
45c00400
45c004cd
45c0059a
45c00666
45c00733
45c00800
45c008cd
45c0099a
45c00a66
45c00b33
45c00c00
45c00ccd
45c00d9a
45c00e66
45c00f33
45c01000
45c010cd
45c0119a
45c01266
45c01333
45c01400
45c014cd
45c0159a
45c01666
45c01733
45c01800
45c018cd
45c0199a
45c01a66
45c01b33
45c01c00
45c01ccd
45c01d9a
45c01e66
45c01f33
45c02000
45c020cd
45c0219a
45c02266
45c02333
45c02400
45c024cd
45c0259a
45c02666
45c02733
45c02800
45c028cd
45c0299a
45c02a66
45c02b33
45c02c00
45c02ccd
45c02d9a
45c02e66
45c02f33
45c03000
45c030cd
45c0319a
45c03266
45c03333
45c03400
45c034cd
45c0359a
45c03666
45c03733
45c03800
45c038cd
45c0399a
45c03a66
45c03b33
45c03c00
45c03ccd
45c03d9a
45c03e66
45c03f33
45c04000
45c040cd
45c0419a
45c04266
45c04333
45c04400
45c044cd
45c0459a
45c04666
45c04733
45c04800
45c048cd
45c0499a
45c04a66
45c04b33
45c04c00
45c04ccd
45c04d9a
45c04e66
45c04f33
45c05000
45c050cd
45c0519a
45c05266
45c05333
45c05400
45c054cd
45c0559a
45c05666
45c05733
45c05800
45c058cd
45c0599a
45c05a66
45c05b33
45c05c00
45c05ccd
45c05d9a
45c05e66
45c05f33
45c06000
45c060cd
45c0619a
45c06266
45c06333
45c06400
45c064cd
45c0659a
45c06666
45c06733
45c06800
45c068cd
45c0699a
45c06a66
45c06b33
45c06c00
45c06ccd
45c06d9a
45c06e66
45c06f33
45c07000
45c070cd
45c0719a
45c07266
45c07333
45c07400
45c074cd
45c0759a
45c07666
45c07733
45c07800
45c078cd
45c0799a
45c07a66
45c07b33
45c07c00
45c07ccd
45c07d9a
45c07e66
45c07f33
45c08000
45c080cd
45c0819a
45c08266
45c08333
45c08400
45c084cd
45c0859a
45c08666
45c08733
45c08800
45c088cd
45c0899a
45c08a66
45c08b33
45c08c00
45c08ccd
45c08d9a
45c08e66
45c08f33
45c09000
45c090cd
45c0919a
45c09266
45c09333
45c09400
45c094cd
45c0959a
45c09666
45c09733
45c09800
45c098cd
45c0999a
45c09a66
45c09b33
45c09c00
45c09ccd
45c09d9a
45c09e66
45c09f33
45c0a000
45c0a0cd
45c0a19a
45c0a266
45c0a333
45c0a400
45c0a4cd
45c0a59a
45c0a666
45c0a733
45c0a800
45c0a8cd
45c0a99a
45c0aa66
45c0ab33
45c0ac00
45c0accd
45c0ad9a
45c0ae66
45c0af33
45c0b000
45c0b0cd
45c0b19a
45c0b266
45c0b333
45c0b400
45c0b4cd
45c0b59a
45c0b666
45c0b733
45c0b800
45c0b8cd
45c0b99a
45c0ba66
45c0bb33
45c0bc00
45c0bccd
45c0bd9a
45c0be66
45c0bf33
45c0c000
45c0c0cd
45c0c19a
45c0c266
45c0c333
45c0c400
45c0c4cd
45c0c59a
45c0c666
45c0c733
45c0c800
45c0c8cd
45c0c99a
45c0ca66
45c0cb33
45c0cc00
45c0cccd
45c0cd9a
45c0ce66
45c0cf33
45c0d000
45c0d0cd
45c0d19a
45c0d266
45c0d333
45c0d400
45c0d4cd
45c0d59a
45c0d666
45c0d733
45c0d800
45c0d8cd
45c0d99a
45c0da66
45c0db33
45c0dc00
45c0dccd
45c0dd9a
45c0de66
45c0df33
45c0e000
45c0e0cd
45c0e19a
45c0e266
45c0e333
45c0e400
45c0e4cd
45c0e59a
45c0e666
45c0e733
45c0e800
45c0e8cd
45c0e99a
45c0ea66
45c0eb33
45c0ec00
45c0eccd
45c0ed9a
45c0ee66
45c0ef33
45c0f000
45c0f0cd
45c0f19a
45c0f266
45c0f333
45c0f400
45c0f4cd
45c0f59a
45c0f666
45c0f733
45c0f800
45c0f8cd
45c0f99a
45c0fa66
45c0fb33
45c0fc00
45c0fccd
45c0fd9a
45c0fe66
45c0ff33
45c10000
45c100cd
45c1019a
45c10266
45c10333
45c10400
45c104cd
45c1059a
45c10666
45c10733
45c10800
45c108cd
45c1099a
45c10a66
45c10b33
45c10c00
45c10ccd
45c10d9a
45c10e66
45c10f33
45c11000
45c110cd
45c1119a
45c11266
45c11333
45c11400
45c114cd
45c1159a
45c11666
45c11733
45c11800
45c118cd
45c1199a
45c11a66
45c11b33
45c11c00
45c11ccd
45c11d9a
45c11e66
45c11f33
45c12000
45c120cd
45c1219a
45c12266
45c12333
45c12400
45c124cd
45c1259a
45c12666
45c12733
45c12800
45c128cd
45c1299a
45c12a66
45c12b33
45c12c00
45c12ccd
45c12d9a
45c12e66
45c12f33
45c13000
45c130cd
45c1319a
45c13266
45c13333
45c13400
45c134cd
45c1359a
45c13666
45c13733
45c13800
45c138cd
45c1399a
45c13a66
45c13b33
45c13c00
45c13ccd
45c13d9a
45c13e66
45c13f33
45c14000
45c140cd
45c1419a
45c14266
45c14333
45c14400
45c144cd
45c1459a
45c14666
45c14733
45c14800
45c148cd
45c1499a
45c14a66
45c14b33
45c14c00
45c14ccd
45c14d9a
45c14e66
45c14f33
45c15000
45c150cd
45c1519a
45c15266
45c15333
45c15400
45c154cd
45c1559a
45c15666
45c15733
45c15800
45c158cd
45c1599a
45c15a66
45c15b33
45c15c00
45c15ccd
45c15d9a
45c15e66
45c15f33
45c16000
45c160cd
45c1619a
45c16266
45c16333
45c16400
45c164cd
45c1659a
45c16666
45c16733
45c16800
45c168cd
45c1699a
45c16a66
45c16b33
45c16c00
45c16ccd
45c16d9a
45c16e66
45c16f33
45c17000
45c170cd
45c1719a
45c17266
45c17333
45c17400
45c174cd
45c1759a
45c17666
45c17733
45c17800
45c178cd
45c1799a
45c17a66
45c17b33
45c17c00
45c17ccd
45c17d9a
45c17e66
45c17f33
45c18000
45c180cd
45c1819a
45c18266
45c18333
45c18400
45c184cd
45c1859a
45c18666
45c18733
45c18800
45c188cd
45c1899a
45c18a66
45c18b33
45c18c00
45c18ccd
45c18d9a
45c18e66
45c18f33
45c19000
45c190cd
45c1919a
45c19266
45c19333
45c19400
45c194cd
45c1959a
45c19666
45c19733
45c19800
45c198cd
45c1999a
45c19a66
45c19b33
45c19c00
45c19ccd
45c19d9a
45c19e66
45c19f33
45c1a000
45c1a0cd
45c1a19a
45c1a266
45c1a333
45c1a400
45c1a4cd
45c1a59a
45c1a666
45c1a733
45c1a800
45c1a8cd
45c1a99a
45c1aa66
45c1ab33
45c1ac00
45c1accd
45c1ad9a
45c1ae66
45c1af33
45c1b000
45c1b0cd
45c1b19a
45c1b266
45c1b333
45c1b400
45c1b4cd
45c1b59a
45c1b666
45c1b733
45c1b800
45c1b8cd
45c1b99a
45c1ba66
45c1bb33
45c1bc00
45c1bccd
45c1bd9a
45c1be66
45c1bf33
45c1c000
45c1c0cd
45c1c19a
45c1c266
45c1c333
45c1c400
45c1c4cd
45c1c59a
45c1c666
45c1c733
45c1c800
45c1c8cd
45c1c99a
45c1ca66
45c1cb33
45c1cc00
45c1cccd
45c1cd9a
45c1ce66
45c1cf33
45c1d000
45c1d0cd
45c1d19a
45c1d266
45c1d333
45c1d400
45c1d4cd
45c1d59a
45c1d666
45c1d733
45c1d800
45c1d8cd
45c1d99a
45c1da66
45c1db33
45c1dc00
45c1dccd
45c1dd9a
45c1de66
45c1df33
45c1e000
45c1e0cd
45c1e19a
45c1e266
45c1e333
45c1e400
45c1e4cd
45c1e59a
45c1e666
45c1e733
45c1e800
45c1e8cd
45c1e99a
45c1ea66
45c1eb33
45c1ec00
45c1eccd
45c1ed9a
45c1ee66
45c1ef33
45c1f000
45c1f0cd
45c1f19a
45c1f266
45c1f333
45c1f400
45c1f4cd
45c1f59a
45c1f666
45c1f733
45c1f800
45c1f8cd
45c1f99a
45c1fa66
45c1fb33
45c1fc00
45c1fccd
45c1fd9a
45c1fe66
45c1ff33
45c20000
45c200cd
45c2019a
45c20266
45c20333
45c20400
45c204cd
45c2059a
45c20666
45c20733
45c20800
45c208cd
45c2099a
45c20a66
45c20b33
45c20c00
45c20ccd
45c20d9a
45c20e66
45c20f33
45c21000
45c210cd
45c2119a
45c21266
45c21333
45c21400
45c214cd
45c2159a
45c21666
45c21733
45c21800
45c218cd
45c2199a
45c21a66
45c21b33
45c21c00
45c21ccd
45c21d9a
45c21e66
45c21f33
45c22000
45c220cd
45c2219a
45c22266
45c22333
45c22400
45c224cd
45c2259a
45c22666
45c22733
45c22800
45c228cd
45c2299a
45c22a66
45c22b33
45c22c00
45c22ccd
45c22d9a
45c22e66
45c22f33
45c23000
45c230cd
45c2319a
45c23266
45c23333
45c23400
45c234cd
45c2359a
45c23666
45c23733
45c23800
45c238cd
45c2399a
45c23a66
45c23b33
45c23c00
45c23ccd
45c23d9a
45c23e66
45c23f33
45c24000
45c240cd
45c2419a
45c24266
45c24333
45c24400
45c244cd
45c2459a
45c24666
45c24733
45c24800
45c248cd
45c2499a
45c24a66
45c24b33
45c24c00
45c24ccd
45c24d9a
45c24e66
45c24f33
45c25000
45c250cd
45c2519a
45c25266
45c25333
45c25400
45c254cd
45c2559a
45c25666
45c25733
45c25800
45c258cd
45c2599a
45c25a66
45c25b33
45c25c00
45c25ccd
45c25d9a
45c25e66
45c25f33
45c26000
45c260cd
45c2619a
45c26266
45c26333
45c26400
45c264cd
45c2659a
45c26666
45c26733
45c26800
45c268cd
45c2699a
45c26a66
45c26b33
45c26c00
45c26ccd
45c26d9a
45c26e66
45c26f33
45c27000
45c270cd
45c2719a
45c27266
45c27333
45c27400
45c274cd
45c2759a
45c27666
45c27733
45c27800
45c278cd
45c2799a
45c27a66
45c27b33
45c27c00
45c27ccd
45c27d9a
45c27e66
45c27f33
45c28000
45c280cd
45c2819a
45c28266
45c28333
45c28400
45c284cd
45c2859a
45c28666
45c28733
45c28800
45c288cd
45c2899a
45c28a66
45c28b33
45c28c00
45c28ccd
45c28d9a
45c28e66
45c28f33
45c29000
45c290cd
45c2919a
45c29266
45c29333
45c29400
45c294cd
45c2959a
45c29666
45c29733
45c29800
45c298cd
45c2999a
45c29a66
45c29b33
45c29c00
45c29ccd
45c29d9a
45c29e66
45c29f33
45c2a000
45c2a0cd
45c2a19a
45c2a266
45c2a333
45c2a400
45c2a4cd
45c2a59a
45c2a666
45c2a733
45c2a800
45c2a8cd
45c2a99a
45c2aa66
45c2ab33
45c2ac00
45c2accd
45c2ad9a
45c2ae66
45c2af33
45c2b000
45c2b0cd
45c2b19a
45c2b266
45c2b333
45c2b400
45c2b4cd
45c2b59a
45c2b666
45c2b733
45c2b800
45c2b8cd
45c2b99a
45c2ba66
45c2bb33
45c2bc00
45c2bccd
45c2bd9a
45c2be66
45c2bf33
45c2c000
45c2c0cd
45c2c19a
45c2c266
45c2c333
45c2c400
45c2c4cd
45c2c59a
45c2c666
45c2c733
45c2c800
45c2c8cd
45c2c99a
45c2ca66
45c2cb33
45c2cc00
45c2cccd
45c2cd9a
45c2ce66
45c2cf33
45c2d000
45c2d0cd
45c2d19a
45c2d266
45c2d333
45c2d400
45c2d4cd
45c2d59a
45c2d666
45c2d733
45c2d800
45c2d8cd
45c2d99a
45c2da66
45c2db33
45c2dc00
45c2dccd
45c2dd9a
45c2de66
45c2df33
45c2e000
45c2e0cd
45c2e19a
45c2e266
45c2e333
45c2e400
45c2e4cd
45c2e59a
45c2e666
45c2e733
45c2e800
45c2e8cd
45c2e99a
45c2ea66
45c2eb33
45c2ec00
45c2eccd
45c2ed9a
45c2ee66
45c2ef33
45c2f000
45c2f0cd
45c2f19a
45c2f266
45c2f333
45c2f400
45c2f4cd
45c2f59a
45c2f666
45c2f733
45c2f800
45c2f8cd
45c2f99a
45c2fa66
45c2fb33
45c2fc00
45c2fccd
45c2fd9a
45c2fe66
45c2ff33
45c30000
45c300cd
45c3019a
45c30266
45c30333
45c30400
45c304cd
45c3059a
45c30666
45c30733
45c30800
45c308cd
45c3099a
45c30a66
45c30b33
45c30c00
45c30ccd
45c30d9a
45c30e66
45c30f33
45c31000
45c310cd
45c3119a
45c31266
45c31333
45c31400
45c314cd
45c3159a
45c31666
45c31733
45c31800
45c318cd
45c3199a
45c31a66
45c31b33
45c31c00
45c31ccd
45c31d9a
45c31e66
45c31f33
45c32000
45c320cd
45c3219a
45c32266
45c32333
45c32400
45c324cd
45c3259a
45c32666
45c32733
45c32800
45c328cd
45c3299a
45c32a66
45c32b33
45c32c00
45c32ccd
45c32d9a
45c32e66
45c32f33
45c33000
45c330cd
45c3319a
45c33266
45c33333
45c33400
45c334cd
45c3359a
45c33666
45c33733
45c33800
45c338cd
45c3399a
45c33a66
45c33b33
45c33c00
45c33ccd
45c33d9a
45c33e66
45c33f33
45c34000
45c340cd
45c3419a
45c34266
45c34333
45c34400
45c344cd
45c3459a
45c34666
45c34733
45c34800
45c348cd
45c3499a
45c34a66
45c34b33
45c34c00
45c34ccd
45c34d9a
45c34e66
45c34f33
45c35000
45c350cd
45c3519a
45c35266
45c35333
45c35400
45c354cd
45c3559a
45c35666
45c35733
45c35800
45c358cd
45c3599a
45c35a66
45c35b33
45c35c00
45c35ccd
45c35d9a
45c35e66
45c35f33
45c36000
45c360cd
45c3619a
45c36266
45c36333
45c36400
45c364cd
45c3659a
45c36666
45c36733
45c36800
45c368cd
45c3699a
45c36a66
45c36b33
45c36c00
45c36ccd
45c36d9a
45c36e66
45c36f33
45c37000
45c370cd
45c3719a
45c37266
45c37333
45c37400
45c374cd
45c3759a
45c37666
45c37733
45c37800
45c378cd
45c3799a
45c37a66
45c37b33
45c37c00
45c37ccd
45c37d9a
45c37e66
45c37f33
45c38000
45c380cd
45c3819a
45c38266
45c38333
45c38400
45c384cd
45c3859a
45c38666
45c38733
45c38800
45c388cd
45c3899a
45c38a66
45c38b33
45c38c00
45c38ccd
45c38d9a
45c38e66
45c38f33
45c39000
45c390cd
45c3919a
45c39266
45c39333
45c39400
45c394cd
45c3959a
45c39666
45c39733
45c39800
45c398cd
45c3999a
45c39a66
45c39b33
45c39c00
45c39ccd
45c39d9a
45c39e66
45c39f33
45c3a000
45c3a0cd
45c3a19a
45c3a266
45c3a333
45c3a400
45c3a4cd
45c3a59a
45c3a666
45c3a733
45c3a800
45c3a8cd
45c3a99a
45c3aa66
45c3ab33
45c3ac00
45c3accd
45c3ad9a
45c3ae66
45c3af33
45c3b000
45c3b0cd
45c3b19a
45c3b266
45c3b333
45c3b400
45c3b4cd
45c3b59a
45c3b666
45c3b733
45c3b800
45c3b8cd
45c3b99a
45c3ba66
45c3bb33
45c3bc00
45c3bccd
45c3bd9a
45c3be66
45c3bf33
45c3c000
45c3c0cd
45c3c19a
45c3c266
45c3c333
45c3c400
45c3c4cd
45c3c59a
45c3c666
45c3c733
45c3c800
45c3c8cd
45c3c99a
45c3ca66
45c3cb33
45c3cc00
45c3cccd
45c3cd9a
45c3ce66
45c3cf33
45c3d000
45c3d0cd
45c3d19a
45c3d266
45c3d333
45c3d400
45c3d4cd
45c3d59a
45c3d666
45c3d733
45c3d800
45c3d8cd
45c3d99a
45c3da66
45c3db33
45c3dc00
45c3dccd
45c3dd9a
45c3de66
45c3df33
45c3e000
45c3e0cd
45c3e19a
45c3e266
45c3e333
45c3e400
45c3e4cd
45c3e59a
45c3e666
45c3e733
45c3e800
45c3e8cd
45c3e99a
45c3ea66
45c3eb33
45c3ec00
45c3eccd
45c3ed9a
45c3ee66
45c3ef33
45c3f000
45c3f0cd
45c3f19a
45c3f266
45c3f333
45c3f400
45c3f4cd
45c3f59a
45c3f666
45c3f733
45c3f800
45c3f8cd
45c3f99a
45c3fa66
45c3fb33
45c3fc00
45c3fccd
45c3fd9a
45c3fe66
45c3ff33
45c40000
45c400cd
45c4019a
45c40266
45c40333
45c40400
45c404cd
45c4059a
45c40666
45c40733
45c40800
45c408cd
45c4099a
45c40a66
45c40b33
45c40c00
45c40ccd
45c40d9a
45c40e66
45c40f33
45c41000
45c410cd
45c4119a
45c41266
45c41333
45c41400
45c414cd
45c4159a
45c41666
45c41733
45c41800
45c418cd
45c4199a
45c41a66
45c41b33
45c41c00
45c41ccd
45c41d9a
45c41e66
45c41f33
45c42000
45c420cd
45c4219a
45c42266
45c42333
45c42400
45c424cd
45c4259a
45c42666
45c42733
45c42800
45c428cd
45c4299a
45c42a66
45c42b33
45c42c00
45c42ccd
45c42d9a
45c42e66
45c42f33
45c43000
45c430cd
45c4319a
45c43266
45c43333
45c43400
45c434cd
45c4359a
45c43666
45c43733
45c43800
45c438cd
45c4399a
45c43a66
45c43b33
45c43c00
45c43ccd
45c43d9a
45c43e66
45c43f33
45c44000
45c440cd
45c4419a
45c44266
45c44333
45c44400
45c444cd
45c4459a
45c44666
45c44733
45c44800
45c448cd
45c4499a
45c44a66
45c44b33
45c44c00
45c44ccd
45c44d9a
45c44e66
45c44f33
45c45000
45c450cd
45c4519a
45c45266
45c45333
45c45400
45c454cd
45c4559a
45c45666
45c45733
45c45800
45c458cd
45c4599a
45c45a66
45c45b33
45c45c00
45c45ccd
45c45d9a
45c45e66
45c45f33
45c46000
45c460cd
45c4619a
45c46266
45c46333
45c46400
45c464cd
45c4659a
45c46666
45c46733
45c46800
45c468cd
45c4699a
45c46a66
45c46b33
45c46c00
45c46ccd
45c46d9a
45c46e66
45c46f33
45c47000
45c470cd
45c4719a
45c47266
45c47333
45c47400
45c474cd
45c4759a
45c47666
45c47733
45c47800
45c478cd
45c4799a
45c47a66
45c47b33
45c47c00
45c47ccd
45c47d9a
45c47e66
45c47f33
45c48000
45c480cd
45c4819a
45c48266
45c48333
45c48400
45c484cd
45c4859a
45c48666
45c48733
45c48800
45c488cd
45c4899a
45c48a66
45c48b33
45c48c00
45c48ccd
45c48d9a
45c48e66
45c48f33
45c49000
45c490cd
45c4919a
45c49266
45c49333
45c49400
45c494cd
45c4959a
45c49666
45c49733
45c49800
45c498cd
45c4999a
45c49a66
45c49b33
45c49c00
45c49ccd
45c49d9a
45c49e66
45c49f33
45c4a000
45c4a0cd
45c4a19a
45c4a266
45c4a333
45c4a400
45c4a4cd
45c4a59a
45c4a666
45c4a733
45c4a800
45c4a8cd
45c4a99a
45c4aa66
45c4ab33
45c4ac00
45c4accd
45c4ad9a
45c4ae66
45c4af33
45c4b000
45c4b0cd
45c4b19a
45c4b266
45c4b333
45c4b400
45c4b4cd
45c4b59a
45c4b666
45c4b733
45c4b800
45c4b8cd
45c4b99a
45c4ba66
45c4bb33
45c4bc00
45c4bccd
45c4bd9a
45c4be66
45c4bf33
45c4c000
45c4c0cd
45c4c19a
45c4c266
45c4c333
45c4c400
45c4c4cd
45c4c59a
45c4c666
45c4c733
45c4c800
45c4c8cd
45c4c99a
45c4ca66
45c4cb33
45c4cc00
45c4cccd
45c4cd9a
45c4ce66
45c4cf33
45c4d000
45c4d0cd
45c4d19a
45c4d266
45c4d333
45c4d400
45c4d4cd
45c4d59a
45c4d666
45c4d733
45c4d800
45c4d8cd
45c4d99a
45c4da66
45c4db33
45c4dc00
45c4dccd
45c4dd9a
45c4de66
45c4df33
45c4e000
45c4e0cd
45c4e19a
45c4e266
45c4e333
45c4e400
45c4e4cd
45c4e59a
45c4e666
45c4e733
45c4e800
45c4e8cd
45c4e99a
45c4ea66
45c4eb33
45c4ec00
45c4eccd
45c4ed9a
45c4ee66
45c4ef33
45c4f000
45c4f0cd
45c4f19a
45c4f266
45c4f333
45c4f400
45c4f4cd
45c4f59a
45c4f666
45c4f733
45c4f800
45c4f8cd
45c4f99a
45c4fa66
45c4fb33
45c4fc00
45c4fccd
45c4fd9a
45c4fe66
45c4ff33
45c50000
45c500cd
45c5019a
45c50266
45c50333
45c50400
45c504cd
45c5059a
45c50666
45c50733
45c50800
45c508cd
45c5099a
45c50a66
45c50b33
45c50c00
45c50ccd
45c50d9a
45c50e66
45c50f33
45c51000
45c510cd
45c5119a
45c51266
45c51333
45c51400
45c514cd
45c5159a
45c51666
45c51733
45c51800
45c518cd
45c5199a
45c51a66
45c51b33
45c51c00
45c51ccd
45c51d9a
45c51e66
45c51f33
45c52000
45c520cd
45c5219a
45c52266
45c52333
45c52400
45c524cd
45c5259a
45c52666
45c52733
45c52800
45c528cd
45c5299a
45c52a66
45c52b33
45c52c00
45c52ccd
45c52d9a
45c52e66
45c52f33
45c53000
45c530cd
45c5319a
45c53266
45c53333
45c53400
45c534cd
45c5359a
45c53666
45c53733
45c53800
45c538cd
45c5399a
45c53a66
45c53b33
45c53c00
45c53ccd
45c53d9a
45c53e66
45c53f33
45c54000
45c540cd
45c5419a
45c54266
45c54333
45c54400
45c544cd
45c5459a
45c54666
45c54733
45c54800
45c548cd
45c5499a
45c54a66
45c54b33
45c54c00
45c54ccd
45c54d9a
45c54e66
45c54f33
45c55000
45c550cd
45c5519a
45c55266
45c55333
45c55400
45c554cd
45c5559a
45c55666
45c55733
45c55800
45c558cd
45c5599a
45c55a66
45c55b33
45c55c00
45c55ccd
45c55d9a
45c55e66
45c55f33
45c56000
45c560cd
45c5619a
45c56266
45c56333
45c56400
45c564cd
45c5659a
45c56666
45c56733
45c56800
45c568cd
45c5699a
45c56a66
45c56b33
45c56c00
45c56ccd
45c56d9a
45c56e66
45c56f33
45c57000
45c570cd
45c5719a
45c57266
45c57333
45c57400
45c574cd
45c5759a
45c57666
45c57733
45c57800
45c578cd
45c5799a
45c57a66
45c57b33
45c57c00
45c57ccd
45c57d9a
45c57e66
45c57f33
45c58000
45c580cd
45c5819a
45c58266
45c58333
45c58400
45c584cd
45c5859a
45c58666
45c58733
45c58800
45c588cd
45c5899a
45c58a66
45c58b33
45c58c00
45c58ccd
45c58d9a
45c58e66
45c58f33
45c59000
45c590cd
45c5919a
45c59266
45c59333
45c59400
45c594cd
45c5959a
45c59666
45c59733
45c59800
45c598cd
45c5999a
45c59a66
45c59b33
45c59c00
45c59ccd
45c59d9a
45c59e66
45c59f33
45c5a000
45c5a0cd
45c5a19a
45c5a266
45c5a333
45c5a400
45c5a4cd
45c5a59a
45c5a666
45c5a733
45c5a800
45c5a8cd
45c5a99a
45c5aa66
45c5ab33
45c5ac00
45c5accd
45c5ad9a
45c5ae66
45c5af33
45c5b000
45c5b0cd
45c5b19a
45c5b266
45c5b333
45c5b400
45c5b4cd
45c5b59a
45c5b666
45c5b733
45c5b800
45c5b8cd
45c5b99a
45c5ba66
45c5bb33
45c5bc00
45c5bccd
45c5bd9a
45c5be66
45c5bf33
45c5c000
45c5c0cd
45c5c19a
45c5c266
45c5c333
45c5c400
45c5c4cd
45c5c59a
45c5c666
45c5c733
45c5c800
45c5c8cd
45c5c99a
45c5ca66
45c5cb33
45c5cc00
45c5cccd
45c5cd9a
45c5ce66
45c5cf33
45c5d000
45c5d0cd
45c5d19a
45c5d266
45c5d333
45c5d400
45c5d4cd
45c5d59a
45c5d666
45c5d733
45c5d800
45c5d8cd
45c5d99a
45c5da66
45c5db33
45c5dc00
45c5dccd
45c5dd9a
45c5de66
45c5df33
45c5e000
45c5e0cd
45c5e19a
45c5e266
45c5e333
45c5e400
45c5e4cd
45c5e59a
45c5e666
45c5e733
45c5e800
45c5e8cd
45c5e99a
45c5ea66
45c5eb33
45c5ec00
45c5eccd
45c5ed9a
45c5ee66
45c5ef33
45c5f000
45c5f0cd
45c5f19a
45c5f266
45c5f333
45c5f400
45c5f4cd
45c5f59a
45c5f666
45c5f733
45c5f800
45c5f8cd
45c5f99a
45c5fa66
45c5fb33
45c5fc00
45c5fccd
45c5fd9a
45c5fe66
45c5ff33
45c60000
45c600cd
45c6019a
45c60266
45c60333
45c60400
45c604cd
45c6059a
45c60666
45c60733
45c60800
45c608cd
45c6099a
45c60a66
45c60b33
45c60c00
45c60ccd
45c60d9a
45c60e66
45c60f33
45c61000
45c610cd
45c6119a
45c61266
45c61333
45c61400
45c614cd
45c6159a
45c61666
45c61733
45c61800
45c618cd
45c6199a
45c61a66
45c61b33
45c61c00
45c61ccd
45c61d9a
45c61e66
45c61f33
45c62000
45c620cd
45c6219a
45c62266
45c62333
45c62400
45c624cd
45c6259a
45c62666
45c62733
45c62800
45c628cd
45c6299a
45c62a66
45c62b33
45c62c00
45c62ccd
45c62d9a
45c62e66
45c62f33
45c63000
45c630cd
45c6319a
45c63266
45c63333
45c63400
45c634cd
45c6359a
45c63666
45c63733
45c63800
45c638cd
45c6399a
45c63a66
45c63b33
45c63c00
45c63ccd
45c63d9a
45c63e66
45c63f33
45c64000
45c640cd
45c6419a
45c64266
45c64333
45c64400
45c644cd
45c6459a
45c64666
45c64733
45c64800
45c648cd
45c6499a
45c64a66
45c64b33
45c64c00
45c64ccd
45c64d9a
45c64e66
45c64f33
45c65000
45c650cd
45c6519a
45c65266
45c65333
45c65400
45c654cd
45c6559a
45c65666
45c65733
45c65800
45c658cd
45c6599a
45c65a66
45c65b33
45c65c00
45c65ccd
45c65d9a
45c65e66
45c65f33
45c66000
45c660cd
45c6619a
45c66266
45c66333
45c66400
45c664cd
45c6659a
45c66666
45c66733
45c66800
45c668cd
45c6699a
45c66a66
45c66b33
45c66c00
45c66ccd
45c66d9a
45c66e66
45c66f33
45c67000
45c670cd
45c6719a
45c67266
45c67333
45c67400
45c674cd
45c6759a
45c67666
45c67733
45c67800
45c678cd
45c6799a
45c67a66
45c67b33
45c67c00
45c67ccd
45c67d9a
45c67e66
45c67f33
45c68000
45c680cd
45c6819a
45c68266
45c68333
45c68400
45c684cd
45c6859a
45c68666
45c68733
45c68800
45c688cd
45c6899a
45c68a66
45c68b33
45c68c00
45c68ccd
45c68d9a
45c68e66
45c68f33
45c69000
45c690cd
45c6919a
45c69266
45c69333
45c69400
45c694cd
45c6959a
45c69666
45c69733
45c69800
45c698cd
45c6999a
45c69a66
45c69b33
45c69c00
45c69ccd
45c69d9a
45c69e66
45c69f33
45c6a000
45c6a0cd
45c6a19a
45c6a266
45c6a333
45c6a400
45c6a4cd
45c6a59a
45c6a666
45c6a733
45c6a800
45c6a8cd
45c6a99a
45c6aa66
45c6ab33
45c6ac00
45c6accd
45c6ad9a
45c6ae66
45c6af33
45c6b000
45c6b0cd
45c6b19a
45c6b266
45c6b333
45c6b400
45c6b4cd
45c6b59a
45c6b666
45c6b733
45c6b800
45c6b8cd
45c6b99a
45c6ba66
45c6bb33
45c6bc00
45c6bccd
45c6bd9a
45c6be66
45c6bf33
45c6c000
45c6c0cd
45c6c19a
45c6c266
45c6c333
45c6c400
45c6c4cd
45c6c59a
45c6c666
45c6c733
45c6c800
45c6c8cd
45c6c99a
45c6ca66
45c6cb33
45c6cc00
45c6cccd
45c6cd9a
45c6ce66
45c6cf33
45c6d000
45c6d0cd
45c6d19a
45c6d266
45c6d333
45c6d400
45c6d4cd
45c6d59a
45c6d666
45c6d733
45c6d800
45c6d8cd
45c6d99a
45c6da66
45c6db33
45c6dc00
45c6dccd
45c6dd9a
45c6de66
45c6df33
45c6e000
45c6e0cd
45c6e19a
45c6e266
45c6e333
45c6e400
45c6e4cd
45c6e59a
45c6e666
45c6e733
45c6e800
45c6e8cd
45c6e99a
45c6ea66
45c6eb33
45c6ec00
45c6eccd
45c6ed9a
45c6ee66
45c6ef33
45c6f000
45c6f0cd
45c6f19a
45c6f266
45c6f333
45c6f400
45c6f4cd
45c6f59a
45c6f666
45c6f733
45c6f800
45c6f8cd
45c6f99a
45c6fa66
45c6fb33
45c6fc00
45c6fccd
45c6fd9a
45c6fe66
45c6ff33
45c70000
45c700cd
45c7019a
45c70266
45c70333
45c70400
45c704cd
45c7059a
45c70666
45c70733
45c70800
45c708cd
45c7099a
45c70a66
45c70b33
45c70c00
45c70ccd
45c70d9a
45c70e66
45c70f33
45c71000
45c710cd
45c7119a
45c71266
45c71333
45c71400
45c714cd
45c7159a
45c71666
45c71733
45c71800
45c718cd
45c7199a
45c71a66
45c71b33
45c71c00
45c71ccd
45c71d9a
45c71e66
45c71f33
45c72000
45c720cd
45c7219a
45c72266
45c72333
45c72400
45c724cd
45c7259a
45c72666
45c72733
45c72800
45c728cd
45c7299a
45c72a66
45c72b33
45c72c00
45c72ccd
45c72d9a
45c72e66
45c72f33
45c73000
45c730cd
45c7319a
45c73266
45c73333
45c73400
45c734cd
45c7359a
45c73666
45c73733
45c73800
45c738cd
45c7399a
45c73a66
45c73b33
45c73c00
45c73ccd
45c73d9a
45c73e66
45c73f33
45c74000
45c740cd
45c7419a
45c74266
45c74333
45c74400
45c744cd
45c7459a
45c74666
45c74733
45c74800
45c748cd
45c7499a
45c74a66
45c74b33
45c74c00
45c74ccd
45c74d9a
45c74e66
45c74f33
45c75000
45c750cd
45c7519a
45c75266
45c75333
45c75400
45c754cd
45c7559a
45c75666
45c75733
45c75800
45c758cd
45c7599a
45c75a66
45c75b33
45c75c00
45c75ccd
45c75d9a
45c75e66
45c75f33
45c76000
45c760cd
45c7619a
45c76266
45c76333
45c76400
45c764cd
45c7659a
45c76666
45c76733
45c76800
45c768cd
45c7699a
45c76a66
45c76b33
45c76c00
45c76ccd
45c76d9a
45c76e66
45c76f33
45c77000
45c770cd
45c7719a
45c77266
45c77333
45c77400
45c774cd
45c7759a
45c77666
45c77733
45c77800
45c778cd
45c7799a
45c77a66
45c77b33
45c77c00
45c77ccd
45c77d9a
45c77e66
45c77f33
45c78000
45c780cd
45c7819a
45c78266
45c78333
45c78400
45c784cd
45c7859a
45c78666
45c78733
45c78800
45c788cd
45c7899a
45c78a66
45c78b33
45c78c00
45c78ccd
45c78d9a
45c78e66
45c78f33
45c79000
45c790cd
45c7919a
45c79266
45c79333
45c79400
45c794cd
45c7959a
45c79666
45c79733
45c79800
45c798cd
45c7999a
45c79a66
45c79b33
45c79c00
45c79ccd
45c79d9a
45c79e66
45c79f33
45c7a000
45c7a0cd
45c7a19a
45c7a266
45c7a333
45c7a400
45c7a4cd
45c7a59a
45c7a666
45c7a733
45c7a800
45c7a8cd
45c7a99a
45c7aa66
45c7ab33
45c7ac00
45c7accd
45c7ad9a
45c7ae66
45c7af33
45c7b000
45c7b0cd
45c7b19a
45c7b266
45c7b333
45c7b400
45c7b4cd
45c7b59a
45c7b666
45c7b733
45c7b800
45c7b8cd
45c7b99a
45c7ba66
45c7bb33
45c7bc00
45c7bccd
45c7bd9a
45c7be66
45c7bf33
45c7c000
45c7c0cd
45c7c19a
45c7c266
45c7c333
45c7c400
45c7c4cd
45c7c59a
45c7c666
45c7c733
45c7c800
45c7c8cd
45c7c99a
45c7ca66
45c7cb33
45c7cc00
45c7cccd
45c7cd9a
45c7ce66
45c7cf33
45c7d000
45c7d0cd
45c7d19a
45c7d266
45c7d333
45c7d400
45c7d4cd
45c7d59a
45c7d666
45c7d733
45c7d800
45c7d8cd
45c7d99a
45c7da66
45c7db33
45c7dc00
45c7dccd
45c7dd9a
45c7de66
45c7df33
45c7e000
45c7e0cd
45c7e19a
45c7e266
45c7e333
45c7e400
45c7e4cd
45c7e59a
45c7e666
45c7e733
45c7e800
45c7e8cd
45c7e99a
45c7ea66
45c7eb33
45c7ec00
45c7eccd
45c7ed9a
45c7ee66
45c7ef33
45c7f000
45c7f0cd
45c7f19a
45c7f266
45c7f333
45c7f400
45c7f4cd
45c7f59a
45c7f666
45c7f733
45c7f800
45c7f8cd
45c7f99a
45c7fa66
45c7fb33
45c7fc00
45c7fccd
45c7fd9a
45c7fe66
45c7ff33
45c80000
45c800cd
45c8019a
45c80266
45c80333
45c80400
45c804cd
45c8059a
45c80666
45c80733
45c80800
45c808cd
45c8099a
45c80a66
45c80b33
45c80c00
45c80ccd
45c80d9a
45c80e66
45c80f33
45c81000
45c810cd
45c8119a
45c81266
45c81333
45c81400
45c814cd
45c8159a
45c81666
45c81733
45c81800
45c818cd
45c8199a
45c81a66
45c81b33
45c81c00
45c81ccd
45c81d9a
45c81e66
45c81f33
45c82000
45c820cd
45c8219a
45c82266
45c82333
45c82400
45c824cd
45c8259a
45c82666
45c82733
45c82800
45c828cd
45c8299a
45c82a66
45c82b33
45c82c00
45c82ccd
45c82d9a
45c82e66
45c82f33
45c83000
45c830cd
45c8319a
45c83266
45c83333
45c83400
45c834cd
45c8359a
45c83666
45c83733
45c83800
45c838cd
45c8399a
45c83a66
45c83b33
45c83c00
45c83ccd
45c83d9a
45c83e66
45c83f33
45c84000
45c840cd
45c8419a
45c84266
45c84333
45c84400
45c844cd
45c8459a
45c84666
45c84733
45c84800
45c848cd
45c8499a
45c84a66
45c84b33
45c84c00
45c84ccd
45c84d9a
45c84e66
45c84f33
45c85000
45c850cd
45c8519a
45c85266
45c85333
45c85400
45c854cd
45c8559a
45c85666
45c85733
45c85800
45c858cd
45c8599a
45c85a66
45c85b33
45c85c00
45c85ccd
45c85d9a
45c85e66
45c85f33
45c86000
45c860cd
45c8619a
45c86266
45c86333
45c86400
45c864cd
45c8659a
45c86666
45c86733
45c86800
45c868cd
45c8699a
45c86a66
45c86b33
45c86c00
45c86ccd
45c86d9a
45c86e66
45c86f33
45c87000
45c870cd
45c8719a
45c87266
45c87333
45c87400
45c874cd
45c8759a
45c87666
45c87733
45c87800
45c878cd
45c8799a
45c87a66
45c87b33
45c87c00
45c87ccd
45c87d9a
45c87e66
45c87f33
45c88000
45c880cd
45c8819a
45c88266
45c88333
45c88400
45c884cd
45c8859a
45c88666
45c88733
45c88800
45c888cd
45c8899a
45c88a66
45c88b33
45c88c00
45c88ccd
45c88d9a
45c88e66
45c88f33
45c89000
45c890cd
45c8919a
45c89266
45c89333
45c89400
45c894cd
45c8959a
45c89666
45c89733
45c89800
45c898cd
45c8999a
45c89a66
45c89b33
45c89c00
45c89ccd
45c89d9a
45c89e66
45c89f33
45c8a000
45c8a0cd
45c8a19a
45c8a266
45c8a333
45c8a400
45c8a4cd
45c8a59a
45c8a666
45c8a733
45c8a800
45c8a8cd
45c8a99a
45c8aa66
45c8ab33
45c8ac00
45c8accd
45c8ad9a
45c8ae66
45c8af33
45c8b000
45c8b0cd
45c8b19a
45c8b266
45c8b333
45c8b400
45c8b4cd
45c8b59a
45c8b666
45c8b733
45c8b800
45c8b8cd
45c8b99a
45c8ba66
45c8bb33
45c8bc00
45c8bccd
45c8bd9a
45c8be66
45c8bf33
45c8c000
45c8c0cd
45c8c19a
45c8c266
45c8c333
45c8c400
45c8c4cd
45c8c59a
45c8c666
45c8c733
45c8c800
45c8c8cd
45c8c99a
45c8ca66
45c8cb33
45c8cc00
45c8cccd
45c8cd9a
45c8ce66
45c8cf33
45c8d000
45c8d0cd
45c8d19a
45c8d266
45c8d333
45c8d400
45c8d4cd
45c8d59a
45c8d666
45c8d733
45c8d800
45c8d8cd
45c8d99a
45c8da66
45c8db33
45c8dc00
45c8dccd
45c8dd9a
45c8de66
45c8df33
45c8e000
45c8e0cd
45c8e19a
45c8e266
45c8e333
45c8e400
45c8e4cd
45c8e59a
45c8e666
45c8e733
45c8e800
45c8e8cd
45c8e99a
45c8ea66
45c8eb33
45c8ec00
45c8eccd
45c8ed9a
45c8ee66
45c8ef33
45c8f000
45c8f0cd
45c8f19a
45c8f266
45c8f333
45c8f400
45c8f4cd
45c8f59a
45c8f666
45c8f733
45c8f800
45c8f8cd
45c8f99a
45c8fa66
45c8fb33
45c8fc00
45c8fccd
45c8fd9a
45c8fe66
45c8ff33
45c90000
45c900cd
45c9019a
45c90266
45c90333
45c90400
45c904cd
45c9059a
45c90666
45c90733
45c90800
45c908cd
45c9099a
45c90a66
45c90b33
45c90c00
45c90ccd
45c90d9a
45c90e66
45c90f33
45c91000
45c910cd
45c9119a
45c91266
45c91333
45c91400
45c914cd
45c9159a
45c91666
45c91733
45c91800
45c918cd
45c9199a
45c91a66
45c91b33
45c91c00
45c91ccd
45c91d9a
45c91e66
45c91f33
45c92000
45c920cd
45c9219a
45c92266
45c92333
45c92400
45c924cd
45c9259a
45c92666
45c92733
45c92800
45c928cd
45c9299a
45c92a66
45c92b33
45c92c00
45c92ccd
45c92d9a
45c92e66
45c92f33
45c93000
45c930cd
45c9319a
45c93266
45c93333
45c93400
45c934cd
45c9359a
45c93666
45c93733
45c93800
45c938cd
45c9399a
45c93a66
45c93b33
45c93c00
45c93ccd
45c93d9a
45c93e66
45c93f33
45c94000
45c940cd
45c9419a
45c94266
45c94333
45c94400
45c944cd
45c9459a
45c94666
45c94733
45c94800
45c948cd
45c9499a
45c94a66
45c94b33
45c94c00
45c94ccd
45c94d9a
45c94e66
45c94f33
45c95000
45c950cd
45c9519a
45c95266
45c95333
45c95400
45c954cd
45c9559a
45c95666
45c95733
45c95800
45c958cd
45c9599a
45c95a66
45c95b33
45c95c00
45c95ccd
45c95d9a
45c95e66
45c95f33
45c96000
45c960cd
45c9619a
45c96266
45c96333
45c96400
45c964cd
45c9659a
45c96666
45c96733
45c96800
45c968cd
45c9699a
45c96a66
45c96b33
45c96c00
45c96ccd
45c96d9a
45c96e66
45c96f33
45c97000
45c970cd
45c9719a
45c97266
45c97333
45c97400
45c974cd
45c9759a
45c97666
45c97733
45c97800
45c978cd
45c9799a
45c97a66
45c97b33
45c97c00
45c97ccd
45c97d9a
45c97e66
45c97f33
45c98000
45c980cd
45c9819a
45c98266
45c98333
45c98400
45c984cd
45c9859a
45c98666
45c98733
45c98800
45c988cd
45c9899a
45c98a66
45c98b33
45c98c00
45c98ccd
45c98d9a
45c98e66
45c98f33
45c99000
45c990cd
45c9919a
45c99266
45c99333
45c99400
45c994cd
45c9959a
45c99666
45c99733
45c99800
45c998cd
45c9999a
45c99a66
45c99b33
45c99c00
45c99ccd
45c99d9a
45c99e66
45c99f33
45c9a000
45c9a0cd
45c9a19a
45c9a266
45c9a333
45c9a400
45c9a4cd
45c9a59a
45c9a666
45c9a733
45c9a800
45c9a8cd
45c9a99a
45c9aa66
45c9ab33
45c9ac00
45c9accd
45c9ad9a
45c9ae66
45c9af33
45c9b000
45c9b0cd
45c9b19a
45c9b266
45c9b333
45c9b400
45c9b4cd
45c9b59a
45c9b666
45c9b733
45c9b800
45c9b8cd
45c9b99a
45c9ba66
45c9bb33
45c9bc00
45c9bccd
45c9bd9a
45c9be66
45c9bf33
45c9c000
45c9c0cd
45c9c19a
45c9c266
45c9c333
45c9c400
45c9c4cd
45c9c59a
45c9c666
45c9c733
45c9c800
45c9c8cd
45c9c99a
45c9ca66
45c9cb33
45c9cc00
45c9cccd
45c9cd9a
45c9ce66
45c9cf33
45c9d000
45c9d0cd
45c9d19a
45c9d266
45c9d333
45c9d400
45c9d4cd
45c9d59a
45c9d666
45c9d733
45c9d800
45c9d8cd
45c9d99a
45c9da66
45c9db33
45c9dc00
45c9dccd
45c9dd9a
45c9de66
45c9df33
45c9e000
45c9e0cd
45c9e19a
45c9e266
45c9e333
45c9e400
45c9e4cd
45c9e59a
45c9e666
45c9e733
45c9e800
45c9e8cd
45c9e99a
45c9ea66
45c9eb33
45c9ec00
45c9eccd
45c9ed9a
45c9ee66
45c9ef33
45c9f000
45c9f0cd
45c9f19a
45c9f266
45c9f333
45c9f400
45c9f4cd
45c9f59a
45c9f666
45c9f733
45c9f800
45c9f8cd
45c9f99a
45c9fa66
45c9fb33
45c9fc00
45c9fccd
45c9fd9a
45c9fe66
45c9ff33
45ca0000
45ca00cd
45ca019a
45ca0266
45ca0333
45ca0400
45ca04cd
45ca059a
45ca0666
45ca0733
45ca0800
45ca08cd
45ca099a
45ca0a66
45ca0b33
45ca0c00
45ca0ccd
45ca0d9a
45ca0e66
45ca0f33
45ca1000
45ca10cd
45ca119a
45ca1266
45ca1333
45ca1400
45ca14cd
45ca159a
45ca1666
45ca1733
45ca1800
45ca18cd
45ca199a
45ca1a66
45ca1b33
45ca1c00
45ca1ccd
45ca1d9a
45ca1e66
45ca1f33
45ca2000
45ca20cd
45ca219a
45ca2266
45ca2333
45ca2400
45ca24cd
45ca259a
45ca2666
45ca2733
45ca2800
45ca28cd
45ca299a
45ca2a66
45ca2b33
45ca2c00
45ca2ccd
45ca2d9a
45ca2e66
45ca2f33
45ca3000
45ca30cd
45ca319a
45ca3266
45ca3333
45ca3400
45ca34cd
45ca359a
45ca3666
45ca3733
45ca3800
45ca38cd
45ca399a
45ca3a66
45ca3b33
45ca3c00
45ca3ccd
45ca3d9a
45ca3e66
45ca3f33
45ca4000
45ca40cd
45ca419a
45ca4266
45ca4333
45ca4400
45ca44cd
45ca459a
45ca4666
45ca4733
45ca4800
45ca48cd
45ca499a
45ca4a66
45ca4b33
45ca4c00
45ca4ccd
45ca4d9a
45ca4e66
45ca4f33
45ca5000
45ca50cd
45ca519a
45ca5266
45ca5333
45ca5400
45ca54cd
45ca559a
45ca5666
45ca5733
45ca5800
45ca58cd
45ca599a
45ca5a66
45ca5b33
45ca5c00
45ca5ccd
45ca5d9a
45ca5e66
45ca5f33
45ca6000
45ca60cd
45ca619a
45ca6266
45ca6333
45ca6400
45ca64cd
45ca659a
45ca6666
45ca6733
45ca6800
45ca68cd
45ca699a
45ca6a66
45ca6b33
45ca6c00
45ca6ccd
45ca6d9a
45ca6e66
45ca6f33
45ca7000
45ca70cd
45ca719a
45ca7266
45ca7333
45ca7400
45ca74cd
45ca759a
45ca7666
45ca7733
45ca7800
45ca78cd
45ca799a
45ca7a66
45ca7b33
45ca7c00
45ca7ccd
45ca7d9a
45ca7e66
45ca7f33
45ca8000
45ca80cd
45ca819a
45ca8266
45ca8333
45ca8400
45ca84cd
45ca859a
45ca8666
45ca8733
45ca8800
45ca88cd
45ca899a
45ca8a66
45ca8b33
45ca8c00
45ca8ccd
45ca8d9a
45ca8e66
45ca8f33
45ca9000
45ca90cd
45ca919a
45ca9266
45ca9333
45ca9400
45ca94cd
45ca959a
45ca9666
45ca9733
45ca9800
45ca98cd
45ca999a
45ca9a66
45ca9b33
45ca9c00
45ca9ccd
45ca9d9a
45ca9e66
45ca9f33
45caa000
45caa0cd
45caa19a
45caa266
45caa333
45caa400
45caa4cd
45caa59a
45caa666
45caa733
45caa800
45caa8cd
45caa99a
45caaa66
45caab33
45caac00
45caaccd
45caad9a
45caae66
45caaf33
45cab000
45cab0cd
45cab19a
45cab266
45cab333
45cab400
45cab4cd
45cab59a
45cab666
45cab733
45cab800
45cab8cd
45cab99a
45caba66
45cabb33
45cabc00
45cabccd
45cabd9a
45cabe66
45cabf33
45cac000
45cac0cd
45cac19a
45cac266
45cac333
45cac400
45cac4cd
45cac59a
45cac666
45cac733
45cac800
45cac8cd
45cac99a
45caca66
45cacb33
45cacc00
45cacccd
45cacd9a
45cace66
45cacf33
45cad000
45cad0cd
45cad19a
45cad266
45cad333
45cad400
45cad4cd
45cad59a
45cad666
45cad733
45cad800
45cad8cd
45cad99a
45cada66
45cadb33
45cadc00
45cadccd
45cadd9a
45cade66
45cadf33
45cae000
45cae0cd
45cae19a
45cae266
45cae333
45cae400
45cae4cd
45cae59a
45cae666
45cae733
45cae800
45cae8cd
45cae99a
45caea66
45caeb33
45caec00
45caeccd
45caed9a
45caee66
45caef33
45caf000
45caf0cd
45caf19a
45caf266
45caf333
45caf400
45caf4cd
45caf59a
45caf666
45caf733
45caf800
45caf8cd
45caf99a
45cafa66
45cafb33
45cafc00
45cafccd
45cafd9a
45cafe66
45caff33
45cb0000
45cb00cd
45cb019a
45cb0266
45cb0333
45cb0400
45cb04cd
45cb059a
45cb0666
45cb0733
45cb0800
45cb08cd
45cb099a
45cb0a66
45cb0b33
45cb0c00
45cb0ccd
45cb0d9a
45cb0e66
45cb0f33
45cb1000
45cb10cd
45cb119a
45cb1266
45cb1333
45cb1400
45cb14cd
45cb159a
45cb1666
45cb1733
45cb1800
45cb18cd
45cb199a
45cb1a66
45cb1b33
45cb1c00
45cb1ccd
45cb1d9a
45cb1e66
45cb1f33
45cb2000
45cb20cd
45cb219a
45cb2266
45cb2333
45cb2400
45cb24cd
45cb259a
45cb2666
45cb2733
45cb2800
45cb28cd
45cb299a
45cb2a66
45cb2b33
45cb2c00
45cb2ccd
45cb2d9a
45cb2e66
45cb2f33
45cb3000
45cb30cd
45cb319a
45cb3266
45cb3333
45cb3400
45cb34cd
45cb359a
45cb3666
45cb3733
45cb3800
45cb38cd
45cb399a
45cb3a66
45cb3b33
45cb3c00
45cb3ccd
45cb3d9a
45cb3e66
45cb3f33
45cb4000
45cb40cd
45cb419a
45cb4266
45cb4333
45cb4400
45cb44cd
45cb459a
45cb4666
45cb4733
45cb4800
45cb48cd
45cb499a
45cb4a66
45cb4b33
45cb4c00
45cb4ccd
45cb4d9a
45cb4e66
45cb4f33
45cb5000
45cb50cd
45cb519a
45cb5266
45cb5333
45cb5400
45cb54cd
45cb559a
45cb5666
45cb5733
45cb5800
45cb58cd
45cb599a
45cb5a66
45cb5b33
45cb5c00
45cb5ccd
45cb5d9a
45cb5e66
45cb5f33
45cb6000
45cb60cd
45cb619a
45cb6266
45cb6333
45cb6400
45cb64cd
45cb659a
45cb6666
45cb6733
45cb6800
45cb68cd
45cb699a
45cb6a66
45cb6b33
45cb6c00
45cb6ccd
45cb6d9a
45cb6e66
45cb6f33
45cb7000
45cb70cd
45cb719a
45cb7266
45cb7333
45cb7400
45cb74cd
45cb759a
45cb7666
45cb7733
45cb7800
45cb78cd
45cb799a
45cb7a66
45cb7b33
45cb7c00
45cb7ccd
45cb7d9a
45cb7e66
45cb7f33
45cb8000
45cb80cd
45cb819a
45cb8266
45cb8333
45cb8400
45cb84cd
45cb859a
45cb8666
45cb8733
45cb8800
45cb88cd
45cb899a
45cb8a66
45cb8b33
45cb8c00
45cb8ccd
45cb8d9a
45cb8e66
45cb8f33
45cb9000
45cb90cd
45cb919a
45cb9266
45cb9333
45cb9400
45cb94cd
45cb959a
45cb9666
45cb9733
45cb9800
45cb98cd
45cb999a
45cb9a66
45cb9b33
45cb9c00
45cb9ccd
45cb9d9a
45cb9e66
45cb9f33
45cba000
45cba0cd
45cba19a
45cba266
45cba333
45cba400
45cba4cd
45cba59a
45cba666
45cba733
45cba800
45cba8cd
45cba99a
45cbaa66
45cbab33
45cbac00
45cbaccd
45cbad9a
45cbae66
45cbaf33
45cbb000
45cbb0cd
45cbb19a
45cbb266
45cbb333
45cbb400
45cbb4cd
45cbb59a
45cbb666
45cbb733
45cbb800
45cbb8cd
45cbb99a
45cbba66
45cbbb33
45cbbc00
45cbbccd
45cbbd9a
45cbbe66
45cbbf33
45cbc000
45cbc0cd
45cbc19a
45cbc266
45cbc333
45cbc400
45cbc4cd
45cbc59a
45cbc666
45cbc733
45cbc800
45cbc8cd
45cbc99a
45cbca66
45cbcb33
45cbcc00
45cbcccd
45cbcd9a
45cbce66
45cbcf33
45cbd000
45cbd0cd
45cbd19a
45cbd266
45cbd333
45cbd400
45cbd4cd
45cbd59a
45cbd666
45cbd733
45cbd800
45cbd8cd
45cbd99a
45cbda66
45cbdb33
45cbdc00
45cbdccd
45cbdd9a
45cbde66
45cbdf33
45cbe000
45cbe0cd
45cbe19a
45cbe266
45cbe333
45cbe400
45cbe4cd
45cbe59a
45cbe666
45cbe733
45cbe800
45cbe8cd
45cbe99a
45cbea66
45cbeb33
45cbec00
45cbeccd
45cbed9a
45cbee66
45cbef33
45cbf000
45cbf0cd
45cbf19a
45cbf266
45cbf333
45cbf400
45cbf4cd
45cbf59a
45cbf666
45cbf733
45cbf800
45cbf8cd
45cbf99a
45cbfa66
45cbfb33
45cbfc00
45cbfccd
45cbfd9a
45cbfe66
45cbff33
45cc0000
45cc00cd
45cc019a
45cc0266
45cc0333
45cc0400
45cc04cd
45cc059a
45cc0666
45cc0733
45cc0800
45cc08cd
45cc099a
45cc0a66
45cc0b33
45cc0c00
45cc0ccd
45cc0d9a
45cc0e66
45cc0f33
45cc1000
45cc10cd
45cc119a
45cc1266
45cc1333
45cc1400
45cc14cd
45cc159a
45cc1666
45cc1733
45cc1800
45cc18cd
45cc199a
45cc1a66
45cc1b33
45cc1c00
45cc1ccd
45cc1d9a
45cc1e66
45cc1f33
45cc2000
45cc20cd
45cc219a
45cc2266
45cc2333
45cc2400
45cc24cd
45cc259a
45cc2666
45cc2733
45cc2800
45cc28cd
45cc299a
45cc2a66
45cc2b33
45cc2c00
45cc2ccd
45cc2d9a
45cc2e66
45cc2f33
45cc3000
45cc30cd
45cc319a
45cc3266
45cc3333
45cc3400
45cc34cd
45cc359a
45cc3666
45cc3733
45cc3800
45cc38cd
45cc399a
45cc3a66
45cc3b33
45cc3c00
45cc3ccd
45cc3d9a
45cc3e66
45cc3f33
45cc4000
45cc40cd
45cc419a
45cc4266
45cc4333
45cc4400
45cc44cd
45cc459a
45cc4666
45cc4733
45cc4800
45cc48cd
45cc499a
45cc4a66
45cc4b33
45cc4c00
45cc4ccd
45cc4d9a
45cc4e66
45cc4f33
45cc5000
45cc50cd
45cc519a
45cc5266
45cc5333
45cc5400
45cc54cd
45cc559a
45cc5666
45cc5733
45cc5800
45cc58cd
45cc599a
45cc5a66
45cc5b33
45cc5c00
45cc5ccd
45cc5d9a
45cc5e66
45cc5f33
45cc6000
45cc60cd
45cc619a
45cc6266
45cc6333
45cc6400
45cc64cd
45cc659a
45cc6666
45cc6733
45cc6800
45cc68cd
45cc699a
45cc6a66
45cc6b33
45cc6c00
45cc6ccd
45cc6d9a
45cc6e66
45cc6f33
45cc7000
45cc70cd
45cc719a
45cc7266
45cc7333
45cc7400
45cc74cd
45cc759a
45cc7666
45cc7733
45cc7800
45cc78cd
45cc799a
45cc7a66
45cc7b33
45cc7c00
45cc7ccd
45cc7d9a
45cc7e66
45cc7f33
45cc8000
45cc80cd
45cc819a
45cc8266
45cc8333
45cc8400
45cc84cd
45cc859a
45cc8666
45cc8733
45cc8800
45cc88cd
45cc899a
45cc8a66
45cc8b33
45cc8c00
45cc8ccd
45cc8d9a
45cc8e66
45cc8f33
45cc9000
45cc90cd
45cc919a
45cc9266
45cc9333
45cc9400
45cc94cd
45cc959a
45cc9666
45cc9733
45cc9800
45cc98cd
45cc999a
45cc9a66
45cc9b33
45cc9c00
45cc9ccd
45cc9d9a
45cc9e66
45cc9f33
45cca000
45cca0cd
45cca19a
45cca266
45cca333
45cca400
45cca4cd
45cca59a
45cca666
45cca733
45cca800
45cca8cd
45cca99a
45ccaa66
45ccab33
45ccac00
45ccaccd
45ccad9a
45ccae66
45ccaf33
45ccb000
45ccb0cd
45ccb19a
45ccb266
45ccb333
45ccb400
45ccb4cd
45ccb59a
45ccb666
45ccb733
45ccb800
45ccb8cd
45ccb99a
45ccba66
45ccbb33
45ccbc00
45ccbccd
45ccbd9a
45ccbe66
45ccbf33
45ccc000
45ccc0cd
45ccc19a
45ccc266
45ccc333
45ccc400
45ccc4cd
45ccc59a
45ccc666
45ccc733
45ccc800
45ccc8cd
45ccc99a
45ccca66
45cccb33
45cccc00
45cccccd
45cccd9a
45ccce66
45cccf33
45ccd000
45ccd0cd
45ccd19a
45ccd266
45ccd333
45ccd400
45ccd4cd
45ccd59a
45ccd666
45ccd733
45ccd800
45ccd8cd
45ccd99a
45ccda66
45ccdb33
45ccdc00
45ccdccd
45ccdd9a
45ccde66
45ccdf33
45cce000
45cce0cd
45cce19a
45cce266
45cce333
45cce400
45cce4cd
45cce59a
45cce666
45cce733
45cce800
45cce8cd
45cce99a
45ccea66
45cceb33
45ccec00
45cceccd
45cced9a
45ccee66
45ccef33
45ccf000
45ccf0cd
45ccf19a
45ccf266
45ccf333
45ccf400
45ccf4cd
45ccf59a
45ccf666
45ccf733
45ccf800
45ccf8cd
45ccf99a
45ccfa66
45ccfb33
45ccfc00
45ccfccd
45ccfd9a
45ccfe66
45ccff33
45cd0000
45cd00cd
45cd019a
45cd0266
45cd0333
45cd0400
45cd04cd
45cd059a
45cd0666
45cd0733
45cd0800
45cd08cd
45cd099a
45cd0a66
45cd0b33
45cd0c00
45cd0ccd
45cd0d9a
45cd0e66
45cd0f33
45cd1000
45cd10cd
45cd119a
45cd1266
45cd1333
45cd1400
45cd14cd
45cd159a
45cd1666
45cd1733
45cd1800
45cd18cd
45cd199a
45cd1a66
45cd1b33
45cd1c00
45cd1ccd
45cd1d9a
45cd1e66
45cd1f33
45cd2000
45cd20cd
45cd219a
45cd2266
45cd2333
45cd2400
45cd24cd
45cd259a
45cd2666
45cd2733
45cd2800
45cd28cd
45cd299a
45cd2a66
45cd2b33
45cd2c00
45cd2ccd
45cd2d9a
45cd2e66
45cd2f33
45cd3000
45cd30cd
45cd319a
45cd3266
45cd3333
45cd3400
45cd34cd
45cd359a
45cd3666
45cd3733
45cd3800
45cd38cd
45cd399a
45cd3a66
45cd3b33
45cd3c00
45cd3ccd
45cd3d9a
45cd3e66
45cd3f33
45cd4000
45cd40cd
45cd419a
45cd4266
45cd4333
45cd4400
45cd44cd
45cd459a
45cd4666
45cd4733
45cd4800
45cd48cd
45cd499a
45cd4a66
45cd4b33
45cd4c00
45cd4ccd
45cd4d9a
45cd4e66
45cd4f33
45cd5000
45cd50cd
45cd519a
45cd5266
45cd5333
45cd5400
45cd54cd
45cd559a
45cd5666
45cd5733
45cd5800
45cd58cd
45cd599a
45cd5a66
45cd5b33
45cd5c00
45cd5ccd
45cd5d9a
45cd5e66
45cd5f33
45cd6000
45cd60cd
45cd619a
45cd6266
45cd6333
45cd6400
45cd64cd
45cd659a
45cd6666
45cd6733
45cd6800
45cd68cd
45cd699a
45cd6a66
45cd6b33
45cd6c00
45cd6ccd
45cd6d9a
45cd6e66
45cd6f33
45cd7000
45cd70cd
45cd719a
45cd7266
45cd7333
45cd7400
45cd74cd
45cd759a
45cd7666
45cd7733
45cd7800
45cd78cd
45cd799a
45cd7a66
45cd7b33
45cd7c00
45cd7ccd
45cd7d9a
45cd7e66
45cd7f33
45cd8000
45cd80cd
45cd819a
45cd8266
45cd8333
45cd8400
45cd84cd
45cd859a
45cd8666
45cd8733
45cd8800
45cd88cd
45cd899a
45cd8a66
45cd8b33
45cd8c00
45cd8ccd
45cd8d9a
45cd8e66
45cd8f33
45cd9000
45cd90cd
45cd919a
45cd9266
45cd9333
45cd9400
45cd94cd
45cd959a
45cd9666
45cd9733
45cd9800
45cd98cd
45cd999a
45cd9a66
45cd9b33
45cd9c00
45cd9ccd
45cd9d9a
45cd9e66
45cd9f33
45cda000
45cda0cd
45cda19a
45cda266
45cda333
45cda400
45cda4cd
45cda59a
45cda666
45cda733
45cda800
45cda8cd
45cda99a
45cdaa66
45cdab33
45cdac00
45cdaccd
45cdad9a
45cdae66
45cdaf33
45cdb000
45cdb0cd
45cdb19a
45cdb266
45cdb333
45cdb400
45cdb4cd
45cdb59a
45cdb666
45cdb733
45cdb800
45cdb8cd
45cdb99a
45cdba66
45cdbb33
45cdbc00
45cdbccd
45cdbd9a
45cdbe66
45cdbf33
45cdc000
45cdc0cd
45cdc19a
45cdc266
45cdc333
45cdc400
45cdc4cd
45cdc59a
45cdc666
45cdc733
45cdc800
45cdc8cd
45cdc99a
45cdca66
45cdcb33
45cdcc00
45cdcccd
45cdcd9a
45cdce66
45cdcf33
45cdd000
45cdd0cd
45cdd19a
45cdd266
45cdd333
45cdd400
45cdd4cd
45cdd59a
45cdd666
45cdd733
45cdd800
45cdd8cd
45cdd99a
45cdda66
45cddb33
45cddc00
45cddccd
45cddd9a
45cdde66
45cddf33
45cde000
45cde0cd
45cde19a
45cde266
45cde333
45cde400
45cde4cd
45cde59a
45cde666
45cde733
45cde800
45cde8cd
45cde99a
45cdea66
45cdeb33
45cdec00
45cdeccd
45cded9a
45cdee66
45cdef33
45cdf000
45cdf0cd
45cdf19a
45cdf266
45cdf333
45cdf400
45cdf4cd
45cdf59a
45cdf666
45cdf733
45cdf800
45cdf8cd
45cdf99a
45cdfa66
45cdfb33
45cdfc00
45cdfccd
45cdfd9a
45cdfe66
45cdff33
45ce0000
45ce00cd
45ce019a
45ce0266
45ce0333
45ce0400
45ce04cd
45ce059a
45ce0666
45ce0733
45ce0800
45ce08cd
45ce099a
45ce0a66
45ce0b33
45ce0c00
45ce0ccd
45ce0d9a
45ce0e66
45ce0f33
45ce1000
45ce10cd
45ce119a
45ce1266
45ce1333
45ce1400
45ce14cd
45ce159a
45ce1666
45ce1733
45ce1800
45ce18cd
45ce199a
45ce1a66
45ce1b33
45ce1c00
45ce1ccd
45ce1d9a
45ce1e66
45ce1f33
45ce2000
45ce20cd
45ce219a
45ce2266
45ce2333
45ce2400
45ce24cd
45ce259a
45ce2666
45ce2733
45ce2800
45ce28cd
45ce299a
45ce2a66
45ce2b33
45ce2c00
45ce2ccd
45ce2d9a
45ce2e66
45ce2f33
45ce3000
45ce30cd
45ce319a
45ce3266
45ce3333
45ce3400
45ce34cd
45ce359a
45ce3666
45ce3733
45ce3800
45ce38cd
45ce399a
45ce3a66
45ce3b33
45ce3c00
45ce3ccd
45ce3d9a
45ce3e66
45ce3f33
45ce4000
45ce40cd
45ce419a
45ce4266
45ce4333
45ce4400
45ce44cd
45ce459a
45ce4666
45ce4733
45ce4800
45ce48cd
45ce499a
45ce4a66
45ce4b33
45ce4c00
45ce4ccd
45ce4d9a
45ce4e66
45ce4f33
45ce5000
45ce50cd
45ce519a
45ce5266
45ce5333
45ce5400
45ce54cd
45ce559a
45ce5666
45ce5733
45ce5800
45ce58cd
45ce599a
45ce5a66
45ce5b33
45ce5c00
45ce5ccd
45ce5d9a
45ce5e66
45ce5f33
45ce6000
45ce60cd
45ce619a
45ce6266
45ce6333
45ce6400
45ce64cd
45ce659a
45ce6666
45ce6733
45ce6800
45ce68cd
45ce699a
45ce6a66
45ce6b33
45ce6c00
45ce6ccd
45ce6d9a
45ce6e66
45ce6f33
45ce7000
45ce70cd
45ce719a
45ce7266
45ce7333
45ce7400
45ce74cd
45ce759a
45ce7666
45ce7733
45ce7800
45ce78cd
45ce799a
45ce7a66
45ce7b33
45ce7c00
45ce7ccd
45ce7d9a
45ce7e66
45ce7f33
45ce8000
45ce80cd
45ce819a
45ce8266
45ce8333
45ce8400
45ce84cd
45ce859a
45ce8666
45ce8733
45ce8800
45ce88cd
45ce899a
45ce8a66
45ce8b33
45ce8c00
45ce8ccd
45ce8d9a
45ce8e66
45ce8f33
45ce9000
45ce90cd
45ce919a
45ce9266
45ce9333
45ce9400
45ce94cd
45ce959a
45ce9666
45ce9733
45ce9800
45ce98cd
45ce999a
45ce9a66
45ce9b33
45ce9c00
45ce9ccd
45ce9d9a
45ce9e66
45ce9f33
45cea000
45cea0cd
45cea19a
45cea266
45cea333
45cea400
45cea4cd
45cea59a
45cea666
45cea733
45cea800
45cea8cd
45cea99a
45ceaa66
45ceab33
45ceac00
45ceaccd
45cead9a
45ceae66
45ceaf33
45ceb000
45ceb0cd
45ceb19a
45ceb266
45ceb333
45ceb400
45ceb4cd
45ceb59a
45ceb666
45ceb733
45ceb800
45ceb8cd
45ceb99a
45ceba66
45cebb33
45cebc00
45cebccd
45cebd9a
45cebe66
45cebf33
45cec000
45cec0cd
45cec19a
45cec266
45cec333
45cec400
45cec4cd
45cec59a
45cec666
45cec733
45cec800
45cec8cd
45cec99a
45ceca66
45cecb33
45cecc00
45cecccd
45cecd9a
45cece66
45cecf33
45ced000
45ced0cd
45ced19a
45ced266
45ced333
45ced400
45ced4cd
45ced59a
45ced666
45ced733
45ced800
45ced8cd
45ced99a
45ceda66
45cedb33
45cedc00
45cedccd
45cedd9a
45cede66
45cedf33
45cee000
45cee0cd
45cee19a
45cee266
45cee333
45cee400
45cee4cd
45cee59a
45cee666
45cee733
45cee800
45cee8cd
45cee99a
45ceea66
45ceeb33
45ceec00
45ceeccd
45ceed9a
45ceee66
45ceef33
45cef000
45cef0cd
45cef19a
45cef266
45cef333
45cef400
45cef4cd
45cef59a
45cef666
45cef733
45cef800
45cef8cd
45cef99a
45cefa66
45cefb33
45cefc00
45cefccd
45cefd9a
45cefe66
45ceff33
45cf0000
45cf00cd
45cf019a
45cf0266
45cf0333
45cf0400
45cf04cd
45cf059a
45cf0666
45cf0733
45cf0800
45cf08cd
45cf099a
45cf0a66
45cf0b33
45cf0c00
45cf0ccd
45cf0d9a
45cf0e66
45cf0f33
45cf1000
45cf10cd
45cf119a
45cf1266
45cf1333
45cf1400
45cf14cd
45cf159a
45cf1666
45cf1733
45cf1800
45cf18cd
45cf199a
45cf1a66
45cf1b33
45cf1c00
45cf1ccd
45cf1d9a
45cf1e66
45cf1f33
45cf2000
45cf20cd
45cf219a
45cf2266
45cf2333
45cf2400
45cf24cd
45cf259a
45cf2666
45cf2733
45cf2800
45cf28cd
45cf299a
45cf2a66
45cf2b33
45cf2c00
45cf2ccd
45cf2d9a
45cf2e66
45cf2f33
45cf3000
45cf30cd
45cf319a
45cf3266
45cf3333
45cf3400
45cf34cd
45cf359a
45cf3666
45cf3733
45cf3800
45cf38cd
45cf399a
45cf3a66
45cf3b33
45cf3c00
45cf3ccd
45cf3d9a
45cf3e66
45cf3f33
45cf4000
45cf40cd
45cf419a
45cf4266
45cf4333
45cf4400
45cf44cd
45cf459a
45cf4666
45cf4733
45cf4800
45cf48cd
45cf499a
45cf4a66
45cf4b33
45cf4c00
45cf4ccd
45cf4d9a
45cf4e66
45cf4f33
45cf5000
45cf50cd
45cf519a
45cf5266
45cf5333
45cf5400
45cf54cd
45cf559a
45cf5666
45cf5733
45cf5800
45cf58cd
45cf599a
45cf5a66
45cf5b33
45cf5c00
45cf5ccd
45cf5d9a
45cf5e66
45cf5f33
45cf6000
45cf60cd
45cf619a
45cf6266
45cf6333
45cf6400
45cf64cd
45cf659a
45cf6666
45cf6733
45cf6800
45cf68cd
45cf699a
45cf6a66
45cf6b33
45cf6c00
45cf6ccd
45cf6d9a
45cf6e66
45cf6f33
45cf7000
45cf70cd
45cf719a
45cf7266
45cf7333
45cf7400
45cf74cd
45cf759a
45cf7666
45cf7733
45cf7800
45cf78cd
45cf799a
45cf7a66
45cf7b33
45cf7c00
45cf7ccd
45cf7d9a
45cf7e66
45cf7f33
45cf8000
45cf80cd
45cf819a
45cf8266
45cf8333
45cf8400
45cf84cd
45cf859a
45cf8666
45cf8733
45cf8800
45cf88cd
45cf899a
45cf8a66
45cf8b33
45cf8c00
45cf8ccd
45cf8d9a
45cf8e66
45cf8f33
45cf9000
45cf90cd
45cf919a
45cf9266
45cf9333
45cf9400
45cf94cd
45cf959a
45cf9666
45cf9733
45cf9800
45cf98cd
45cf999a
45cf9a66
45cf9b33
45cf9c00
45cf9ccd
45cf9d9a
45cf9e66
45cf9f33
45cfa000
45cfa0cd
45cfa19a
45cfa266
45cfa333
45cfa400
45cfa4cd
45cfa59a
45cfa666
45cfa733
45cfa800
45cfa8cd
45cfa99a
45cfaa66
45cfab33
45cfac00
45cfaccd
45cfad9a
45cfae66
45cfaf33
45cfb000
45cfb0cd
45cfb19a
45cfb266
45cfb333
45cfb400
45cfb4cd
45cfb59a
45cfb666
45cfb733
45cfb800
45cfb8cd
45cfb99a
45cfba66
45cfbb33
45cfbc00
45cfbccd
45cfbd9a
45cfbe66
45cfbf33
45cfc000
45cfc0cd
45cfc19a
45cfc266
45cfc333
45cfc400
45cfc4cd
45cfc59a
45cfc666
45cfc733
45cfc800
45cfc8cd
45cfc99a
45cfca66
45cfcb33
45cfcc00
45cfcccd
45cfcd9a
45cfce66
45cfcf33
45cfd000
45cfd0cd
45cfd19a
45cfd266
45cfd333
45cfd400
45cfd4cd
45cfd59a
45cfd666
45cfd733
45cfd800
45cfd8cd
45cfd99a
45cfda66
45cfdb33
45cfdc00
45cfdccd
45cfdd9a
45cfde66
45cfdf33
45cfe000
45cfe0cd
45cfe19a
45cfe266
45cfe333
45cfe400
45cfe4cd
45cfe59a
45cfe666
45cfe733
45cfe800
45cfe8cd
45cfe99a
45cfea66
45cfeb33
45cfec00
45cfeccd
45cfed9a
45cfee66
45cfef33
45cff000
45cff0cd
45cff19a
45cff266
45cff333
45cff400
45cff4cd
45cff59a
45cff666
45cff733
45cff800
45cff8cd
45cff99a
45cffa66
45cffb33
45cffc00
45cffccd
45cffd9a
45cffe66
45cfff33
45d00000
45d000cd
45d0019a
45d00266
45d00333
45d00400
45d004cd
45d0059a
45d00666
45d00733
45d00800
45d008cd
45d0099a
45d00a66
45d00b33
45d00c00
45d00ccd
45d00d9a
45d00e66
45d00f33
45d01000
45d010cd
45d0119a
45d01266
45d01333
45d01400
45d014cd
45d0159a
45d01666
45d01733
45d01800
45d018cd
45d0199a
45d01a66
45d01b33
45d01c00
45d01ccd
45d01d9a
45d01e66
45d01f33
45d02000
45d020cd
45d0219a
45d02266
45d02333
45d02400
45d024cd
45d0259a
45d02666
45d02733
45d02800
45d028cd
45d0299a
45d02a66
45d02b33
45d02c00
45d02ccd
45d02d9a
45d02e66
45d02f33
45d03000
45d030cd
45d0319a
45d03266
45d03333
45d03400
45d034cd
45d0359a
45d03666
45d03733
45d03800
45d038cd
45d0399a
45d03a66
45d03b33
45d03c00
45d03ccd
45d03d9a
45d03e66
45d03f33
45d04000
45d040cd
45d0419a
45d04266
45d04333
45d04400
45d044cd
45d0459a
45d04666
45d04733
45d04800
45d048cd
45d0499a
45d04a66
45d04b33
45d04c00
45d04ccd
45d04d9a
45d04e66
45d04f33
45d05000
45d050cd
45d0519a
45d05266
45d05333
45d05400
45d054cd
45d0559a
45d05666
45d05733
45d05800
45d058cd
45d0599a
45d05a66
45d05b33
45d05c00
45d05ccd
45d05d9a
45d05e66
45d05f33
45d06000
45d060cd
45d0619a
45d06266
45d06333
45d06400
45d064cd
45d0659a
45d06666
45d06733
45d06800
45d068cd
45d0699a
45d06a66
45d06b33
45d06c00
45d06ccd
45d06d9a
45d06e66
45d06f33
45d07000
45d070cd
45d0719a
45d07266
45d07333
45d07400
45d074cd
45d0759a
45d07666
45d07733
45d07800
45d078cd
45d0799a
45d07a66
45d07b33
45d07c00
45d07ccd
45d07d9a
45d07e66
45d07f33
45d08000
45d080cd
45d0819a
45d08266
45d08333
45d08400
45d084cd
45d0859a
45d08666
45d08733
45d08800
45d088cd
45d0899a
45d08a66
45d08b33
45d08c00
45d08ccd
45d08d9a
45d08e66
45d08f33
45d09000
45d090cd
45d0919a
45d09266
45d09333
45d09400
45d094cd
45d0959a
45d09666
45d09733
45d09800
45d098cd
45d0999a
45d09a66
45d09b33
45d09c00
45d09ccd
45d09d9a
45d09e66
45d09f33
45d0a000
45d0a0cd
45d0a19a
45d0a266
45d0a333
45d0a400
45d0a4cd
45d0a59a
45d0a666
45d0a733
45d0a800
45d0a8cd
45d0a99a
45d0aa66
45d0ab33
45d0ac00
45d0accd
45d0ad9a
45d0ae66
45d0af33
45d0b000
45d0b0cd
45d0b19a
45d0b266
45d0b333
45d0b400
45d0b4cd
45d0b59a
45d0b666
45d0b733
45d0b800
45d0b8cd
45d0b99a
45d0ba66
45d0bb33
45d0bc00
45d0bccd
45d0bd9a
45d0be66
45d0bf33
45d0c000
45d0c0cd
45d0c19a
45d0c266
45d0c333
45d0c400
45d0c4cd
45d0c59a
45d0c666
45d0c733
45d0c800
45d0c8cd
45d0c99a
45d0ca66
45d0cb33
45d0cc00
45d0cccd
45d0cd9a
45d0ce66
45d0cf33
45d0d000
45d0d0cd
45d0d19a
45d0d266
45d0d333
45d0d400
45d0d4cd
45d0d59a
45d0d666
45d0d733
45d0d800
45d0d8cd
45d0d99a
45d0da66
45d0db33
45d0dc00
45d0dccd
45d0dd9a
45d0de66
45d0df33
45d0e000
45d0e0cd
45d0e19a
45d0e266
45d0e333
45d0e400
45d0e4cd
45d0e59a
45d0e666
45d0e733
45d0e800
45d0e8cd
45d0e99a
45d0ea66
45d0eb33
45d0ec00
45d0eccd
45d0ed9a
45d0ee66
45d0ef33
45d0f000
45d0f0cd
45d0f19a
45d0f266
45d0f333
45d0f400
45d0f4cd
45d0f59a
45d0f666
45d0f733
45d0f800
45d0f8cd
45d0f99a
45d0fa66
45d0fb33
45d0fc00
45d0fccd
45d0fd9a
45d0fe66
45d0ff33
45d10000
45d100cd
45d1019a
45d10266
45d10333
45d10400
45d104cd
45d1059a
45d10666
45d10733
45d10800
45d108cd
45d1099a
45d10a66
45d10b33
45d10c00
45d10ccd
45d10d9a
45d10e66
45d10f33
45d11000
45d110cd
45d1119a
45d11266
45d11333
45d11400
45d114cd
45d1159a
45d11666
45d11733
45d11800
45d118cd
45d1199a
45d11a66
45d11b33
45d11c00
45d11ccd
45d11d9a
45d11e66
45d11f33
45d12000
45d120cd
45d1219a
45d12266
45d12333
45d12400
45d124cd
45d1259a
45d12666
45d12733
45d12800
45d128cd
45d1299a
45d12a66
45d12b33
45d12c00
45d12ccd
45d12d9a
45d12e66
45d12f33
45d13000
45d130cd
45d1319a
45d13266
45d13333
45d13400
45d134cd
45d1359a
45d13666
45d13733
45d13800
45d138cd
45d1399a
45d13a66
45d13b33
45d13c00
45d13ccd
45d13d9a
45d13e66
45d13f33
45d14000
45d140cd
45d1419a
45d14266
45d14333
45d14400
45d144cd
45d1459a
45d14666
45d14733
45d14800
45d148cd
45d1499a
45d14a66
45d14b33
45d14c00
45d14ccd
45d14d9a
45d14e66
45d14f33
45d15000
45d150cd
45d1519a
45d15266
45d15333
45d15400
45d154cd
45d1559a
45d15666
45d15733
45d15800
45d158cd
45d1599a
45d15a66
45d15b33
45d15c00
45d15ccd
45d15d9a
45d15e66
45d15f33
45d16000
45d160cd
45d1619a
45d16266
45d16333
45d16400
45d164cd
45d1659a
45d16666
45d16733
45d16800
45d168cd
45d1699a
45d16a66
45d16b33
45d16c00
45d16ccd
45d16d9a
45d16e66
45d16f33
45d17000
45d170cd
45d1719a
45d17266
45d17333
45d17400
45d174cd
45d1759a
45d17666
45d17733
45d17800
45d178cd
45d1799a
45d17a66
45d17b33
45d17c00
45d17ccd
45d17d9a
45d17e66
45d17f33
45d18000
45d180cd
45d1819a
45d18266
45d18333
45d18400
45d184cd
45d1859a
45d18666
45d18733
45d18800
45d188cd
45d1899a
45d18a66
45d18b33
45d18c00
45d18ccd
45d18d9a
45d18e66
45d18f33
45d19000
45d190cd
45d1919a
45d19266
45d19333
45d19400
45d194cd
45d1959a
45d19666
45d19733
45d19800
45d198cd
45d1999a
45d19a66
45d19b33
45d19c00
45d19ccd
45d19d9a
45d19e66
45d19f33
45d1a000
45d1a0cd
45d1a19a
45d1a266
45d1a333
45d1a400
45d1a4cd
45d1a59a
45d1a666
45d1a733
45d1a800
45d1a8cd
45d1a99a
45d1aa66
45d1ab33
45d1ac00
45d1accd
45d1ad9a
45d1ae66
45d1af33
45d1b000
45d1b0cd
45d1b19a
45d1b266
45d1b333
45d1b400
45d1b4cd
45d1b59a
45d1b666
45d1b733
45d1b800
45d1b8cd
45d1b99a
45d1ba66
45d1bb33
45d1bc00
45d1bccd
45d1bd9a
45d1be66
45d1bf33
45d1c000
45d1c0cd
45d1c19a
45d1c266
45d1c333
45d1c400
45d1c4cd
45d1c59a
45d1c666
45d1c733
45d1c800
45d1c8cd
45d1c99a
45d1ca66
45d1cb33
45d1cc00
45d1cccd
45d1cd9a
45d1ce66
45d1cf33
45d1d000
45d1d0cd
45d1d19a
45d1d266
45d1d333
45d1d400
45d1d4cd
45d1d59a
45d1d666
45d1d733
45d1d800
45d1d8cd
45d1d99a
45d1da66
45d1db33
45d1dc00
45d1dccd
45d1dd9a
45d1de66
45d1df33
45d1e000
45d1e0cd
45d1e19a
45d1e266
45d1e333
45d1e400
45d1e4cd
45d1e59a
45d1e666
45d1e733
45d1e800
45d1e8cd
45d1e99a
45d1ea66
45d1eb33
45d1ec00
45d1eccd
45d1ed9a
45d1ee66
45d1ef33
45d1f000
45d1f0cd
45d1f19a
45d1f266
45d1f333
45d1f400
45d1f4cd
45d1f59a
45d1f666
45d1f733
45d1f800
45d1f8cd
45d1f99a
45d1fa66
45d1fb33
45d1fc00
45d1fccd
45d1fd9a
45d1fe66
45d1ff33
45d20000
45d200cd
45d2019a
45d20266
45d20333
45d20400
45d204cd
45d2059a
45d20666
45d20733
45d20800
45d208cd
45d2099a
45d20a66
45d20b33
45d20c00
45d20ccd
45d20d9a
45d20e66
45d20f33
45d21000
45d210cd
45d2119a
45d21266
45d21333
45d21400
45d214cd
45d2159a
45d21666
45d21733
45d21800
45d218cd
45d2199a
45d21a66
45d21b33
45d21c00
45d21ccd
45d21d9a
45d21e66
45d21f33
45d22000
45d220cd
45d2219a
45d22266
45d22333
45d22400
45d224cd
45d2259a
45d22666
45d22733
45d22800
45d228cd
45d2299a
45d22a66
45d22b33
45d22c00
45d22ccd
45d22d9a
45d22e66
45d22f33
45d23000
45d230cd
45d2319a
45d23266
45d23333
45d23400
45d234cd
45d2359a
45d23666
45d23733
45d23800
45d238cd
45d2399a
45d23a66
45d23b33
45d23c00
45d23ccd
45d23d9a
45d23e66
45d23f33
45d24000
45d240cd
45d2419a
45d24266
45d24333
45d24400
45d244cd
45d2459a
45d24666
45d24733
45d24800
45d248cd
45d2499a
45d24a66
45d24b33
45d24c00
45d24ccd
45d24d9a
45d24e66
45d24f33
45d25000
45d250cd
45d2519a
45d25266
45d25333
45d25400
45d254cd
45d2559a
45d25666
45d25733
45d25800
45d258cd
45d2599a
45d25a66
45d25b33
45d25c00
45d25ccd
45d25d9a
45d25e66
45d25f33
45d26000
45d260cd
45d2619a
45d26266
45d26333
45d26400
45d264cd
45d2659a
45d26666
45d26733
45d26800
45d268cd
45d2699a
45d26a66
45d26b33
45d26c00
45d26ccd
45d26d9a
45d26e66
45d26f33
45d27000
45d270cd
45d2719a
45d27266
45d27333
45d27400
45d274cd
45d2759a
45d27666
45d27733
45d27800
45d278cd
45d2799a
45d27a66
45d27b33
45d27c00
45d27ccd
45d27d9a
45d27e66
45d27f33
45d28000
45d280cd
45d2819a
45d28266
45d28333
45d28400
45d284cd
45d2859a
45d28666
45d28733
45d28800
45d288cd
45d2899a
45d28a66
45d28b33
45d28c00
45d28ccd
45d28d9a
45d28e66
45d28f33
45d29000
45d290cd
45d2919a
45d29266
45d29333
45d29400
45d294cd
45d2959a
45d29666
45d29733
45d29800
45d298cd
45d2999a
45d29a66
45d29b33
45d29c00
45d29ccd
45d29d9a
45d29e66
45d29f33
45d2a000
45d2a0cd
45d2a19a
45d2a266
45d2a333
45d2a400
45d2a4cd
45d2a59a
45d2a666
45d2a733
45d2a800
45d2a8cd
45d2a99a
45d2aa66
45d2ab33
45d2ac00
45d2accd
45d2ad9a
45d2ae66
45d2af33
45d2b000
45d2b0cd
45d2b19a
45d2b266
45d2b333
45d2b400
45d2b4cd
45d2b59a
45d2b666
45d2b733
45d2b800
45d2b8cd
45d2b99a
45d2ba66
45d2bb33
45d2bc00
45d2bccd
45d2bd9a
45d2be66
45d2bf33
45d2c000
45d2c0cd
45d2c19a
45d2c266
45d2c333
45d2c400
45d2c4cd
45d2c59a
45d2c666
45d2c733
45d2c800
45d2c8cd
45d2c99a
45d2ca66
45d2cb33
45d2cc00
45d2cccd
45d2cd9a
45d2ce66
45d2cf33
45d2d000
45d2d0cd
45d2d19a
45d2d266
45d2d333
45d2d400
45d2d4cd
45d2d59a
45d2d666
45d2d733
45d2d800
45d2d8cd
45d2d99a
45d2da66
45d2db33
45d2dc00
45d2dccd
45d2dd9a
45d2de66
45d2df33
45d2e000
45d2e0cd
45d2e19a
45d2e266
45d2e333
45d2e400
45d2e4cd
45d2e59a
45d2e666
45d2e733
45d2e800
45d2e8cd
45d2e99a
45d2ea66
45d2eb33
45d2ec00
45d2eccd
45d2ed9a
45d2ee66
45d2ef33
45d2f000
45d2f0cd
45d2f19a
45d2f266
45d2f333
45d2f400
45d2f4cd
45d2f59a
45d2f666
45d2f733
45d2f800
45d2f8cd
45d2f99a
45d2fa66
45d2fb33
45d2fc00
45d2fccd
45d2fd9a
45d2fe66
45d2ff33
45d30000
45d300cd
45d3019a
45d30266
45d30333
45d30400
45d304cd
45d3059a
45d30666
45d30733
45d30800
45d308cd
45d3099a
45d30a66
45d30b33
45d30c00
45d30ccd
45d30d9a
45d30e66
45d30f33
45d31000
45d310cd
45d3119a
45d31266
45d31333
45d31400
45d314cd
45d3159a
45d31666
45d31733
45d31800
45d318cd
45d3199a
45d31a66
45d31b33
45d31c00
45d31ccd
45d31d9a
45d31e66
45d31f33
45d32000
45d320cd
45d3219a
45d32266
45d32333
45d32400
45d324cd
45d3259a
45d32666
45d32733
45d32800
45d328cd
45d3299a
45d32a66
45d32b33
45d32c00
45d32ccd
45d32d9a
45d32e66
45d32f33
45d33000
45d330cd
45d3319a
45d33266
45d33333
45d33400
45d334cd
45d3359a
45d33666
45d33733
45d33800
45d338cd
45d3399a
45d33a66
45d33b33
45d33c00
45d33ccd
45d33d9a
45d33e66
45d33f33
45d34000
45d340cd
45d3419a
45d34266
45d34333
45d34400
45d344cd
45d3459a
45d34666
45d34733
45d34800
45d348cd
45d3499a
45d34a66
45d34b33
45d34c00
45d34ccd
45d34d9a
45d34e66
45d34f33
45d35000
45d350cd
45d3519a
45d35266
45d35333
45d35400
45d354cd
45d3559a
45d35666
45d35733
45d35800
45d358cd
45d3599a
45d35a66
45d35b33
45d35c00
45d35ccd
45d35d9a
45d35e66
45d35f33
45d36000
45d360cd
45d3619a
45d36266
45d36333
45d36400
45d364cd
45d3659a
45d36666
45d36733
45d36800
45d368cd
45d3699a
45d36a66
45d36b33
45d36c00
45d36ccd
45d36d9a
45d36e66
45d36f33
45d37000
45d370cd
45d3719a
45d37266
45d37333
45d37400
45d374cd
45d3759a
45d37666
45d37733
45d37800
45d378cd
45d3799a
45d37a66
45d37b33
45d37c00
45d37ccd
45d37d9a
45d37e66
45d37f33
45d38000
45d380cd
45d3819a
45d38266
45d38333
45d38400
45d384cd
45d3859a
45d38666
45d38733
45d38800
45d388cd
45d3899a
45d38a66
45d38b33
45d38c00
45d38ccd
45d38d9a
45d38e66
45d38f33
45d39000
45d390cd
45d3919a
45d39266
45d39333
45d39400
45d394cd
45d3959a
45d39666
45d39733
45d39800
45d398cd
45d3999a
45d39a66
45d39b33
45d39c00
45d39ccd
45d39d9a
45d39e66
45d39f33
45d3a000
45d3a0cd
45d3a19a
45d3a266
45d3a333
45d3a400
45d3a4cd
45d3a59a
45d3a666
45d3a733
45d3a800
45d3a8cd
45d3a99a
45d3aa66
45d3ab33
45d3ac00
45d3accd
45d3ad9a
45d3ae66
45d3af33
45d3b000
45d3b0cd
45d3b19a
45d3b266
45d3b333
45d3b400
45d3b4cd
45d3b59a
45d3b666
45d3b733
45d3b800
45d3b8cd
45d3b99a
45d3ba66
45d3bb33
45d3bc00
45d3bccd
45d3bd9a
45d3be66
45d3bf33
45d3c000
45d3c0cd
45d3c19a
45d3c266
45d3c333
45d3c400
45d3c4cd
45d3c59a
45d3c666
45d3c733
45d3c800
45d3c8cd
45d3c99a
45d3ca66
45d3cb33
45d3cc00
45d3cccd
45d3cd9a
45d3ce66
45d3cf33
45d3d000
45d3d0cd
45d3d19a
45d3d266
45d3d333
45d3d400
45d3d4cd
45d3d59a
45d3d666
45d3d733
45d3d800
45d3d8cd
45d3d99a
45d3da66
45d3db33
45d3dc00
45d3dccd
45d3dd9a
45d3de66
45d3df33
45d3e000
45d3e0cd
45d3e19a
45d3e266
45d3e333
45d3e400
45d3e4cd
45d3e59a
45d3e666
45d3e733
45d3e800
45d3e8cd
45d3e99a
45d3ea66
45d3eb33
45d3ec00
45d3eccd
45d3ed9a
45d3ee66
45d3ef33
45d3f000
45d3f0cd
45d3f19a
45d3f266
45d3f333
45d3f400
45d3f4cd
45d3f59a
45d3f666
45d3f733
45d3f800
45d3f8cd
45d3f99a
45d3fa66
45d3fb33
45d3fc00
45d3fccd
45d3fd9a
45d3fe66
45d3ff33
45d40000
45d400cd
45d4019a
45d40266
45d40333
45d40400
45d404cd
45d4059a
45d40666
45d40733
45d40800
45d408cd
45d4099a
45d40a66
45d40b33
45d40c00
45d40ccd
45d40d9a
45d40e66
45d40f33
45d41000
45d410cd
45d4119a
45d41266
45d41333
45d41400
45d414cd
45d4159a
45d41666
45d41733
45d41800
45d418cd
45d4199a
45d41a66
45d41b33
45d41c00
45d41ccd
45d41d9a
45d41e66
45d41f33
45d42000
45d420cd
45d4219a
45d42266
45d42333
45d42400
45d424cd
45d4259a
45d42666
45d42733
45d42800
45d428cd
45d4299a
45d42a66
45d42b33
45d42c00
45d42ccd
45d42d9a
45d42e66
45d42f33
45d43000
45d430cd
45d4319a
45d43266
45d43333
45d43400
45d434cd
45d4359a
45d43666
45d43733
45d43800
45d438cd
45d4399a
45d43a66
45d43b33
45d43c00
45d43ccd
45d43d9a
45d43e66
45d43f33
45d44000
45d440cd
45d4419a
45d44266
45d44333
45d44400
45d444cd
45d4459a
45d44666
45d44733
45d44800
45d448cd
45d4499a
45d44a66
45d44b33
45d44c00
45d44ccd
45d44d9a
45d44e66
45d44f33
45d45000
45d450cd
45d4519a
45d45266
45d45333
45d45400
45d454cd
45d4559a
45d45666
45d45733
45d45800
45d458cd
45d4599a
45d45a66
45d45b33
45d45c00
45d45ccd
45d45d9a
45d45e66
45d45f33
45d46000
45d460cd
45d4619a
45d46266
45d46333
45d46400
45d464cd
45d4659a
45d46666
45d46733
45d46800
45d468cd
45d4699a
45d46a66
45d46b33
45d46c00
45d46ccd
45d46d9a
45d46e66
45d46f33
45d47000
45d470cd
45d4719a
45d47266
45d47333
45d47400
45d474cd
45d4759a
45d47666
45d47733
45d47800
45d478cd
45d4799a
45d47a66
45d47b33
45d47c00
45d47ccd
45d47d9a
45d47e66
45d47f33
45d48000
45d480cd
45d4819a
45d48266
45d48333
45d48400
45d484cd
45d4859a
45d48666
45d48733
45d48800
45d488cd
45d4899a
45d48a66
45d48b33
45d48c00
45d48ccd
45d48d9a
45d48e66
45d48f33
45d49000
45d490cd
45d4919a
45d49266
45d49333
45d49400
45d494cd
45d4959a
45d49666
45d49733
45d49800
45d498cd
45d4999a
45d49a66
45d49b33
45d49c00
45d49ccd
45d49d9a
45d49e66
45d49f33
45d4a000
45d4a0cd
45d4a19a
45d4a266
45d4a333
45d4a400
45d4a4cd
45d4a59a
45d4a666
45d4a733
45d4a800
45d4a8cd
45d4a99a
45d4aa66
45d4ab33
45d4ac00
45d4accd
45d4ad9a
45d4ae66
45d4af33
45d4b000
45d4b0cd
45d4b19a
45d4b266
45d4b333
45d4b400
45d4b4cd
45d4b59a
45d4b666
45d4b733
45d4b800
45d4b8cd
45d4b99a
45d4ba66
45d4bb33
45d4bc00
45d4bccd
45d4bd9a
45d4be66
45d4bf33
45d4c000
45d4c0cd
45d4c19a
45d4c266
45d4c333
45d4c400
45d4c4cd
45d4c59a
45d4c666
45d4c733
45d4c800
45d4c8cd
45d4c99a
45d4ca66
45d4cb33
45d4cc00
45d4cccd
45d4cd9a
45d4ce66
45d4cf33
45d4d000
45d4d0cd
45d4d19a
45d4d266
45d4d333
45d4d400
45d4d4cd
45d4d59a
45d4d666
45d4d733
45d4d800
45d4d8cd
45d4d99a
45d4da66
45d4db33
45d4dc00
45d4dccd
45d4dd9a
45d4de66
45d4df33
45d4e000
45d4e0cd
45d4e19a
45d4e266
45d4e333
45d4e400
45d4e4cd
45d4e59a
45d4e666
45d4e733
45d4e800
45d4e8cd
45d4e99a
45d4ea66
45d4eb33
45d4ec00
45d4eccd
45d4ed9a
45d4ee66
45d4ef33
45d4f000
45d4f0cd
45d4f19a
45d4f266
45d4f333
45d4f400
45d4f4cd
45d4f59a
45d4f666
45d4f733
45d4f800
45d4f8cd
45d4f99a
45d4fa66
45d4fb33
45d4fc00
45d4fccd
45d4fd9a
45d4fe66
45d4ff33
45d50000
45d500cd
45d5019a
45d50266
45d50333
45d50400
45d504cd
45d5059a
45d50666
45d50733
45d50800
45d508cd
45d5099a
45d50a66
45d50b33
45d50c00
45d50ccd
45d50d9a
45d50e66
45d50f33
45d51000
45d510cd
45d5119a
45d51266
45d51333
45d51400
45d514cd
45d5159a
45d51666
45d51733
45d51800
45d518cd
45d5199a
45d51a66
45d51b33
45d51c00
45d51ccd
45d51d9a
45d51e66
45d51f33
45d52000
45d520cd
45d5219a
45d52266
45d52333
45d52400
45d524cd
45d5259a
45d52666
45d52733
45d52800
45d528cd
45d5299a
45d52a66
45d52b33
45d52c00
45d52ccd
45d52d9a
45d52e66
45d52f33
45d53000
45d530cd
45d5319a
45d53266
45d53333
45d53400
45d534cd
45d5359a
45d53666
45d53733
45d53800
45d538cd
45d5399a
45d53a66
45d53b33
45d53c00
45d53ccd
45d53d9a
45d53e66
45d53f33
45d54000
45d540cd
45d5419a
45d54266
45d54333
45d54400
45d544cd
45d5459a
45d54666
45d54733
45d54800
45d548cd
45d5499a
45d54a66
45d54b33
45d54c00
45d54ccd
45d54d9a
45d54e66
45d54f33
45d55000
45d550cd
45d5519a
45d55266
45d55333
45d55400
45d554cd
45d5559a
45d55666
45d55733
45d55800
45d558cd
45d5599a
45d55a66
45d55b33
45d55c00
45d55ccd
45d55d9a
45d55e66
45d55f33
45d56000
45d560cd
45d5619a
45d56266
45d56333
45d56400
45d564cd
45d5659a
45d56666
45d56733
45d56800
45d568cd
45d5699a
45d56a66
45d56b33
45d56c00
45d56ccd
45d56d9a
45d56e66
45d56f33
45d57000
45d570cd
45d5719a
45d57266
45d57333
45d57400
45d574cd
45d5759a
45d57666
45d57733
45d57800
45d578cd
45d5799a
45d57a66
45d57b33
45d57c00
45d57ccd
45d57d9a
45d57e66
45d57f33
45d58000
45d580cd
45d5819a
45d58266
45d58333
45d58400
45d584cd
45d5859a
45d58666
45d58733
45d58800
45d588cd
45d5899a
45d58a66
45d58b33
45d58c00
45d58ccd
45d58d9a
45d58e66
45d58f33
45d59000
45d590cd
45d5919a
45d59266
45d59333
45d59400
45d594cd
45d5959a
45d59666
45d59733
45d59800
45d598cd
45d5999a
45d59a66
45d59b33
45d59c00
45d59ccd
45d59d9a
45d59e66
45d59f33
45d5a000
45d5a0cd
45d5a19a
45d5a266
45d5a333
45d5a400
45d5a4cd
45d5a59a
45d5a666
45d5a733
45d5a800
45d5a8cd
45d5a99a
45d5aa66
45d5ab33
45d5ac00
45d5accd
45d5ad9a
45d5ae66
45d5af33
45d5b000
45d5b0cd
45d5b19a
45d5b266
45d5b333
45d5b400
45d5b4cd
45d5b59a
45d5b666
45d5b733
45d5b800
45d5b8cd
45d5b99a
45d5ba66
45d5bb33
45d5bc00
45d5bccd
45d5bd9a
45d5be66
45d5bf33
45d5c000
45d5c0cd
45d5c19a
45d5c266
45d5c333
45d5c400
45d5c4cd
45d5c59a
45d5c666
45d5c733
45d5c800
45d5c8cd
45d5c99a
45d5ca66
45d5cb33
45d5cc00
45d5cccd
45d5cd9a
45d5ce66
45d5cf33
45d5d000
45d5d0cd
45d5d19a
45d5d266
45d5d333
45d5d400
45d5d4cd
45d5d59a
45d5d666
45d5d733
45d5d800
45d5d8cd
45d5d99a
45d5da66
45d5db33
45d5dc00
45d5dccd
45d5dd9a
45d5de66
45d5df33
45d5e000
45d5e0cd
45d5e19a
45d5e266
45d5e333
45d5e400
45d5e4cd
45d5e59a
45d5e666
45d5e733
45d5e800
45d5e8cd
45d5e99a
45d5ea66
45d5eb33
45d5ec00
45d5eccd
45d5ed9a
45d5ee66
45d5ef33
45d5f000
45d5f0cd
45d5f19a
45d5f266
45d5f333
45d5f400
45d5f4cd
45d5f59a
45d5f666
45d5f733
45d5f800
45d5f8cd
45d5f99a
45d5fa66
45d5fb33
45d5fc00
45d5fccd
45d5fd9a
45d5fe66
45d5ff33
45d60000
45d600cd
45d6019a
45d60266
45d60333
45d60400
45d604cd
45d6059a
45d60666
45d60733
45d60800
45d608cd
45d6099a
45d60a66
45d60b33
45d60c00
45d60ccd
45d60d9a
45d60e66
45d60f33
45d61000
45d610cd
45d6119a
45d61266
45d61333
45d61400
45d614cd
45d6159a
45d61666
45d61733
45d61800
45d618cd
45d6199a
45d61a66
45d61b33
45d61c00
45d61ccd
45d61d9a
45d61e66
45d61f33
45d62000
45d620cd
45d6219a
45d62266
45d62333
45d62400
45d624cd
45d6259a
45d62666
45d62733
45d62800
45d628cd
45d6299a
45d62a66
45d62b33
45d62c00
45d62ccd
45d62d9a
45d62e66
45d62f33
45d63000
45d630cd
45d6319a
45d63266
45d63333
45d63400
45d634cd
45d6359a
45d63666
45d63733
45d63800
45d638cd
45d6399a
45d63a66
45d63b33
45d63c00
45d63ccd
45d63d9a
45d63e66
45d63f33
45d64000
45d640cd
45d6419a
45d64266
45d64333
45d64400
45d644cd
45d6459a
45d64666
45d64733
45d64800
45d648cd
45d6499a
45d64a66
45d64b33
45d64c00
45d64ccd
45d64d9a
45d64e66
45d64f33
45d65000
45d650cd
45d6519a
45d65266
45d65333
45d65400
45d654cd
45d6559a
45d65666
45d65733
45d65800
45d658cd
45d6599a
45d65a66
45d65b33
45d65c00
45d65ccd
45d65d9a
45d65e66
45d65f33
45d66000
45d660cd
45d6619a
45d66266
45d66333
45d66400
45d664cd
45d6659a
45d66666
45d66733
45d66800
45d668cd
45d6699a
45d66a66
45d66b33
45d66c00
45d66ccd
45d66d9a
45d66e66
45d66f33
45d67000
45d670cd
45d6719a
45d67266
45d67333
45d67400
45d674cd
45d6759a
45d67666
45d67733
45d67800
45d678cd
45d6799a
45d67a66
45d67b33
45d67c00
45d67ccd
45d67d9a
45d67e66
45d67f33
45d68000
45d680cd
45d6819a
45d68266
45d68333
45d68400
45d684cd
45d6859a
45d68666
45d68733
45d68800
45d688cd
45d6899a
45d68a66
45d68b33
45d68c00
45d68ccd
45d68d9a
45d68e66
45d68f33
45d69000
45d690cd
45d6919a
45d69266
45d69333
45d69400
45d694cd
45d6959a
45d69666
45d69733
45d69800
45d698cd
45d6999a
45d69a66
45d69b33
45d69c00
45d69ccd
45d69d9a
45d69e66
45d69f33
45d6a000
45d6a0cd
45d6a19a
45d6a266
45d6a333
45d6a400
45d6a4cd
45d6a59a
45d6a666
45d6a733
45d6a800
45d6a8cd
45d6a99a
45d6aa66
45d6ab33
45d6ac00
45d6accd
45d6ad9a
45d6ae66
45d6af33
45d6b000
45d6b0cd
45d6b19a
45d6b266
45d6b333
45d6b400
45d6b4cd
45d6b59a
45d6b666
45d6b733
45d6b800
45d6b8cd
45d6b99a
45d6ba66
45d6bb33
45d6bc00
45d6bccd
45d6bd9a
45d6be66
45d6bf33
45d6c000
45d6c0cd
45d6c19a
45d6c266
45d6c333
45d6c400
45d6c4cd
45d6c59a
45d6c666
45d6c733
45d6c800
45d6c8cd
45d6c99a
45d6ca66
45d6cb33
45d6cc00
45d6cccd
45d6cd9a
45d6ce66
45d6cf33
45d6d000
45d6d0cd
45d6d19a
45d6d266
45d6d333
45d6d400
45d6d4cd
45d6d59a
45d6d666
45d6d733
45d6d800
45d6d8cd
45d6d99a
45d6da66
45d6db33
45d6dc00
45d6dccd
45d6dd9a
45d6de66
45d6df33
45d6e000
45d6e0cd
45d6e19a
45d6e266
45d6e333
45d6e400
45d6e4cd
45d6e59a
45d6e666
45d6e733
45d6e800
45d6e8cd
45d6e99a
45d6ea66
45d6eb33
45d6ec00
45d6eccd
45d6ed9a
45d6ee66
45d6ef33
45d6f000
45d6f0cd
45d6f19a
45d6f266
45d6f333
45d6f400
45d6f4cd
45d6f59a
45d6f666
45d6f733
45d6f800
45d6f8cd
45d6f99a
45d6fa66
45d6fb33
45d6fc00
45d6fccd
45d6fd9a
45d6fe66
45d6ff33
45d70000
45d700cd
45d7019a
45d70266
45d70333
45d70400
45d704cd
45d7059a
45d70666
45d70733
45d70800
45d708cd
45d7099a
45d70a66
45d70b33
45d70c00
45d70ccd
45d70d9a
45d70e66
45d70f33
45d71000
45d710cd
45d7119a
45d71266
45d71333
45d71400
45d714cd
45d7159a
45d71666
45d71733
45d71800
45d718cd
45d7199a
45d71a66
45d71b33
45d71c00
45d71ccd
45d71d9a
45d71e66
45d71f33
45d72000
45d720cd
45d7219a
45d72266
45d72333
45d72400
45d724cd
45d7259a
45d72666
45d72733
45d72800
45d728cd
45d7299a
45d72a66
45d72b33
45d72c00
45d72ccd
45d72d9a
45d72e66
45d72f33
45d73000
45d730cd
45d7319a
45d73266
45d73333
45d73400
45d734cd
45d7359a
45d73666
45d73733
45d73800
45d738cd
45d7399a
45d73a66
45d73b33
45d73c00
45d73ccd
45d73d9a
45d73e66
45d73f33
45d74000
45d740cd
45d7419a
45d74266
45d74333
45d74400
45d744cd
45d7459a
45d74666
45d74733
45d74800
45d748cd
45d7499a
45d74a66
45d74b33
45d74c00
45d74ccd
45d74d9a
45d74e66
45d74f33
45d75000
45d750cd
45d7519a
45d75266
45d75333
45d75400
45d754cd
45d7559a
45d75666
45d75733
45d75800
45d758cd
45d7599a
45d75a66
45d75b33
45d75c00
45d75ccd
45d75d9a
45d75e66
45d75f33
45d76000
45d760cd
45d7619a
45d76266
45d76333
45d76400
45d764cd
45d7659a
45d76666
45d76733
45d76800
45d768cd
45d7699a
45d76a66
45d76b33
45d76c00
45d76ccd
45d76d9a
45d76e66
45d76f33
45d77000
45d770cd
45d7719a
45d77266
45d77333
45d77400
45d774cd
45d7759a
45d77666
45d77733
45d77800
45d778cd
45d7799a
45d77a66
45d77b33
45d77c00
45d77ccd
45d77d9a
45d77e66
45d77f33
45d78000
45d780cd
45d7819a
45d78266
45d78333
45d78400
45d784cd
45d7859a
45d78666
45d78733
45d78800
45d788cd
45d7899a
45d78a66
45d78b33
45d78c00
45d78ccd
45d78d9a
45d78e66
45d78f33
45d79000
45d790cd
45d7919a
45d79266
45d79333
45d79400
45d794cd
45d7959a
45d79666
45d79733
45d79800
45d798cd
45d7999a
45d79a66
45d79b33
45d79c00
45d79ccd
45d79d9a
45d79e66
45d79f33
45d7a000
45d7a0cd
45d7a19a
45d7a266
45d7a333
45d7a400
45d7a4cd
45d7a59a
45d7a666
45d7a733
45d7a800
45d7a8cd
45d7a99a
45d7aa66
45d7ab33
45d7ac00
45d7accd
45d7ad9a
45d7ae66
45d7af33
45d7b000
45d7b0cd
45d7b19a
45d7b266
45d7b333
45d7b400
45d7b4cd
45d7b59a
45d7b666
45d7b733
45d7b800
45d7b8cd
45d7b99a
45d7ba66
45d7bb33
45d7bc00
45d7bccd
45d7bd9a
45d7be66
45d7bf33
45d7c000
45d7c0cd
45d7c19a
45d7c266
45d7c333
45d7c400
45d7c4cd
45d7c59a
45d7c666
45d7c733
45d7c800
45d7c8cd
45d7c99a
45d7ca66
45d7cb33
45d7cc00
45d7cccd
45d7cd9a
45d7ce66
45d7cf33
45d7d000
45d7d0cd
45d7d19a
45d7d266
45d7d333
45d7d400
45d7d4cd
45d7d59a
45d7d666
45d7d733
45d7d800
45d7d8cd
45d7d99a
45d7da66
45d7db33
45d7dc00
45d7dccd
45d7dd9a
45d7de66
45d7df33
45d7e000
45d7e0cd
45d7e19a
45d7e266
45d7e333
45d7e400
45d7e4cd
45d7e59a
45d7e666
45d7e733
45d7e800
45d7e8cd
45d7e99a
45d7ea66
45d7eb33
45d7ec00
45d7eccd
45d7ed9a
45d7ee66
45d7ef33
45d7f000
45d7f0cd
45d7f19a
45d7f266
45d7f333
45d7f400
45d7f4cd
45d7f59a
45d7f666
45d7f733
45d7f800
45d7f8cd
45d7f99a
45d7fa66
45d7fb33
45d7fc00
45d7fccd
45d7fd9a
45d7fe66
45d7ff33
45d80000
45d800cd
45d8019a
45d80266
45d80333
45d80400
45d804cd
45d8059a
45d80666
45d80733
45d80800
45d808cd
45d8099a
45d80a66
45d80b33
45d80c00
45d80ccd
45d80d9a
45d80e66
45d80f33
45d81000
45d810cd
45d8119a
45d81266
45d81333
45d81400
45d814cd
45d8159a
45d81666
45d81733
45d81800
45d818cd
45d8199a
45d81a66
45d81b33
45d81c00
45d81ccd
45d81d9a
45d81e66
45d81f33
45d82000
45d820cd
45d8219a
45d82266
45d82333
45d82400
45d824cd
45d8259a
45d82666
45d82733
45d82800
45d828cd
45d8299a
45d82a66
45d82b33
45d82c00
45d82ccd
45d82d9a
45d82e66
45d82f33
45d83000
45d830cd
45d8319a
45d83266
45d83333
45d83400
45d834cd
45d8359a
45d83666
45d83733
45d83800
45d838cd
45d8399a
45d83a66
45d83b33
45d83c00
45d83ccd
45d83d9a
45d83e66
45d83f33
45d84000
45d840cd
45d8419a
45d84266
45d84333
45d84400
45d844cd
45d8459a
45d84666
45d84733
45d84800
45d848cd
45d8499a
45d84a66
45d84b33
45d84c00
45d84ccd
45d84d9a
45d84e66
45d84f33
45d85000
45d850cd
45d8519a
45d85266
45d85333
45d85400
45d854cd
45d8559a
45d85666
45d85733
45d85800
45d858cd
45d8599a
45d85a66
45d85b33
45d85c00
45d85ccd
45d85d9a
45d85e66
45d85f33
45d86000
45d860cd
45d8619a
45d86266
45d86333
45d86400
45d864cd
45d8659a
45d86666
45d86733
45d86800
45d868cd
45d8699a
45d86a66
45d86b33
45d86c00
45d86ccd
45d86d9a
45d86e66
45d86f33
45d87000
45d870cd
45d8719a
45d87266
45d87333
45d87400
45d874cd
45d8759a
45d87666
45d87733
45d87800
45d878cd
45d8799a
45d87a66
45d87b33
45d87c00
45d87ccd
45d87d9a
45d87e66
45d87f33
45d88000
45d880cd
45d8819a
45d88266
45d88333
45d88400
45d884cd
45d8859a
45d88666
45d88733
45d88800
45d888cd
45d8899a
45d88a66
45d88b33
45d88c00
45d88ccd
45d88d9a
45d88e66
45d88f33
45d89000
45d890cd
45d8919a
45d89266
45d89333
45d89400
45d894cd
45d8959a
45d89666
45d89733
45d89800
45d898cd
45d8999a
45d89a66
45d89b33
45d89c00
45d89ccd
45d89d9a
45d89e66
45d89f33
45d8a000
45d8a0cd
45d8a19a
45d8a266
45d8a333
45d8a400
45d8a4cd
45d8a59a
45d8a666
45d8a733
45d8a800
45d8a8cd
45d8a99a
45d8aa66
45d8ab33
45d8ac00
45d8accd
45d8ad9a
45d8ae66
45d8af33
45d8b000
45d8b0cd
45d8b19a
45d8b266
45d8b333
45d8b400
45d8b4cd
45d8b59a
45d8b666
45d8b733
45d8b800
45d8b8cd
45d8b99a
45d8ba66
45d8bb33
45d8bc00
45d8bccd
45d8bd9a
45d8be66
45d8bf33
45d8c000
45d8c0cd
45d8c19a
45d8c266
45d8c333
45d8c400
45d8c4cd
45d8c59a
45d8c666
45d8c733
45d8c800
45d8c8cd
45d8c99a
45d8ca66
45d8cb33
45d8cc00
45d8cccd
45d8cd9a
45d8ce66
45d8cf33
45d8d000
45d8d0cd
45d8d19a
45d8d266
45d8d333
45d8d400
45d8d4cd
45d8d59a
45d8d666
45d8d733
45d8d800
45d8d8cd
45d8d99a
45d8da66
45d8db33
45d8dc00
45d8dccd
45d8dd9a
45d8de66
45d8df33
45d8e000
45d8e0cd
45d8e19a
45d8e266
45d8e333
45d8e400
45d8e4cd
45d8e59a
45d8e666
45d8e733
45d8e800
45d8e8cd
45d8e99a
45d8ea66
45d8eb33
45d8ec00
45d8eccd
45d8ed9a
45d8ee66
45d8ef33
45d8f000
45d8f0cd
45d8f19a
45d8f266
45d8f333
45d8f400
45d8f4cd
45d8f59a
45d8f666
45d8f733
45d8f800
45d8f8cd
45d8f99a
45d8fa66
45d8fb33
45d8fc00
45d8fccd
45d8fd9a
45d8fe66
45d8ff33
45d90000
45d900cd
45d9019a
45d90266
45d90333
45d90400
45d904cd
45d9059a
45d90666
45d90733
45d90800
45d908cd
45d9099a
45d90a66
45d90b33
45d90c00
45d90ccd
45d90d9a
45d90e66
45d90f33
45d91000
45d910cd
45d9119a
45d91266
45d91333
45d91400
45d914cd
45d9159a
45d91666
45d91733
45d91800
45d918cd
45d9199a
45d91a66
45d91b33
45d91c00
45d91ccd
45d91d9a
45d91e66
45d91f33
45d92000
45d920cd
45d9219a
45d92266
45d92333
45d92400
45d924cd
45d9259a
45d92666
45d92733
45d92800
45d928cd
45d9299a
45d92a66
45d92b33
45d92c00
45d92ccd
45d92d9a
45d92e66
45d92f33
45d93000
45d930cd
45d9319a
45d93266
45d93333
45d93400
45d934cd
45d9359a
45d93666
45d93733
45d93800
45d938cd
45d9399a
45d93a66
45d93b33
45d93c00
45d93ccd
45d93d9a
45d93e66
45d93f33
45d94000
45d940cd
45d9419a
45d94266
45d94333
45d94400
45d944cd
45d9459a
45d94666
45d94733
45d94800
45d948cd
45d9499a
45d94a66
45d94b33
45d94c00
45d94ccd
45d94d9a
45d94e66
45d94f33
45d95000
45d950cd
45d9519a
45d95266
45d95333
45d95400
45d954cd
45d9559a
45d95666
45d95733
45d95800
45d958cd
45d9599a
45d95a66
45d95b33
45d95c00
45d95ccd
45d95d9a
45d95e66
45d95f33
45d96000
45d960cd
45d9619a
45d96266
45d96333
45d96400
45d964cd
45d9659a
45d96666
45d96733
45d96800
45d968cd
45d9699a
45d96a66
45d96b33
45d96c00
45d96ccd
45d96d9a
45d96e66
45d96f33
45d97000
45d970cd
45d9719a
45d97266
45d97333
45d97400
45d974cd
45d9759a
45d97666
45d97733
45d97800
45d978cd
45d9799a
45d97a66
45d97b33
45d97c00
45d97ccd
45d97d9a
45d97e66
45d97f33
45d98000
45d980cd
45d9819a
45d98266
45d98333
45d98400
45d984cd
45d9859a
45d98666
45d98733
45d98800
45d988cd
45d9899a
45d98a66
45d98b33
45d98c00
45d98ccd
45d98d9a
45d98e66
45d98f33
45d99000
45d990cd
45d9919a
45d99266
45d99333
45d99400
45d994cd
45d9959a
45d99666
45d99733
45d99800
45d998cd
45d9999a
45d99a66
45d99b33
45d99c00
45d99ccd
45d99d9a
45d99e66
45d99f33
45d9a000
45d9a0cd
45d9a19a
45d9a266
45d9a333
45d9a400
45d9a4cd
45d9a59a
45d9a666
45d9a733
45d9a800
45d9a8cd
45d9a99a
45d9aa66
45d9ab33
45d9ac00
45d9accd
45d9ad9a
45d9ae66
45d9af33
45d9b000
45d9b0cd
45d9b19a
45d9b266
45d9b333
45d9b400
45d9b4cd
45d9b59a
45d9b666
45d9b733
45d9b800
45d9b8cd
45d9b99a
45d9ba66
45d9bb33
45d9bc00
45d9bccd
45d9bd9a
45d9be66
45d9bf33
45d9c000
45d9c0cd
45d9c19a
45d9c266
45d9c333
45d9c400
45d9c4cd
45d9c59a
45d9c666
45d9c733
45d9c800
45d9c8cd
45d9c99a
45d9ca66
45d9cb33
45d9cc00
45d9cccd
45d9cd9a
45d9ce66
45d9cf33
45d9d000
45d9d0cd
45d9d19a
45d9d266
45d9d333
45d9d400
45d9d4cd
45d9d59a
45d9d666
45d9d733
45d9d800
45d9d8cd
45d9d99a
45d9da66
45d9db33
45d9dc00
45d9dccd
45d9dd9a
45d9de66
45d9df33
45d9e000
45d9e0cd
45d9e19a
45d9e266
45d9e333
45d9e400
45d9e4cd
45d9e59a
45d9e666
45d9e733
45d9e800
45d9e8cd
45d9e99a
45d9ea66
45d9eb33
45d9ec00
45d9eccd
45d9ed9a
45d9ee66
45d9ef33
45d9f000
45d9f0cd
45d9f19a
45d9f266
45d9f333
45d9f400
45d9f4cd
45d9f59a
45d9f666
45d9f733
45d9f800
45d9f8cd
45d9f99a
45d9fa66
45d9fb33
45d9fc00
45d9fccd
45d9fd9a
45d9fe66
45d9ff33
45da0000
45da00cd
45da019a
45da0266
45da0333
45da0400
45da04cd
45da059a
45da0666
45da0733
45da0800
45da08cd
45da099a
45da0a66
45da0b33
45da0c00
45da0ccd
45da0d9a
45da0e66
45da0f33
45da1000
45da10cd
45da119a
45da1266
45da1333
45da1400
45da14cd
45da159a
45da1666
45da1733
45da1800
45da18cd
45da199a
45da1a66
45da1b33
45da1c00
45da1ccd
45da1d9a
45da1e66
45da1f33
45da2000
45da20cd
45da219a
45da2266
45da2333
45da2400
45da24cd
45da259a
45da2666
45da2733
45da2800
45da28cd
45da299a
45da2a66
45da2b33
45da2c00
45da2ccd
45da2d9a
45da2e66
45da2f33
45da3000
45da30cd
45da319a
45da3266
45da3333
45da3400
45da34cd
45da359a
45da3666
45da3733
45da3800
45da38cd
45da399a
45da3a66
45da3b33
45da3c00
45da3ccd
45da3d9a
45da3e66
45da3f33
45da4000
45da40cd
45da419a
45da4266
45da4333
45da4400
45da44cd
45da459a
45da4666
45da4733
45da4800
45da48cd
45da499a
45da4a66
45da4b33
45da4c00
45da4ccd
45da4d9a
45da4e66
45da4f33
45da5000
45da50cd
45da519a
45da5266
45da5333
45da5400
45da54cd
45da559a
45da5666
45da5733
45da5800
45da58cd
45da599a
45da5a66
45da5b33
45da5c00
45da5ccd
45da5d9a
45da5e66
45da5f33
45da6000
45da60cd
45da619a
45da6266
45da6333
45da6400
45da64cd
45da659a
45da6666
45da6733
45da6800
45da68cd
45da699a
45da6a66
45da6b33
45da6c00
45da6ccd
45da6d9a
45da6e66
45da6f33
45da7000
45da70cd
45da719a
45da7266
45da7333
45da7400
45da74cd
45da759a
45da7666
45da7733
45da7800
45da78cd
45da799a
45da7a66
45da7b33
45da7c00
45da7ccd
45da7d9a
45da7e66
45da7f33
45da8000
45da80cd
45da819a
45da8266
45da8333
45da8400
45da84cd
45da859a
45da8666
45da8733
45da8800
45da88cd
45da899a
45da8a66
45da8b33
45da8c00
45da8ccd
45da8d9a
45da8e66
45da8f33
45da9000
45da90cd
45da919a
45da9266
45da9333
45da9400
45da94cd
45da959a
45da9666
45da9733
45da9800
45da98cd
45da999a
45da9a66
45da9b33
45da9c00
45da9ccd
45da9d9a
45da9e66
45da9f33
45daa000
45daa0cd
45daa19a
45daa266
45daa333
45daa400
45daa4cd
45daa59a
45daa666
45daa733
45daa800
45daa8cd
45daa99a
45daaa66
45daab33
45daac00
45daaccd
45daad9a
45daae66
45daaf33
45dab000
45dab0cd
45dab19a
45dab266
45dab333
45dab400
45dab4cd
45dab59a
45dab666
45dab733
45dab800
45dab8cd
45dab99a
45daba66
45dabb33
45dabc00
45dabccd
45dabd9a
45dabe66
45dabf33
45dac000
45dac0cd
45dac19a
45dac266
45dac333
45dac400
45dac4cd
45dac59a
45dac666
45dac733
45dac800
45dac8cd
45dac99a
45daca66
45dacb33
45dacc00
45dacccd
45dacd9a
45dace66
45dacf33
45dad000
45dad0cd
45dad19a
45dad266
45dad333
45dad400
45dad4cd
45dad59a
45dad666
45dad733
45dad800
45dad8cd
45dad99a
45dada66
45dadb33
45dadc00
45dadccd
45dadd9a
45dade66
45dadf33
45dae000
45dae0cd
45dae19a
45dae266
45dae333
45dae400
45dae4cd
45dae59a
45dae666
45dae733
45dae800
45dae8cd
45dae99a
45daea66
45daeb33
45daec00
45daeccd
45daed9a
45daee66
45daef33
45daf000
45daf0cd
45daf19a
45daf266
45daf333
45daf400
45daf4cd
45daf59a
45daf666
45daf733
45daf800
45daf8cd
45daf99a
45dafa66
45dafb33
45dafc00
45dafccd
45dafd9a
45dafe66
45daff33
45db0000
45db00cd
45db019a
45db0266
45db0333
45db0400
45db04cd
45db059a
45db0666
45db0733
45db0800
45db08cd
45db099a
45db0a66
45db0b33
45db0c00
45db0ccd
45db0d9a
45db0e66
45db0f33
45db1000
45db10cd
45db119a
45db1266
45db1333
45db1400
45db14cd
45db159a
45db1666
45db1733
45db1800
45db18cd
45db199a
45db1a66
45db1b33
45db1c00
45db1ccd
45db1d9a
45db1e66
45db1f33
45db2000
45db20cd
45db219a
45db2266
45db2333
45db2400
45db24cd
45db259a
45db2666
45db2733
45db2800
45db28cd
45db299a
45db2a66
45db2b33
45db2c00
45db2ccd
45db2d9a
45db2e66
45db2f33
45db3000
45db30cd
45db319a
45db3266
45db3333
45db3400
45db34cd
45db359a
45db3666
45db3733
45db3800
45db38cd
45db399a
45db3a66
45db3b33
45db3c00
45db3ccd
45db3d9a
45db3e66
45db3f33
45db4000
45db40cd
45db419a
45db4266
45db4333
45db4400
45db44cd
45db459a
45db4666
45db4733
45db4800
45db48cd
45db499a
45db4a66
45db4b33
45db4c00
45db4ccd
45db4d9a
45db4e66
45db4f33
45db5000
45db50cd
45db519a
45db5266
45db5333
45db5400
45db54cd
45db559a
45db5666
45db5733
45db5800
45db58cd
45db599a
45db5a66
45db5b33
45db5c00
45db5ccd
45db5d9a
45db5e66
45db5f33
45db6000
45db60cd
45db619a
45db6266
45db6333
45db6400
45db64cd
45db659a
45db6666
45db6733
45db6800
45db68cd
45db699a
45db6a66
45db6b33
45db6c00
45db6ccd
45db6d9a
45db6e66
45db6f33
45db7000
45db70cd
45db719a
45db7266
45db7333
45db7400
45db74cd
45db759a
45db7666
45db7733
45db7800
45db78cd
45db799a
45db7a66
45db7b33
45db7c00
45db7ccd
45db7d9a
45db7e66
45db7f33
45db8000
45db80cd
45db819a
45db8266
45db8333
45db8400
45db84cd
45db859a
45db8666
45db8733
45db8800
45db88cd
45db899a
45db8a66
45db8b33
45db8c00
45db8ccd
45db8d9a
45db8e66
45db8f33
45db9000
45db90cd
45db919a
45db9266
45db9333
45db9400
45db94cd
45db959a
45db9666
45db9733
45db9800
45db98cd
45db999a
45db9a66
45db9b33
45db9c00
45db9ccd
45db9d9a
45db9e66
45db9f33
45dba000
45dba0cd
45dba19a
45dba266
45dba333
45dba400
45dba4cd
45dba59a
45dba666
45dba733
45dba800
45dba8cd
45dba99a
45dbaa66
45dbab33
45dbac00
45dbaccd
45dbad9a
45dbae66
45dbaf33
45dbb000
45dbb0cd
45dbb19a
45dbb266
45dbb333
45dbb400
45dbb4cd
45dbb59a
45dbb666
45dbb733
45dbb800
45dbb8cd
45dbb99a
45dbba66
45dbbb33
45dbbc00
45dbbccd
45dbbd9a
45dbbe66
45dbbf33
45dbc000
45dbc0cd
45dbc19a
45dbc266
45dbc333
45dbc400
45dbc4cd
45dbc59a
45dbc666
45dbc733
45dbc800
45dbc8cd
45dbc99a
45dbca66
45dbcb33
45dbcc00
45dbcccd
45dbcd9a
45dbce66
45dbcf33
45dbd000
45dbd0cd
45dbd19a
45dbd266
45dbd333
45dbd400
45dbd4cd
45dbd59a
45dbd666
45dbd733
45dbd800
45dbd8cd
45dbd99a
45dbda66
45dbdb33
45dbdc00
45dbdccd
45dbdd9a
45dbde66
45dbdf33
45dbe000
45dbe0cd
45dbe19a
45dbe266
45dbe333
45dbe400
45dbe4cd
45dbe59a
45dbe666
45dbe733
45dbe800
45dbe8cd
45dbe99a
45dbea66
45dbeb33
45dbec00
45dbeccd
45dbed9a
45dbee66
45dbef33
45dbf000
45dbf0cd
45dbf19a
45dbf266
45dbf333
45dbf400
45dbf4cd
45dbf59a
45dbf666
45dbf733
45dbf800
45dbf8cd
45dbf99a
45dbfa66
45dbfb33
45dbfc00
45dbfccd
45dbfd9a
45dbfe66
45dbff33
45dc0000
45dc00cd
45dc019a
45dc0266
45dc0333
45dc0400
45dc04cd
45dc059a
45dc0666
45dc0733
45dc0800
45dc08cd
45dc099a
45dc0a66
45dc0b33
45dc0c00
45dc0ccd
45dc0d9a
45dc0e66
45dc0f33
45dc1000
45dc10cd
45dc119a
45dc1266
45dc1333
45dc1400
45dc14cd
45dc159a
45dc1666
45dc1733
45dc1800
45dc18cd
45dc199a
45dc1a66
45dc1b33
45dc1c00
45dc1ccd
45dc1d9a
45dc1e66
45dc1f33
45dc2000
45dc20cd
45dc219a
45dc2266
45dc2333
45dc2400
45dc24cd
45dc259a
45dc2666
45dc2733
45dc2800
45dc28cd
45dc299a
45dc2a66
45dc2b33
45dc2c00
45dc2ccd
45dc2d9a
45dc2e66
45dc2f33
45dc3000
45dc30cd
45dc319a
45dc3266
45dc3333
45dc3400
45dc34cd
45dc359a
45dc3666
45dc3733
45dc3800
45dc38cd
45dc399a
45dc3a66
45dc3b33
45dc3c00
45dc3ccd
45dc3d9a
45dc3e66
45dc3f33
45dc4000
45dc40cd
45dc419a
45dc4266
45dc4333
45dc4400
45dc44cd
45dc459a
45dc4666
45dc4733
45dc4800
45dc48cd
45dc499a
45dc4a66
45dc4b33
45dc4c00
45dc4ccd
45dc4d9a
45dc4e66
45dc4f33
45dc5000
45dc50cd
45dc519a
45dc5266
45dc5333
45dc5400
45dc54cd
45dc559a
45dc5666
45dc5733
45dc5800
45dc58cd
45dc599a
45dc5a66
45dc5b33
45dc5c00
45dc5ccd
45dc5d9a
45dc5e66
45dc5f33
45dc6000
45dc60cd
45dc619a
45dc6266
45dc6333
45dc6400
45dc64cd
45dc659a
45dc6666
45dc6733
45dc6800
45dc68cd
45dc699a
45dc6a66
45dc6b33
45dc6c00
45dc6ccd
45dc6d9a
45dc6e66
45dc6f33
45dc7000
45dc70cd
45dc719a
45dc7266
45dc7333
45dc7400
45dc74cd
45dc759a
45dc7666
45dc7733
45dc7800
45dc78cd
45dc799a
45dc7a66
45dc7b33
45dc7c00
45dc7ccd
45dc7d9a
45dc7e66
45dc7f33
45dc8000
45dc80cd
45dc819a
45dc8266
45dc8333
45dc8400
45dc84cd
45dc859a
45dc8666
45dc8733
45dc8800
45dc88cd
45dc899a
45dc8a66
45dc8b33
45dc8c00
45dc8ccd
45dc8d9a
45dc8e66
45dc8f33
45dc9000
45dc90cd
45dc919a
45dc9266
45dc9333
45dc9400
45dc94cd
45dc959a
45dc9666
45dc9733
45dc9800
45dc98cd
45dc999a
45dc9a66
45dc9b33
45dc9c00
45dc9ccd
45dc9d9a
45dc9e66
45dc9f33
45dca000
45dca0cd
45dca19a
45dca266
45dca333
45dca400
45dca4cd
45dca59a
45dca666
45dca733
45dca800
45dca8cd
45dca99a
45dcaa66
45dcab33
45dcac00
45dcaccd
45dcad9a
45dcae66
45dcaf33
45dcb000
45dcb0cd
45dcb19a
45dcb266
45dcb333
45dcb400
45dcb4cd
45dcb59a
45dcb666
45dcb733
45dcb800
45dcb8cd
45dcb99a
45dcba66
45dcbb33
45dcbc00
45dcbccd
45dcbd9a
45dcbe66
45dcbf33
45dcc000
45dcc0cd
45dcc19a
45dcc266
45dcc333
45dcc400
45dcc4cd
45dcc59a
45dcc666
45dcc733
45dcc800
45dcc8cd
45dcc99a
45dcca66
45dccb33
45dccc00
45dccccd
45dccd9a
45dcce66
45dccf33
45dcd000
45dcd0cd
45dcd19a
45dcd266
45dcd333
45dcd400
45dcd4cd
45dcd59a
45dcd666
45dcd733
45dcd800
45dcd8cd
45dcd99a
45dcda66
45dcdb33
45dcdc00
45dcdccd
45dcdd9a
45dcde66
45dcdf33
45dce000
45dce0cd
45dce19a
45dce266
45dce333
45dce400
45dce4cd
45dce59a
45dce666
45dce733
45dce800
45dce8cd
45dce99a
45dcea66
45dceb33
45dcec00
45dceccd
45dced9a
45dcee66
45dcef33
45dcf000
45dcf0cd
45dcf19a
45dcf266
45dcf333
45dcf400
45dcf4cd
45dcf59a
45dcf666
45dcf733
45dcf800
45dcf8cd
45dcf99a
45dcfa66
45dcfb33
45dcfc00
45dcfccd
45dcfd9a
45dcfe66
45dcff33
45dd0000
45dd00cd
45dd019a
45dd0266
45dd0333
45dd0400
45dd04cd
45dd059a
45dd0666
45dd0733
45dd0800
45dd08cd
45dd099a
45dd0a66
45dd0b33
45dd0c00
45dd0ccd
45dd0d9a
45dd0e66
45dd0f33
45dd1000
45dd10cd
45dd119a
45dd1266
45dd1333
45dd1400
45dd14cd
45dd159a
45dd1666
45dd1733
45dd1800
45dd18cd
45dd199a
45dd1a66
45dd1b33
45dd1c00
45dd1ccd
45dd1d9a
45dd1e66
45dd1f33
45dd2000
45dd20cd
45dd219a
45dd2266
45dd2333
45dd2400
45dd24cd
45dd259a
45dd2666
45dd2733
45dd2800
45dd28cd
45dd299a
45dd2a66
45dd2b33
45dd2c00
45dd2ccd
45dd2d9a
45dd2e66
45dd2f33
45dd3000
45dd30cd
45dd319a
45dd3266
45dd3333
45dd3400
45dd34cd
45dd359a
45dd3666
45dd3733
45dd3800
45dd38cd
45dd399a
45dd3a66
45dd3b33
45dd3c00
45dd3ccd
45dd3d9a
45dd3e66
45dd3f33
45dd4000
45dd40cd
45dd419a
45dd4266
45dd4333
45dd4400
45dd44cd
45dd459a
45dd4666
45dd4733
45dd4800
45dd48cd
45dd499a
45dd4a66
45dd4b33
45dd4c00
45dd4ccd
45dd4d9a
45dd4e66
45dd4f33
45dd5000
45dd50cd
45dd519a
45dd5266
45dd5333
45dd5400
45dd54cd
45dd559a
45dd5666
45dd5733
45dd5800
45dd58cd
45dd599a
45dd5a66
45dd5b33
45dd5c00
45dd5ccd
45dd5d9a
45dd5e66
45dd5f33
45dd6000
45dd60cd
45dd619a
45dd6266
45dd6333
45dd6400
45dd64cd
45dd659a
45dd6666
45dd6733
45dd6800
45dd68cd
45dd699a
45dd6a66
45dd6b33
45dd6c00
45dd6ccd
45dd6d9a
45dd6e66
45dd6f33
45dd7000
45dd70cd
45dd719a
45dd7266
45dd7333
45dd7400
45dd74cd
45dd759a
45dd7666
45dd7733
45dd7800
45dd78cd
45dd799a
45dd7a66
45dd7b33
45dd7c00
45dd7ccd
45dd7d9a
45dd7e66
45dd7f33
45dd8000
45dd80cd
45dd819a
45dd8266
45dd8333
45dd8400
45dd84cd
45dd859a
45dd8666
45dd8733
45dd8800
45dd88cd
45dd899a
45dd8a66
45dd8b33
45dd8c00
45dd8ccd
45dd8d9a
45dd8e66
45dd8f33
45dd9000
45dd90cd
45dd919a
45dd9266
45dd9333
45dd9400
45dd94cd
45dd959a
45dd9666
45dd9733
45dd9800
45dd98cd
45dd999a
45dd9a66
45dd9b33
45dd9c00
45dd9ccd
45dd9d9a
45dd9e66
45dd9f33
45dda000
45dda0cd
45dda19a
45dda266
45dda333
45dda400
45dda4cd
45dda59a
45dda666
45dda733
45dda800
45dda8cd
45dda99a
45ddaa66
45ddab33
45ddac00
45ddaccd
45ddad9a
45ddae66
45ddaf33
45ddb000
45ddb0cd
45ddb19a
45ddb266
45ddb333
45ddb400
45ddb4cd
45ddb59a
45ddb666
45ddb733
45ddb800
45ddb8cd
45ddb99a
45ddba66
45ddbb33
45ddbc00
45ddbccd
45ddbd9a
45ddbe66
45ddbf33
45ddc000
45ddc0cd
45ddc19a
45ddc266
45ddc333
45ddc400
45ddc4cd
45ddc59a
45ddc666
45ddc733
45ddc800
45ddc8cd
45ddc99a
45ddca66
45ddcb33
45ddcc00
45ddcccd
45ddcd9a
45ddce66
45ddcf33
45ddd000
45ddd0cd
45ddd19a
45ddd266
45ddd333
45ddd400
45ddd4cd
45ddd59a
45ddd666
45ddd733
45ddd800
45ddd8cd
45ddd99a
45ddda66
45dddb33
45dddc00
45dddccd
45dddd9a
45ddde66
45dddf33
45dde000
45dde0cd
45dde19a
45dde266
45dde333
45dde400
45dde4cd
45dde59a
45dde666
45dde733
45dde800
45dde8cd
45dde99a
45ddea66
45ddeb33
45ddec00
45ddeccd
45dded9a
45ddee66
45ddef33
45ddf000
45ddf0cd
45ddf19a
45ddf266
45ddf333
45ddf400
45ddf4cd
45ddf59a
45ddf666
45ddf733
45ddf800
45ddf8cd
45ddf99a
45ddfa66
45ddfb33
45ddfc00
45ddfccd
45ddfd9a
45ddfe66
45ddff33
45de0000
45de00cd
45de019a
45de0266
45de0333
45de0400
45de04cd
45de059a
45de0666
45de0733
45de0800
45de08cd
45de099a
45de0a66
45de0b33
45de0c00
45de0ccd
45de0d9a
45de0e66
45de0f33
45de1000
45de10cd
45de119a
45de1266
45de1333
45de1400
45de14cd
45de159a
45de1666
45de1733
45de1800
45de18cd
45de199a
45de1a66
45de1b33
45de1c00
45de1ccd
45de1d9a
45de1e66
45de1f33
45de2000
45de20cd
45de219a
45de2266
45de2333
45de2400
45de24cd
45de259a
45de2666
45de2733
45de2800
45de28cd
45de299a
45de2a66
45de2b33
45de2c00
45de2ccd
45de2d9a
45de2e66
45de2f33
45de3000
45de30cd
45de319a
45de3266
45de3333
45de3400
45de34cd
45de359a
45de3666
45de3733
45de3800
45de38cd
45de399a
45de3a66
45de3b33
45de3c00
45de3ccd
45de3d9a
45de3e66
45de3f33
45de4000
45de40cd
45de419a
45de4266
45de4333
45de4400
45de44cd
45de459a
45de4666
45de4733
45de4800
45de48cd
45de499a
45de4a66
45de4b33
45de4c00
45de4ccd
45de4d9a
45de4e66
45de4f33
45de5000
45de50cd
45de519a
45de5266
45de5333
45de5400
45de54cd
45de559a
45de5666
45de5733
45de5800
45de58cd
45de599a
45de5a66
45de5b33
45de5c00
45de5ccd
45de5d9a
45de5e66
45de5f33
45de6000
45de60cd
45de619a
45de6266
45de6333
45de6400
45de64cd
45de659a
45de6666
45de6733
45de6800
45de68cd
45de699a
45de6a66
45de6b33
45de6c00
45de6ccd
45de6d9a
45de6e66
45de6f33
45de7000
45de70cd
45de719a
45de7266
45de7333
45de7400
45de74cd
45de759a
45de7666
45de7733
45de7800
45de78cd
45de799a
45de7a66
45de7b33
45de7c00
45de7ccd
45de7d9a
45de7e66
45de7f33
45de8000
45de80cd
45de819a
45de8266
45de8333
45de8400
45de84cd
45de859a
45de8666
45de8733
45de8800
45de88cd
45de899a
45de8a66
45de8b33
45de8c00
45de8ccd
45de8d9a
45de8e66
45de8f33
45de9000
45de90cd
45de919a
45de9266
45de9333
45de9400
45de94cd
45de959a
45de9666
45de9733
45de9800
45de98cd
45de999a
45de9a66
45de9b33
45de9c00
45de9ccd
45de9d9a
45de9e66
45de9f33
45dea000
45dea0cd
45dea19a
45dea266
45dea333
45dea400
45dea4cd
45dea59a
45dea666
45dea733
45dea800
45dea8cd
45dea99a
45deaa66
45deab33
45deac00
45deaccd
45dead9a
45deae66
45deaf33
45deb000
45deb0cd
45deb19a
45deb266
45deb333
45deb400
45deb4cd
45deb59a
45deb666
45deb733
45deb800
45deb8cd
45deb99a
45deba66
45debb33
45debc00
45debccd
45debd9a
45debe66
45debf33
45dec000
45dec0cd
45dec19a
45dec266
45dec333
45dec400
45dec4cd
45dec59a
45dec666
45dec733
45dec800
45dec8cd
45dec99a
45deca66
45decb33
45decc00
45decccd
45decd9a
45dece66
45decf33
45ded000
45ded0cd
45ded19a
45ded266
45ded333
45ded400
45ded4cd
45ded59a
45ded666
45ded733
45ded800
45ded8cd
45ded99a
45deda66
45dedb33
45dedc00
45dedccd
45dedd9a
45dede66
45dedf33
45dee000
45dee0cd
45dee19a
45dee266
45dee333
45dee400
45dee4cd
45dee59a
45dee666
45dee733
45dee800
45dee8cd
45dee99a
45deea66
45deeb33
45deec00
45deeccd
45deed9a
45deee66
45deef33
45def000
45def0cd
45def19a
45def266
45def333
45def400
45def4cd
45def59a
45def666
45def733
45def800
45def8cd
45def99a
45defa66
45defb33
45defc00
45defccd
45defd9a
45defe66
45deff33
45df0000
45df00cd
45df019a
45df0266
45df0333
45df0400
45df04cd
45df059a
45df0666
45df0733
45df0800
45df08cd
45df099a
45df0a66
45df0b33
45df0c00
45df0ccd
45df0d9a
45df0e66
45df0f33
45df1000
45df10cd
45df119a
45df1266
45df1333
45df1400
45df14cd
45df159a
45df1666
45df1733
45df1800
45df18cd
45df199a
45df1a66
45df1b33
45df1c00
45df1ccd
45df1d9a
45df1e66
45df1f33
45df2000
45df20cd
45df219a
45df2266
45df2333
45df2400
45df24cd
45df259a
45df2666
45df2733
45df2800
45df28cd
45df299a
45df2a66
45df2b33
45df2c00
45df2ccd
45df2d9a
45df2e66
45df2f33
45df3000
45df30cd
45df319a
45df3266
45df3333
45df3400
45df34cd
45df359a
45df3666
45df3733
45df3800
45df38cd
45df399a
45df3a66
45df3b33
45df3c00
45df3ccd
45df3d9a
45df3e66
45df3f33
45df4000
45df40cd
45df419a
45df4266
45df4333
45df4400
45df44cd
45df459a
45df4666
45df4733
45df4800
45df48cd
45df499a
45df4a66
45df4b33
45df4c00
45df4ccd
45df4d9a
45df4e66
45df4f33
45df5000
45df50cd
45df519a
45df5266
45df5333
45df5400
45df54cd
45df559a
45df5666
45df5733
45df5800
45df58cd
45df599a
45df5a66
45df5b33
45df5c00
45df5ccd
45df5d9a
45df5e66
45df5f33
45df6000
45df60cd
45df619a
45df6266
45df6333
45df6400
45df64cd
45df659a
45df6666
45df6733
45df6800
45df68cd
45df699a
45df6a66
45df6b33
45df6c00
45df6ccd
45df6d9a
45df6e66
45df6f33
45df7000
45df70cd
45df719a
45df7266
45df7333
45df7400
45df74cd
45df759a
45df7666
45df7733
45df7800
45df78cd
45df799a
45df7a66
45df7b33
45df7c00
45df7ccd
45df7d9a
45df7e66
45df7f33
45df8000
45df80cd
45df819a
45df8266
45df8333
45df8400
45df84cd
45df859a
45df8666
45df8733
45df8800
45df88cd
45df899a
45df8a66
45df8b33
45df8c00
45df8ccd
45df8d9a
45df8e66
45df8f33
45df9000
45df90cd
45df919a
45df9266
45df9333
45df9400
45df94cd
45df959a
45df9666
45df9733
45df9800
45df98cd
45df999a
45df9a66
45df9b33
45df9c00
45df9ccd
45df9d9a
45df9e66
45df9f33
45dfa000
45dfa0cd
45dfa19a
45dfa266
45dfa333
45dfa400
45dfa4cd
45dfa59a
45dfa666
45dfa733
45dfa800
45dfa8cd
45dfa99a
45dfaa66
45dfab33
45dfac00
45dfaccd
45dfad9a
45dfae66
45dfaf33
45dfb000
45dfb0cd
45dfb19a
45dfb266
45dfb333
45dfb400
45dfb4cd
45dfb59a
45dfb666
45dfb733
45dfb800
45dfb8cd
45dfb99a
45dfba66
45dfbb33
45dfbc00
45dfbccd
45dfbd9a
45dfbe66
45dfbf33
45dfc000
45dfc0cd
45dfc19a
45dfc266
45dfc333
45dfc400
45dfc4cd
45dfc59a
45dfc666
45dfc733
45dfc800
45dfc8cd
45dfc99a
45dfca66
45dfcb33
45dfcc00
45dfcccd
45dfcd9a
45dfce66
45dfcf33
45dfd000
45dfd0cd
45dfd19a
45dfd266
45dfd333
45dfd400
45dfd4cd
45dfd59a
45dfd666
45dfd733
45dfd800
45dfd8cd
45dfd99a
45dfda66
45dfdb33
45dfdc00
45dfdccd
45dfdd9a
45dfde66
45dfdf33
45dfe000
45dfe0cd
45dfe19a
45dfe266
45dfe333
45dfe400
45dfe4cd
45dfe59a
45dfe666
45dfe733
45dfe800
45dfe8cd
45dfe99a
45dfea66
45dfeb33
45dfec00
45dfeccd
45dfed9a
45dfee66
45dfef33
45dff000
45dff0cd
45dff19a
45dff266
45dff333
45dff400
45dff4cd
45dff59a
45dff666
45dff733
45dff800
45dff8cd
45dff99a
45dffa66
45dffb33
45dffc00
45dffccd
45dffd9a
45dffe66
45dfff33
45e00000
45e000cd
45e0019a
45e00266
45e00333
45e00400
45e004cd
45e0059a
45e00666
45e00733
45e00800
45e008cd
45e0099a
45e00a66
45e00b33
45e00c00
45e00ccd
45e00d9a
45e00e66
45e00f33
45e01000
45e010cd
45e0119a
45e01266
45e01333
45e01400
45e014cd
45e0159a
45e01666
45e01733
45e01800
45e018cd
45e0199a
45e01a66
45e01b33
45e01c00
45e01ccd
45e01d9a
45e01e66
45e01f33
45e02000
45e020cd
45e0219a
45e02266
45e02333
45e02400
45e024cd
45e0259a
45e02666
45e02733
45e02800
45e028cd
45e0299a
45e02a66
45e02b33
45e02c00
45e02ccd
45e02d9a
45e02e66
45e02f33
45e03000
45e030cd
45e0319a
45e03266
45e03333
45e03400
45e034cd
45e0359a
45e03666
45e03733
45e03800
45e038cd
45e0399a
45e03a66
45e03b33
45e03c00
45e03ccd
45e03d9a
45e03e66
45e03f33
45e04000
45e040cd
45e0419a
45e04266
45e04333
45e04400
45e044cd
45e0459a
45e04666
45e04733
45e04800
45e048cd
45e0499a
45e04a66
45e04b33
45e04c00
45e04ccd
45e04d9a
45e04e66
45e04f33
45e05000
45e050cd
45e0519a
45e05266
45e05333
45e05400
45e054cd
45e0559a
45e05666
45e05733
45e05800
45e058cd
45e0599a
45e05a66
45e05b33
45e05c00
45e05ccd
45e05d9a
45e05e66
45e05f33
45e06000
45e060cd
45e0619a
45e06266
45e06333
45e06400
45e064cd
45e0659a
45e06666
45e06733
45e06800
45e068cd
45e0699a
45e06a66
45e06b33
45e06c00
45e06ccd
45e06d9a
45e06e66
45e06f33
45e07000
45e070cd
45e0719a
45e07266
45e07333
45e07400
45e074cd
45e0759a
45e07666
45e07733
45e07800
45e078cd
45e0799a
45e07a66
45e07b33
45e07c00
45e07ccd
45e07d9a
45e07e66
45e07f33
45e08000
45e080cd
45e0819a
45e08266
45e08333
45e08400
45e084cd
45e0859a
45e08666
45e08733
45e08800
45e088cd
45e0899a
45e08a66
45e08b33
45e08c00
45e08ccd
45e08d9a
45e08e66
45e08f33
45e09000
45e090cd
45e0919a
45e09266
45e09333
45e09400
45e094cd
45e0959a
45e09666
45e09733
45e09800
45e098cd
45e0999a
45e09a66
45e09b33
45e09c00
45e09ccd
45e09d9a
45e09e66
45e09f33
45e0a000
45e0a0cd
45e0a19a
45e0a266
45e0a333
45e0a400
45e0a4cd
45e0a59a
45e0a666
45e0a733
45e0a800
45e0a8cd
45e0a99a
45e0aa66
45e0ab33
45e0ac00
45e0accd
45e0ad9a
45e0ae66
45e0af33
45e0b000
45e0b0cd
45e0b19a
45e0b266
45e0b333
45e0b400
45e0b4cd
45e0b59a
45e0b666
45e0b733
45e0b800
45e0b8cd
45e0b99a
45e0ba66
45e0bb33
45e0bc00
45e0bccd
45e0bd9a
45e0be66
45e0bf33
45e0c000
45e0c0cd
45e0c19a
45e0c266
45e0c333
45e0c400
45e0c4cd
45e0c59a
45e0c666
45e0c733
45e0c800
45e0c8cd
45e0c99a
45e0ca66
45e0cb33
45e0cc00
45e0cccd
45e0cd9a
45e0ce66
45e0cf33
45e0d000
45e0d0cd
45e0d19a
45e0d266
45e0d333
45e0d400
45e0d4cd
45e0d59a
45e0d666
45e0d733
45e0d800
45e0d8cd
45e0d99a
45e0da66
45e0db33
45e0dc00
45e0dccd
45e0dd9a
45e0de66
45e0df33
45e0e000
45e0e0cd
45e0e19a
45e0e266
45e0e333
45e0e400
45e0e4cd
45e0e59a
45e0e666
45e0e733
45e0e800
45e0e8cd
45e0e99a
45e0ea66
45e0eb33
45e0ec00
45e0eccd
45e0ed9a
45e0ee66
45e0ef33
45e0f000
45e0f0cd
45e0f19a
45e0f266
45e0f333
45e0f400
45e0f4cd
45e0f59a
45e0f666
45e0f733
45e0f800
45e0f8cd
45e0f99a
45e0fa66
45e0fb33
45e0fc00
45e0fccd
45e0fd9a
45e0fe66
45e0ff33
45e10000
45e100cd
45e1019a
45e10266
45e10333
45e10400
45e104cd
45e1059a
45e10666
45e10733
45e10800
45e108cd
45e1099a
45e10a66
45e10b33
45e10c00
45e10ccd
45e10d9a
45e10e66
45e10f33
45e11000
45e110cd
45e1119a
45e11266
45e11333
45e11400
45e114cd
45e1159a
45e11666
45e11733
45e11800
45e118cd
45e1199a
45e11a66
45e11b33
45e11c00
45e11ccd
45e11d9a
45e11e66
45e11f33
45e12000
45e120cd
45e1219a
45e12266
45e12333
45e12400
45e124cd
45e1259a
45e12666
45e12733
45e12800
45e128cd
45e1299a
45e12a66
45e12b33
45e12c00
45e12ccd
45e12d9a
45e12e66
45e12f33
45e13000
45e130cd
45e1319a
45e13266
45e13333
45e13400
45e134cd
45e1359a
45e13666
45e13733
45e13800
45e138cd
45e1399a
45e13a66
45e13b33
45e13c00
45e13ccd
45e13d9a
45e13e66
45e13f33
45e14000
45e140cd
45e1419a
45e14266
45e14333
45e14400
45e144cd
45e1459a
45e14666
45e14733
45e14800
45e148cd
45e1499a
45e14a66
45e14b33
45e14c00
45e14ccd
45e14d9a
45e14e66
45e14f33
45e15000
45e150cd
45e1519a
45e15266
45e15333
45e15400
45e154cd
45e1559a
45e15666
45e15733
45e15800
45e158cd
45e1599a
45e15a66
45e15b33
45e15c00
45e15ccd
45e15d9a
45e15e66
45e15f33
45e16000
45e160cd
45e1619a
45e16266
45e16333
45e16400
45e164cd
45e1659a
45e16666
45e16733
45e16800
45e168cd
45e1699a
45e16a66
45e16b33
45e16c00
45e16ccd
45e16d9a
45e16e66
45e16f33
45e17000
45e170cd
45e1719a
45e17266
45e17333
45e17400
45e174cd
45e1759a
45e17666
45e17733
45e17800
45e178cd
45e1799a
45e17a66
45e17b33
45e17c00
45e17ccd
45e17d9a
45e17e66
45e17f33
45e18000
45e180cd
45e1819a
45e18266
45e18333
45e18400
45e184cd
45e1859a
45e18666
45e18733
45e18800
45e188cd
45e1899a
45e18a66
45e18b33
45e18c00
45e18ccd
45e18d9a
45e18e66
45e18f33
45e19000
45e190cd
45e1919a
45e19266
45e19333
45e19400
45e194cd
45e1959a
45e19666
45e19733
45e19800
45e198cd
45e1999a
45e19a66
45e19b33
45e19c00
45e19ccd
45e19d9a
45e19e66
45e19f33
45e1a000
45e1a0cd
45e1a19a
45e1a266
45e1a333
45e1a400
45e1a4cd
45e1a59a
45e1a666
45e1a733
45e1a800
45e1a8cd
45e1a99a
45e1aa66
45e1ab33
45e1ac00
45e1accd
45e1ad9a
45e1ae66
45e1af33
45e1b000
45e1b0cd
45e1b19a
45e1b266
45e1b333
45e1b400
45e1b4cd
45e1b59a
45e1b666
45e1b733
45e1b800
45e1b8cd
45e1b99a
45e1ba66
45e1bb33
45e1bc00
45e1bccd
45e1bd9a
45e1be66
45e1bf33
45e1c000
45e1c0cd
45e1c19a
45e1c266
45e1c333
45e1c400
45e1c4cd
45e1c59a
45e1c666
45e1c733
45e1c800
45e1c8cd
45e1c99a
45e1ca66
45e1cb33
45e1cc00
45e1cccd
45e1cd9a
45e1ce66
45e1cf33
45e1d000
45e1d0cd
45e1d19a
45e1d266
45e1d333
45e1d400
45e1d4cd
45e1d59a
45e1d666
45e1d733
45e1d800
45e1d8cd
45e1d99a
45e1da66
45e1db33
45e1dc00
45e1dccd
45e1dd9a
45e1de66
45e1df33
45e1e000
45e1e0cd
45e1e19a
45e1e266
45e1e333
45e1e400
45e1e4cd
45e1e59a
45e1e666
45e1e733
45e1e800
45e1e8cd
45e1e99a
45e1ea66
45e1eb33
45e1ec00
45e1eccd
45e1ed9a
45e1ee66
45e1ef33
45e1f000
45e1f0cd
45e1f19a
45e1f266
45e1f333
45e1f400
45e1f4cd
45e1f59a
45e1f666
45e1f733
45e1f800
45e1f8cd
45e1f99a
45e1fa66
45e1fb33
45e1fc00
45e1fccd
45e1fd9a
45e1fe66
45e1ff33
45e20000
45e200cd
45e2019a
45e20266
45e20333
45e20400
45e204cd
45e2059a
45e20666
45e20733
45e20800
45e208cd
45e2099a
45e20a66
45e20b33
45e20c00
45e20ccd
45e20d9a
45e20e66
45e20f33
45e21000
45e210cd
45e2119a
45e21266
45e21333
45e21400
45e214cd
45e2159a
45e21666
45e21733
45e21800
45e218cd
45e2199a
45e21a66
45e21b33
45e21c00
45e21ccd
45e21d9a
45e21e66
45e21f33
45e22000
45e220cd
45e2219a
45e22266
45e22333
45e22400
45e224cd
45e2259a
45e22666
45e22733
45e22800
45e228cd
45e2299a
45e22a66
45e22b33
45e22c00
45e22ccd
45e22d9a
45e22e66
45e22f33
45e23000
45e230cd
45e2319a
45e23266
45e23333
45e23400
45e234cd
45e2359a
45e23666
45e23733
45e23800
45e238cd
45e2399a
45e23a66
45e23b33
45e23c00
45e23ccd
45e23d9a
45e23e66
45e23f33
45e24000
45e240cd
45e2419a
45e24266
45e24333
45e24400
45e244cd
45e2459a
45e24666
45e24733
45e24800
45e248cd
45e2499a
45e24a66
45e24b33
45e24c00
45e24ccd
45e24d9a
45e24e66
45e24f33
45e25000
45e250cd
45e2519a
45e25266
45e25333
45e25400
45e254cd
45e2559a
45e25666
45e25733
45e25800
45e258cd
45e2599a
45e25a66
45e25b33
45e25c00
45e25ccd
45e25d9a
45e25e66
45e25f33
45e26000
45e260cd
45e2619a
45e26266
45e26333
45e26400
45e264cd
45e2659a
45e26666
45e26733
45e26800
45e268cd
45e2699a
45e26a66
45e26b33
45e26c00
45e26ccd
45e26d9a
45e26e66
45e26f33
45e27000
45e270cd
45e2719a
45e27266
45e27333
45e27400
45e274cd
45e2759a
45e27666
45e27733
45e27800
45e278cd
45e2799a
45e27a66
45e27b33
45e27c00
45e27ccd
45e27d9a
45e27e66
45e27f33
45e28000
45e280cd
45e2819a
45e28266
45e28333
45e28400
45e284cd
45e2859a
45e28666
45e28733
45e28800
45e288cd
45e2899a
45e28a66
45e28b33
45e28c00
45e28ccd
45e28d9a
45e28e66
45e28f33
45e29000
45e290cd
45e2919a
45e29266
45e29333
45e29400
45e294cd
45e2959a
45e29666
45e29733
45e29800
45e298cd
45e2999a
45e29a66
45e29b33
45e29c00
45e29ccd
45e29d9a
45e29e66
45e29f33
45e2a000
45e2a0cd
45e2a19a
45e2a266
45e2a333
45e2a400
45e2a4cd
45e2a59a
45e2a666
45e2a733
45e2a800
45e2a8cd
45e2a99a
45e2aa66
45e2ab33
45e2ac00
45e2accd
45e2ad9a
45e2ae66
45e2af33
45e2b000
45e2b0cd
45e2b19a
45e2b266
45e2b333
45e2b400
45e2b4cd
45e2b59a
45e2b666
45e2b733
45e2b800
45e2b8cd
45e2b99a
45e2ba66
45e2bb33
45e2bc00
45e2bccd
45e2bd9a
45e2be66
45e2bf33
45e2c000
45e2c0cd
45e2c19a
45e2c266
45e2c333
45e2c400
45e2c4cd
45e2c59a
45e2c666
45e2c733
45e2c800
45e2c8cd
45e2c99a
45e2ca66
45e2cb33
45e2cc00
45e2cccd
45e2cd9a
45e2ce66
45e2cf33
45e2d000
45e2d0cd
45e2d19a
45e2d266
45e2d333
45e2d400
45e2d4cd
45e2d59a
45e2d666
45e2d733
45e2d800
45e2d8cd
45e2d99a
45e2da66
45e2db33
45e2dc00
45e2dccd
45e2dd9a
45e2de66
45e2df33
45e2e000
45e2e0cd
45e2e19a
45e2e266
45e2e333
45e2e400
45e2e4cd
45e2e59a
45e2e666
45e2e733
45e2e800
45e2e8cd
45e2e99a
45e2ea66
45e2eb33
45e2ec00
45e2eccd
45e2ed9a
45e2ee66
45e2ef33
45e2f000
45e2f0cd
45e2f19a
45e2f266
45e2f333
45e2f400
45e2f4cd
45e2f59a
45e2f666
45e2f733
45e2f800
45e2f8cd
45e2f99a
45e2fa66
45e2fb33
45e2fc00
45e2fccd
45e2fd9a
45e2fe66
45e2ff33
45e30000
45e300cd
45e3019a
45e30266
45e30333
45e30400
45e304cd
45e3059a
45e30666
45e30733
45e30800
45e308cd
45e3099a
45e30a66
45e30b33
45e30c00
45e30ccd
45e30d9a
45e30e66
45e30f33
45e31000
45e310cd
45e3119a
45e31266
45e31333
45e31400
45e314cd
45e3159a
45e31666
45e31733
45e31800
45e318cd
45e3199a
45e31a66
45e31b33
45e31c00
45e31ccd
45e31d9a
45e31e66
45e31f33
45e32000
45e320cd
45e3219a
45e32266
45e32333
45e32400
45e324cd
45e3259a
45e32666
45e32733
45e32800
45e328cd
45e3299a
45e32a66
45e32b33
45e32c00
45e32ccd
45e32d9a
45e32e66
45e32f33
45e33000
45e330cd
45e3319a
45e33266
45e33333
45e33400
45e334cd
45e3359a
45e33666
45e33733
45e33800
45e338cd
45e3399a
45e33a66
45e33b33
45e33c00
45e33ccd
45e33d9a
45e33e66
45e33f33
45e34000
45e340cd
45e3419a
45e34266
45e34333
45e34400
45e344cd
45e3459a
45e34666
45e34733
45e34800
45e348cd
45e3499a
45e34a66
45e34b33
45e34c00
45e34ccd
45e34d9a
45e34e66
45e34f33
45e35000
45e350cd
45e3519a
45e35266
45e35333
45e35400
45e354cd
45e3559a
45e35666
45e35733
45e35800
45e358cd
45e3599a
45e35a66
45e35b33
45e35c00
45e35ccd
45e35d9a
45e35e66
45e35f33
45e36000
45e360cd
45e3619a
45e36266
45e36333
45e36400
45e364cd
45e3659a
45e36666
45e36733
45e36800
45e368cd
45e3699a
45e36a66
45e36b33
45e36c00
45e36ccd
45e36d9a
45e36e66
45e36f33
45e37000
45e370cd
45e3719a
45e37266
45e37333
45e37400
45e374cd
45e3759a
45e37666
45e37733
45e37800
45e378cd
45e3799a
45e37a66
45e37b33
45e37c00
45e37ccd
45e37d9a
45e37e66
45e37f33
45e38000
45e380cd
45e3819a
45e38266
45e38333
45e38400
45e384cd
45e3859a
45e38666
45e38733
45e38800
45e388cd
45e3899a
45e38a66
45e38b33
45e38c00
45e38ccd
45e38d9a
45e38e66
45e38f33
45e39000
45e390cd
45e3919a
45e39266
45e39333
45e39400
45e394cd
45e3959a
45e39666
45e39733
45e39800
45e398cd
45e3999a
45e39a66
45e39b33
45e39c00
45e39ccd
45e39d9a
45e39e66
45e39f33
45e3a000
45e3a0cd
45e3a19a
45e3a266
45e3a333
45e3a400
45e3a4cd
45e3a59a
45e3a666
45e3a733
45e3a800
45e3a8cd
45e3a99a
45e3aa66
45e3ab33
45e3ac00
45e3accd
45e3ad9a
45e3ae66
45e3af33
45e3b000
45e3b0cd
45e3b19a
45e3b266
45e3b333
45e3b400
45e3b4cd
45e3b59a
45e3b666
45e3b733
45e3b800
45e3b8cd
45e3b99a
45e3ba66
45e3bb33
45e3bc00
45e3bccd
45e3bd9a
45e3be66
45e3bf33
45e3c000
45e3c0cd
45e3c19a
45e3c266
45e3c333
45e3c400
45e3c4cd
45e3c59a
45e3c666
45e3c733
45e3c800
45e3c8cd
45e3c99a
45e3ca66
45e3cb33
45e3cc00
45e3cccd
45e3cd9a
45e3ce66
45e3cf33
45e3d000
45e3d0cd
45e3d19a
45e3d266
45e3d333
45e3d400
45e3d4cd
45e3d59a
45e3d666
45e3d733
45e3d800
45e3d8cd
45e3d99a
45e3da66
45e3db33
45e3dc00
45e3dccd
45e3dd9a
45e3de66
45e3df33
45e3e000
45e3e0cd
45e3e19a
45e3e266
45e3e333
45e3e400
45e3e4cd
45e3e59a
45e3e666
45e3e733
45e3e800
45e3e8cd
45e3e99a
45e3ea66
45e3eb33
45e3ec00
45e3eccd
45e3ed9a
45e3ee66
45e3ef33
45e3f000
45e3f0cd
45e3f19a
45e3f266
45e3f333
45e3f400
45e3f4cd
45e3f59a
45e3f666
45e3f733
45e3f800
45e3f8cd
45e3f99a
45e3fa66
45e3fb33
45e3fc00
45e3fccd
45e3fd9a
45e3fe66
45e3ff33
45e40000
45e400cd
45e4019a
45e40266
45e40333
45e40400
45e404cd
45e4059a
45e40666
45e40733
45e40800
45e408cd
45e4099a
45e40a66
45e40b33
45e40c00
45e40ccd
45e40d9a
45e40e66
45e40f33
45e41000
45e410cd
45e4119a
45e41266
45e41333
45e41400
45e414cd
45e4159a
45e41666
45e41733
45e41800
45e418cd
45e4199a
45e41a66
45e41b33
45e41c00
45e41ccd
45e41d9a
45e41e66
45e41f33
45e42000
45e420cd
45e4219a
45e42266
45e42333
45e42400
45e424cd
45e4259a
45e42666
45e42733
45e42800
45e428cd
45e4299a
45e42a66
45e42b33
45e42c00
45e42ccd
45e42d9a
45e42e66
45e42f33
45e43000
45e430cd
45e4319a
45e43266
45e43333
45e43400
45e434cd
45e4359a
45e43666
45e43733
45e43800
45e438cd
45e4399a
45e43a66
45e43b33
45e43c00
45e43ccd
45e43d9a
45e43e66
45e43f33
45e44000
45e440cd
45e4419a
45e44266
45e44333
45e44400
45e444cd
45e4459a
45e44666
45e44733
45e44800
45e448cd
45e4499a
45e44a66
45e44b33
45e44c00
45e44ccd
45e44d9a
45e44e66
45e44f33
45e45000
45e450cd
45e4519a
45e45266
45e45333
45e45400
45e454cd
45e4559a
45e45666
45e45733
45e45800
45e458cd
45e4599a
45e45a66
45e45b33
45e45c00
45e45ccd
45e45d9a
45e45e66
45e45f33
45e46000
45e460cd
45e4619a
45e46266
45e46333
45e46400
45e464cd
45e4659a
45e46666
45e46733
45e46800
45e468cd
45e4699a
45e46a66
45e46b33
45e46c00
45e46ccd
45e46d9a
45e46e66
45e46f33
45e47000
45e470cd
45e4719a
45e47266
45e47333
45e47400
45e474cd
45e4759a
45e47666
45e47733
45e47800
45e478cd
45e4799a
45e47a66
45e47b33
45e47c00
45e47ccd
45e47d9a
45e47e66
45e47f33
45e48000
45e480cd
45e4819a
45e48266
45e48333
45e48400
45e484cd
45e4859a
45e48666
45e48733
45e48800
45e488cd
45e4899a
45e48a66
45e48b33
45e48c00
45e48ccd
45e48d9a
45e48e66
45e48f33
45e49000
45e490cd
45e4919a
45e49266
45e49333
45e49400
45e494cd
45e4959a
45e49666
45e49733
45e49800
45e498cd
45e4999a
45e49a66
45e49b33
45e49c00
45e49ccd
45e49d9a
45e49e66
45e49f33
45e4a000
45e4a0cd
45e4a19a
45e4a266
45e4a333
45e4a400
45e4a4cd
45e4a59a
45e4a666
45e4a733
45e4a800
45e4a8cd
45e4a99a
45e4aa66
45e4ab33
45e4ac00
45e4accd
45e4ad9a
45e4ae66
45e4af33
45e4b000
45e4b0cd
45e4b19a
45e4b266
45e4b333
45e4b400
45e4b4cd
45e4b59a
45e4b666
45e4b733
45e4b800
45e4b8cd
45e4b99a
45e4ba66
45e4bb33
45e4bc00
45e4bccd
45e4bd9a
45e4be66
45e4bf33
45e4c000
45e4c0cd
45e4c19a
45e4c266
45e4c333
45e4c400
45e4c4cd
45e4c59a
45e4c666
45e4c733
45e4c800
45e4c8cd
45e4c99a
45e4ca66
45e4cb33
45e4cc00
45e4cccd
45e4cd9a
45e4ce66
45e4cf33
45e4d000
45e4d0cd
45e4d19a
45e4d266
45e4d333
45e4d400
45e4d4cd
45e4d59a
45e4d666
45e4d733
45e4d800
45e4d8cd
45e4d99a
45e4da66
45e4db33
45e4dc00
45e4dccd
45e4dd9a
45e4de66
45e4df33
45e4e000
45e4e0cd
45e4e19a
45e4e266
45e4e333
45e4e400
45e4e4cd
45e4e59a
45e4e666
45e4e733
45e4e800
45e4e8cd
45e4e99a
45e4ea66
45e4eb33
45e4ec00
45e4eccd
45e4ed9a
45e4ee66
45e4ef33
45e4f000
45e4f0cd
45e4f19a
45e4f266
45e4f333
45e4f400
45e4f4cd
45e4f59a
45e4f666
45e4f733
45e4f800
45e4f8cd
45e4f99a
45e4fa66
45e4fb33
45e4fc00
45e4fccd
45e4fd9a
45e4fe66
45e4ff33
45e50000
45e500cd
45e5019a
45e50266
45e50333
45e50400
45e504cd
45e5059a
45e50666
45e50733
45e50800
45e508cd
45e5099a
45e50a66
45e50b33
45e50c00
45e50ccd
45e50d9a
45e50e66
45e50f33
45e51000
45e510cd
45e5119a
45e51266
45e51333
45e51400
45e514cd
45e5159a
45e51666
45e51733
45e51800
45e518cd
45e5199a
45e51a66
45e51b33
45e51c00
45e51ccd
45e51d9a
45e51e66
45e51f33
45e52000
45e520cd
45e5219a
45e52266
45e52333
45e52400
45e524cd
45e5259a
45e52666
45e52733
45e52800
45e528cd
45e5299a
45e52a66
45e52b33
45e52c00
45e52ccd
45e52d9a
45e52e66
45e52f33
45e53000
45e530cd
45e5319a
45e53266
45e53333
45e53400
45e534cd
45e5359a
45e53666
45e53733
45e53800
45e538cd
45e5399a
45e53a66
45e53b33
45e53c00
45e53ccd
45e53d9a
45e53e66
45e53f33
45e54000
45e540cd
45e5419a
45e54266
45e54333
45e54400
45e544cd
45e5459a
45e54666
45e54733
45e54800
45e548cd
45e5499a
45e54a66
45e54b33
45e54c00
45e54ccd
45e54d9a
45e54e66
45e54f33
45e55000
45e550cd
45e5519a
45e55266
45e55333
45e55400
45e554cd
45e5559a
45e55666
45e55733
45e55800
45e558cd
45e5599a
45e55a66
45e55b33
45e55c00
45e55ccd
45e55d9a
45e55e66
45e55f33
45e56000
45e560cd
45e5619a
45e56266
45e56333
45e56400
45e564cd
45e5659a
45e56666
45e56733
45e56800
45e568cd
45e5699a
45e56a66
45e56b33
45e56c00
45e56ccd
45e56d9a
45e56e66
45e56f33
45e57000
45e570cd
45e5719a
45e57266
45e57333
45e57400
45e574cd
45e5759a
45e57666
45e57733
45e57800
45e578cd
45e5799a
45e57a66
45e57b33
45e57c00
45e57ccd
45e57d9a
45e57e66
45e57f33
45e58000
45e580cd
45e5819a
45e58266
45e58333
45e58400
45e584cd
45e5859a
45e58666
45e58733
45e58800
45e588cd
45e5899a
45e58a66
45e58b33
45e58c00
45e58ccd
45e58d9a
45e58e66
45e58f33
45e59000
45e590cd
45e5919a
45e59266
45e59333
45e59400
45e594cd
45e5959a
45e59666
45e59733
45e59800
45e598cd
45e5999a
45e59a66
45e59b33
45e59c00
45e59ccd
45e59d9a
45e59e66
45e59f33
45e5a000
45e5a0cd
45e5a19a
45e5a266
45e5a333
45e5a400
45e5a4cd
45e5a59a
45e5a666
45e5a733
45e5a800
45e5a8cd
45e5a99a
45e5aa66
45e5ab33
45e5ac00
45e5accd
45e5ad9a
45e5ae66
45e5af33
45e5b000
45e5b0cd
45e5b19a
45e5b266
45e5b333
45e5b400
45e5b4cd
45e5b59a
45e5b666
45e5b733
45e5b800
45e5b8cd
45e5b99a
45e5ba66
45e5bb33
45e5bc00
45e5bccd
45e5bd9a
45e5be66
45e5bf33
45e5c000
45e5c0cd
45e5c19a
45e5c266
45e5c333
45e5c400
45e5c4cd
45e5c59a
45e5c666
45e5c733
45e5c800
45e5c8cd
45e5c99a
45e5ca66
45e5cb33
45e5cc00
45e5cccd
45e5cd9a
45e5ce66
45e5cf33
45e5d000
45e5d0cd
45e5d19a
45e5d266
45e5d333
45e5d400
45e5d4cd
45e5d59a
45e5d666
45e5d733
45e5d800
45e5d8cd
45e5d99a
45e5da66
45e5db33
45e5dc00
45e5dccd
45e5dd9a
45e5de66
45e5df33
45e5e000
45e5e0cd
45e5e19a
45e5e266
45e5e333
45e5e400
45e5e4cd
45e5e59a
45e5e666
45e5e733
45e5e800
45e5e8cd
45e5e99a
45e5ea66
45e5eb33
45e5ec00
45e5eccd
45e5ed9a
45e5ee66
45e5ef33
45e5f000
45e5f0cd
45e5f19a
45e5f266
45e5f333
45e5f400
45e5f4cd
45e5f59a
45e5f666
45e5f733
45e5f800
45e5f8cd
45e5f99a
45e5fa66
45e5fb33
45e5fc00
45e5fccd
45e5fd9a
45e5fe66
45e5ff33
45e60000
45e600cd
45e6019a
45e60266
45e60333
45e60400
45e604cd
45e6059a
45e60666
45e60733
45e60800
45e608cd
45e6099a
45e60a66
45e60b33
45e60c00
45e60ccd
45e60d9a
45e60e66
45e60f33
45e61000
45e610cd
45e6119a
45e61266
45e61333
45e61400
45e614cd
45e6159a
45e61666
45e61733
45e61800
45e618cd
45e6199a
45e61a66
45e61b33
45e61c00
45e61ccd
45e61d9a
45e61e66
45e61f33
45e62000
45e620cd
45e6219a
45e62266
45e62333
45e62400
45e624cd
45e6259a
45e62666
45e62733
45e62800
45e628cd
45e6299a
45e62a66
45e62b33
45e62c00
45e62ccd
45e62d9a
45e62e66
45e62f33
45e63000
45e630cd
45e6319a
45e63266
45e63333
45e63400
45e634cd
45e6359a
45e63666
45e63733
45e63800
45e638cd
45e6399a
45e63a66
45e63b33
45e63c00
45e63ccd
45e63d9a
45e63e66
45e63f33
45e64000
45e640cd
45e6419a
45e64266
45e64333
45e64400
45e644cd
45e6459a
45e64666
45e64733
45e64800
45e648cd
45e6499a
45e64a66
45e64b33
45e64c00
45e64ccd
45e64d9a
45e64e66
45e64f33
45e65000
45e650cd
45e6519a
45e65266
45e65333
45e65400
45e654cd
45e6559a
45e65666
45e65733
45e65800
45e658cd
45e6599a
45e65a66
45e65b33
45e65c00
45e65ccd
45e65d9a
45e65e66
45e65f33
45e66000
45e660cd
45e6619a
45e66266
45e66333
45e66400
45e664cd
45e6659a
45e66666
45e66733
45e66800
45e668cd
45e6699a
45e66a66
45e66b33
45e66c00
45e66ccd
45e66d9a
45e66e66
45e66f33
45e67000
45e670cd
45e6719a
45e67266
45e67333
45e67400
45e674cd
45e6759a
45e67666
45e67733
45e67800
45e678cd
45e6799a
45e67a66
45e67b33
45e67c00
45e67ccd
45e67d9a
45e67e66
45e67f33
45e68000
45e680cd
45e6819a
45e68266
45e68333
45e68400
45e684cd
45e6859a
45e68666
45e68733
45e68800
45e688cd
45e6899a
45e68a66
45e68b33
45e68c00
45e68ccd
45e68d9a
45e68e66
45e68f33
45e69000
45e690cd
45e6919a
45e69266
45e69333
45e69400
45e694cd
45e6959a
45e69666
45e69733
45e69800
45e698cd
45e6999a
45e69a66
45e69b33
45e69c00
45e69ccd
45e69d9a
45e69e66
45e69f33
45e6a000
45e6a0cd
45e6a19a
45e6a266
45e6a333
45e6a400
45e6a4cd
45e6a59a
45e6a666
45e6a733
45e6a800
45e6a8cd
45e6a99a
45e6aa66
45e6ab33
45e6ac00
45e6accd
45e6ad9a
45e6ae66
45e6af33
45e6b000
45e6b0cd
45e6b19a
45e6b266
45e6b333
45e6b400
45e6b4cd
45e6b59a
45e6b666
45e6b733
45e6b800
45e6b8cd
45e6b99a
45e6ba66
45e6bb33
45e6bc00
45e6bccd
45e6bd9a
45e6be66
45e6bf33
45e6c000
45e6c0cd
45e6c19a
45e6c266
45e6c333
45e6c400
45e6c4cd
45e6c59a
45e6c666
45e6c733
45e6c800
45e6c8cd
45e6c99a
45e6ca66
45e6cb33
45e6cc00
45e6cccd
45e6cd9a
45e6ce66
45e6cf33
45e6d000
45e6d0cd
45e6d19a
45e6d266
45e6d333
45e6d400
45e6d4cd
45e6d59a
45e6d666
45e6d733
45e6d800
45e6d8cd
45e6d99a
45e6da66
45e6db33
45e6dc00
45e6dccd
45e6dd9a
45e6de66
45e6df33
45e6e000
45e6e0cd
45e6e19a
45e6e266
45e6e333
45e6e400
45e6e4cd
45e6e59a
45e6e666
45e6e733
45e6e800
45e6e8cd
45e6e99a
45e6ea66
45e6eb33
45e6ec00
45e6eccd
45e6ed9a
45e6ee66
45e6ef33
45e6f000
45e6f0cd
45e6f19a
45e6f266
45e6f333
45e6f400
45e6f4cd
45e6f59a
45e6f666
45e6f733
45e6f800
45e6f8cd
45e6f99a
45e6fa66
45e6fb33
45e6fc00
45e6fccd
45e6fd9a
45e6fe66
45e6ff33
45e70000
45e700cd
45e7019a
45e70266
45e70333
45e70400
45e704cd
45e7059a
45e70666
45e70733
45e70800
45e708cd
45e7099a
45e70a66
45e70b33
45e70c00
45e70ccd
45e70d9a
45e70e66
45e70f33
45e71000
45e710cd
45e7119a
45e71266
45e71333
45e71400
45e714cd
45e7159a
45e71666
45e71733
45e71800
45e718cd
45e7199a
45e71a66
45e71b33
45e71c00
45e71ccd
45e71d9a
45e71e66
45e71f33
45e72000
45e720cd
45e7219a
45e72266
45e72333
45e72400
45e724cd
45e7259a
45e72666
45e72733
45e72800
45e728cd
45e7299a
45e72a66
45e72b33
45e72c00
45e72ccd
45e72d9a
45e72e66
45e72f33
45e73000
45e730cd
45e7319a
45e73266
45e73333
45e73400
45e734cd
45e7359a
45e73666
45e73733
45e73800
45e738cd
45e7399a
45e73a66
45e73b33
45e73c00
45e73ccd
45e73d9a
45e73e66
45e73f33
45e74000
45e740cd
45e7419a
45e74266
45e74333
45e74400
45e744cd
45e7459a
45e74666
45e74733
45e74800
45e748cd
45e7499a
45e74a66
45e74b33
45e74c00
45e74ccd
45e74d9a
45e74e66
45e74f33
45e75000
45e750cd
45e7519a
45e75266
45e75333
45e75400
45e754cd
45e7559a
45e75666
45e75733
45e75800
45e758cd
45e7599a
45e75a66
45e75b33
45e75c00
45e75ccd
45e75d9a
45e75e66
45e75f33
45e76000
45e760cd
45e7619a
45e76266
45e76333
45e76400
45e764cd
45e7659a
45e76666
45e76733
45e76800
45e768cd
45e7699a
45e76a66
45e76b33
45e76c00
45e76ccd
45e76d9a
45e76e66
45e76f33
45e77000
45e770cd
45e7719a
45e77266
45e77333
45e77400
45e774cd
45e7759a
45e77666
45e77733
45e77800
45e778cd
45e7799a
45e77a66
45e77b33
45e77c00
45e77ccd
45e77d9a
45e77e66
45e77f33
45e78000
45e780cd
45e7819a
45e78266
45e78333
45e78400
45e784cd
45e7859a
45e78666
45e78733
45e78800
45e788cd
45e7899a
45e78a66
45e78b33
45e78c00
45e78ccd
45e78d9a
45e78e66
45e78f33
45e79000
45e790cd
45e7919a
45e79266
45e79333
45e79400
45e794cd
45e7959a
45e79666
45e79733
45e79800
45e798cd
45e7999a
45e79a66
45e79b33
45e79c00
45e79ccd
45e79d9a
45e79e66
45e79f33
45e7a000
45e7a0cd
45e7a19a
45e7a266
45e7a333
45e7a400
45e7a4cd
45e7a59a
45e7a666
45e7a733
45e7a800
45e7a8cd
45e7a99a
45e7aa66
45e7ab33
45e7ac00
45e7accd
45e7ad9a
45e7ae66
45e7af33
45e7b000
45e7b0cd
45e7b19a
45e7b266
45e7b333
45e7b400
45e7b4cd
45e7b59a
45e7b666
45e7b733
45e7b800
45e7b8cd
45e7b99a
45e7ba66
45e7bb33
45e7bc00
45e7bccd
45e7bd9a
45e7be66
45e7bf33
45e7c000
45e7c0cd
45e7c19a
45e7c266
45e7c333
45e7c400
45e7c4cd
45e7c59a
45e7c666
45e7c733
45e7c800
45e7c8cd
45e7c99a
45e7ca66
45e7cb33
45e7cc00
45e7cccd
45e7cd9a
45e7ce66
45e7cf33
45e7d000
45e7d0cd
45e7d19a
45e7d266
45e7d333
45e7d400
45e7d4cd
45e7d59a
45e7d666
45e7d733
45e7d800
45e7d8cd
45e7d99a
45e7da66
45e7db33
45e7dc00
45e7dccd
45e7dd9a
45e7de66
45e7df33
45e7e000
45e7e0cd
45e7e19a
45e7e266
45e7e333
45e7e400
45e7e4cd
45e7e59a
45e7e666
45e7e733
45e7e800
45e7e8cd
45e7e99a
45e7ea66
45e7eb33
45e7ec00
45e7eccd
45e7ed9a
45e7ee66
45e7ef33
45e7f000
45e7f0cd
45e7f19a
45e7f266
45e7f333
45e7f400
45e7f4cd
45e7f59a
45e7f666
45e7f733
45e7f800
45e7f8cd
45e7f99a
45e7fa66
45e7fb33
45e7fc00
45e7fccd
45e7fd9a
45e7fe66
45e7ff33
45e80000
45e800cd
45e8019a
45e80266
45e80333
45e80400
45e804cd
45e8059a
45e80666
45e80733
45e80800
45e808cd
45e8099a
45e80a66
45e80b33
45e80c00
45e80ccd
45e80d9a
45e80e66
45e80f33
45e81000
45e810cd
45e8119a
45e81266
45e81333
45e81400
45e814cd
45e8159a
45e81666
45e81733
45e81800
45e818cd
45e8199a
45e81a66
45e81b33
45e81c00
45e81ccd
45e81d9a
45e81e66
45e81f33
45e82000
45e820cd
45e8219a
45e82266
45e82333
45e82400
45e824cd
45e8259a
45e82666
45e82733
45e82800
45e828cd
45e8299a
45e82a66
45e82b33
45e82c00
45e82ccd
45e82d9a
45e82e66
45e82f33
45e83000
45e830cd
45e8319a
45e83266
45e83333
45e83400
45e834cd
45e8359a
45e83666
45e83733
45e83800
45e838cd
45e8399a
45e83a66
45e83b33
45e83c00
45e83ccd
45e83d9a
45e83e66
45e83f33
45e84000
45e840cd
45e8419a
45e84266
45e84333
45e84400
45e844cd
45e8459a
45e84666
45e84733
45e84800
45e848cd
45e8499a
45e84a66
45e84b33
45e84c00
45e84ccd
45e84d9a
45e84e66
45e84f33
45e85000
45e850cd
45e8519a
45e85266
45e85333
45e85400
45e854cd
45e8559a
45e85666
45e85733
45e85800
45e858cd
45e8599a
45e85a66
45e85b33
45e85c00
45e85ccd
45e85d9a
45e85e66
45e85f33
45e86000
45e860cd
45e8619a
45e86266
45e86333
45e86400
45e864cd
45e8659a
45e86666
45e86733
45e86800
45e868cd
45e8699a
45e86a66
45e86b33
45e86c00
45e86ccd
45e86d9a
45e86e66
45e86f33
45e87000
45e870cd
45e8719a
45e87266
45e87333
45e87400
45e874cd
45e8759a
45e87666
45e87733
45e87800
45e878cd
45e8799a
45e87a66
45e87b33
45e87c00
45e87ccd
45e87d9a
45e87e66
45e87f33
45e88000
45e880cd
45e8819a
45e88266
45e88333
45e88400
45e884cd
45e8859a
45e88666
45e88733
45e88800
45e888cd
45e8899a
45e88a66
45e88b33
45e88c00
45e88ccd
45e88d9a
45e88e66
45e88f33
45e89000
45e890cd
45e8919a
45e89266
45e89333
45e89400
45e894cd
45e8959a
45e89666
45e89733
45e89800
45e898cd
45e8999a
45e89a66
45e89b33
45e89c00
45e89ccd
45e89d9a
45e89e66
45e89f33
45e8a000
45e8a0cd
45e8a19a
45e8a266
45e8a333
45e8a400
45e8a4cd
45e8a59a
45e8a666
45e8a733
45e8a800
45e8a8cd
45e8a99a
45e8aa66
45e8ab33
45e8ac00
45e8accd
45e8ad9a
45e8ae66
45e8af33
45e8b000
45e8b0cd
45e8b19a
45e8b266
45e8b333
45e8b400
45e8b4cd
45e8b59a
45e8b666
45e8b733
45e8b800
45e8b8cd
45e8b99a
45e8ba66
45e8bb33
45e8bc00
45e8bccd
45e8bd9a
45e8be66
45e8bf33
45e8c000
45e8c0cd
45e8c19a
45e8c266
45e8c333
45e8c400
45e8c4cd
45e8c59a
45e8c666
45e8c733
45e8c800
45e8c8cd
45e8c99a
45e8ca66
45e8cb33
45e8cc00
45e8cccd
45e8cd9a
45e8ce66
45e8cf33
45e8d000
45e8d0cd
45e8d19a
45e8d266
45e8d333
45e8d400
45e8d4cd
45e8d59a
45e8d666
45e8d733
45e8d800
45e8d8cd
45e8d99a
45e8da66
45e8db33
45e8dc00
45e8dccd
45e8dd9a
45e8de66
45e8df33
45e8e000
45e8e0cd
45e8e19a
45e8e266
45e8e333
45e8e400
45e8e4cd
45e8e59a
45e8e666
45e8e733
45e8e800
45e8e8cd
45e8e99a
45e8ea66
45e8eb33
45e8ec00
45e8eccd
45e8ed9a
45e8ee66
45e8ef33
45e8f000
45e8f0cd
45e8f19a
45e8f266
45e8f333
45e8f400
45e8f4cd
45e8f59a
45e8f666
45e8f733
45e8f800
45e8f8cd
45e8f99a
45e8fa66
45e8fb33
45e8fc00
45e8fccd
45e8fd9a
45e8fe66
45e8ff33
45e90000
45e900cd
45e9019a
45e90266
45e90333
45e90400
45e904cd
45e9059a
45e90666
45e90733
45e90800
45e908cd
45e9099a
45e90a66
45e90b33
45e90c00
45e90ccd
45e90d9a
45e90e66
45e90f33
45e91000
45e910cd
45e9119a
45e91266
45e91333
45e91400
45e914cd
45e9159a
45e91666
45e91733
45e91800
45e918cd
45e9199a
45e91a66
45e91b33
45e91c00
45e91ccd
45e91d9a
45e91e66
45e91f33
45e92000
45e920cd
45e9219a
45e92266
45e92333
45e92400
45e924cd
45e9259a
45e92666
45e92733
45e92800
45e928cd
45e9299a
45e92a66
45e92b33
45e92c00
45e92ccd
45e92d9a
45e92e66
45e92f33
45e93000
45e930cd
45e9319a
45e93266
45e93333
45e93400
45e934cd
45e9359a
45e93666
45e93733
45e93800
45e938cd
45e9399a
45e93a66
45e93b33
45e93c00
45e93ccd
45e93d9a
45e93e66
45e93f33
45e94000
45e940cd
45e9419a
45e94266
45e94333
45e94400
45e944cd
45e9459a
45e94666
45e94733
45e94800
45e948cd
45e9499a
45e94a66
45e94b33
45e94c00
45e94ccd
45e94d9a
45e94e66
45e94f33
45e95000
45e950cd
45e9519a
45e95266
45e95333
45e95400
45e954cd
45e9559a
45e95666
45e95733
45e95800
45e958cd
45e9599a
45e95a66
45e95b33
45e95c00
45e95ccd
45e95d9a
45e95e66
45e95f33
45e96000
45e960cd
45e9619a
45e96266
45e96333
45e96400
45e964cd
45e9659a
45e96666
45e96733
45e96800
45e968cd
45e9699a
45e96a66
45e96b33
45e96c00
45e96ccd
45e96d9a
45e96e66
45e96f33
45e97000
45e970cd
45e9719a
45e97266
45e97333
45e97400
45e974cd
45e9759a
45e97666
45e97733
45e97800
45e978cd
45e9799a
45e97a66
45e97b33
45e97c00
45e97ccd
45e97d9a
45e97e66
45e97f33
45e98000
45e980cd
45e9819a
45e98266
45e98333
45e98400
45e984cd
45e9859a
45e98666
45e98733
45e98800
45e988cd
45e9899a
45e98a66
45e98b33
45e98c00
45e98ccd
45e98d9a
45e98e66
45e98f33
45e99000
45e990cd
45e9919a
45e99266
45e99333
45e99400
45e994cd
45e9959a
45e99666
45e99733
45e99800
45e998cd
45e9999a
45e99a66
45e99b33
45e99c00
45e99ccd
45e99d9a
45e99e66
45e99f33
45e9a000
45e9a0cd
45e9a19a
45e9a266
45e9a333
45e9a400
45e9a4cd
45e9a59a
45e9a666
45e9a733
45e9a800
45e9a8cd
45e9a99a
45e9aa66
45e9ab33
45e9ac00
45e9accd
45e9ad9a
45e9ae66
45e9af33
45e9b000
45e9b0cd
45e9b19a
45e9b266
45e9b333
45e9b400
45e9b4cd
45e9b59a
45e9b666
45e9b733
45e9b800
45e9b8cd
45e9b99a
45e9ba66
45e9bb33
45e9bc00
45e9bccd
45e9bd9a
45e9be66
45e9bf33
45e9c000
45e9c0cd
45e9c19a
45e9c266
45e9c333
45e9c400
45e9c4cd
45e9c59a
45e9c666
45e9c733
45e9c800
45e9c8cd
45e9c99a
45e9ca66
45e9cb33
45e9cc00
45e9cccd
45e9cd9a
45e9ce66
45e9cf33
45e9d000
45e9d0cd
45e9d19a
45e9d266
45e9d333
45e9d400
45e9d4cd
45e9d59a
45e9d666
45e9d733
45e9d800
45e9d8cd
45e9d99a
45e9da66
45e9db33
45e9dc00
45e9dccd
45e9dd9a
45e9de66
45e9df33
45e9e000
45e9e0cd
45e9e19a
45e9e266
45e9e333
45e9e400
45e9e4cd
45e9e59a
45e9e666
45e9e733
45e9e800
45e9e8cd
45e9e99a
45e9ea66
45e9eb33
45e9ec00
45e9eccd
45e9ed9a
45e9ee66
45e9ef33
45e9f000
45e9f0cd
45e9f19a
45e9f266
45e9f333
45e9f400
45e9f4cd
45e9f59a
45e9f666
45e9f733
45e9f800
45e9f8cd
45e9f99a
45e9fa66
45e9fb33
45e9fc00
45e9fccd
45e9fd9a
45e9fe66
45e9ff33
45ea0000
45ea00cd
45ea019a
45ea0266
45ea0333
45ea0400
45ea04cd
45ea059a
45ea0666
45ea0733
45ea0800
45ea08cd
45ea099a
45ea0a66
45ea0b33
45ea0c00
45ea0ccd
45ea0d9a
45ea0e66
45ea0f33
45ea1000
45ea10cd
45ea119a
45ea1266
45ea1333
45ea1400
45ea14cd
45ea159a
45ea1666
45ea1733
45ea1800
45ea18cd
45ea199a
45ea1a66
45ea1b33
45ea1c00
45ea1ccd
45ea1d9a
45ea1e66
45ea1f33
45ea2000
45ea20cd
45ea219a
45ea2266
45ea2333
45ea2400
45ea24cd
45ea259a
45ea2666
45ea2733
45ea2800
45ea28cd
45ea299a
45ea2a66
45ea2b33
45ea2c00
45ea2ccd
45ea2d9a
45ea2e66
45ea2f33
45ea3000
45ea30cd
45ea319a
45ea3266
45ea3333
45ea3400
45ea34cd
45ea359a
45ea3666
45ea3733
45ea3800
45ea38cd
45ea399a
45ea3a66
45ea3b33
45ea3c00
45ea3ccd
45ea3d9a
45ea3e66
45ea3f33
45ea4000
45ea40cd
45ea419a
45ea4266
45ea4333
45ea4400
45ea44cd
45ea459a
45ea4666
45ea4733
45ea4800
45ea48cd
45ea499a
45ea4a66
45ea4b33
45ea4c00
45ea4ccd
45ea4d9a
45ea4e66
45ea4f33
45ea5000
45ea50cd
45ea519a
45ea5266
45ea5333
45ea5400
45ea54cd
45ea559a
45ea5666
45ea5733
45ea5800
45ea58cd
45ea599a
45ea5a66
45ea5b33
45ea5c00
45ea5ccd
45ea5d9a
45ea5e66
45ea5f33
45ea6000
45ea60cd
45ea619a
45ea6266
45ea6333
45ea6400
45ea64cd
45ea659a
45ea6666
45ea6733
45ea6800
45ea68cd
45ea699a
45ea6a66
45ea6b33
45ea6c00
45ea6ccd
45ea6d9a
45ea6e66
45ea6f33
45ea7000
45ea70cd
45ea719a
45ea7266
45ea7333
45ea7400
45ea74cd
45ea759a
45ea7666
45ea7733
45ea7800
45ea78cd
45ea799a
45ea7a66
45ea7b33
45ea7c00
45ea7ccd
45ea7d9a
45ea7e66
45ea7f33
45ea8000
45ea80cd
45ea819a
45ea8266
45ea8333
45ea8400
45ea84cd
45ea859a
45ea8666
45ea8733
45ea8800
45ea88cd
45ea899a
45ea8a66
45ea8b33
45ea8c00
45ea8ccd
45ea8d9a
45ea8e66
45ea8f33
45ea9000
45ea90cd
45ea919a
45ea9266
45ea9333
45ea9400
45ea94cd
45ea959a
45ea9666
45ea9733
45ea9800
45ea98cd
45ea999a
45ea9a66
45ea9b33
45ea9c00
45ea9ccd
45ea9d9a
45ea9e66
45ea9f33
45eaa000
45eaa0cd
45eaa19a
45eaa266
45eaa333
45eaa400
45eaa4cd
45eaa59a
45eaa666
45eaa733
45eaa800
45eaa8cd
45eaa99a
45eaaa66
45eaab33
45eaac00
45eaaccd
45eaad9a
45eaae66
45eaaf33
45eab000
45eab0cd
45eab19a
45eab266
45eab333
45eab400
45eab4cd
45eab59a
45eab666
45eab733
45eab800
45eab8cd
45eab99a
45eaba66
45eabb33
45eabc00
45eabccd
45eabd9a
45eabe66
45eabf33
45eac000
45eac0cd
45eac19a
45eac266
45eac333
45eac400
45eac4cd
45eac59a
45eac666
45eac733
45eac800
45eac8cd
45eac99a
45eaca66
45eacb33
45eacc00
45eacccd
45eacd9a
45eace66
45eacf33
45ead000
45ead0cd
45ead19a
45ead266
45ead333
45ead400
45ead4cd
45ead59a
45ead666
45ead733
45ead800
45ead8cd
45ead99a
45eada66
45eadb33
45eadc00
45eadccd
45eadd9a
45eade66
45eadf33
45eae000
45eae0cd
45eae19a
45eae266
45eae333
45eae400
45eae4cd
45eae59a
45eae666
45eae733
45eae800
45eae8cd
45eae99a
45eaea66
45eaeb33
45eaec00
45eaeccd
45eaed9a
45eaee66
45eaef33
45eaf000
45eaf0cd
45eaf19a
45eaf266
45eaf333
45eaf400
45eaf4cd
45eaf59a
45eaf666
45eaf733
45eaf800
45eaf8cd
45eaf99a
45eafa66
45eafb33
45eafc00
45eafccd
45eafd9a
45eafe66
45eaff33
45eb0000
45eb00cd
45eb019a
45eb0266
45eb0333
45eb0400
45eb04cd
45eb059a
45eb0666
45eb0733
45eb0800
45eb08cd
45eb099a
45eb0a66
45eb0b33
45eb0c00
45eb0ccd
45eb0d9a
45eb0e66
45eb0f33
45eb1000
45eb10cd
45eb119a
45eb1266
45eb1333
45eb1400
45eb14cd
45eb159a
45eb1666
45eb1733
45eb1800
45eb18cd
45eb199a
45eb1a66
45eb1b33
45eb1c00
45eb1ccd
45eb1d9a
45eb1e66
45eb1f33
45eb2000
45eb20cd
45eb219a
45eb2266
45eb2333
45eb2400
45eb24cd
45eb259a
45eb2666
45eb2733
45eb2800
45eb28cd
45eb299a
45eb2a66
45eb2b33
45eb2c00
45eb2ccd
45eb2d9a
45eb2e66
45eb2f33
45eb3000
45eb30cd
45eb319a
45eb3266
45eb3333
45eb3400
45eb34cd
45eb359a
45eb3666
45eb3733
45eb3800
45eb38cd
45eb399a
45eb3a66
45eb3b33
45eb3c00
45eb3ccd
45eb3d9a
45eb3e66
45eb3f33
45eb4000
45eb40cd
45eb419a
45eb4266
45eb4333
45eb4400
45eb44cd
45eb459a
45eb4666
45eb4733
45eb4800
45eb48cd
45eb499a
45eb4a66
45eb4b33
45eb4c00
45eb4ccd
45eb4d9a
45eb4e66
45eb4f33
45eb5000
45eb50cd
45eb519a
45eb5266
45eb5333
45eb5400
45eb54cd
45eb559a
45eb5666
45eb5733
45eb5800
45eb58cd
45eb599a
45eb5a66
45eb5b33
45eb5c00
45eb5ccd
45eb5d9a
45eb5e66
45eb5f33
45eb6000
45eb60cd
45eb619a
45eb6266
45eb6333
45eb6400
45eb64cd
45eb659a
45eb6666
45eb6733
45eb6800
45eb68cd
45eb699a
45eb6a66
45eb6b33
45eb6c00
45eb6ccd
45eb6d9a
45eb6e66
45eb6f33
45eb7000
45eb70cd
45eb719a
45eb7266
45eb7333
45eb7400
45eb74cd
45eb759a
45eb7666
45eb7733
45eb7800
45eb78cd
45eb799a
45eb7a66
45eb7b33
45eb7c00
45eb7ccd
45eb7d9a
45eb7e66
45eb7f33
45eb8000
45eb80cd
45eb819a
45eb8266
45eb8333
45eb8400
45eb84cd
45eb859a
45eb8666
45eb8733
45eb8800
45eb88cd
45eb899a
45eb8a66
45eb8b33
45eb8c00
45eb8ccd
45eb8d9a
45eb8e66
45eb8f33
45eb9000
45eb90cd
45eb919a
45eb9266
45eb9333
45eb9400
45eb94cd
45eb959a
45eb9666
45eb9733
45eb9800
45eb98cd
45eb999a
45eb9a66
45eb9b33
45eb9c00
45eb9ccd
45eb9d9a
45eb9e66
45eb9f33
45eba000
45eba0cd
45eba19a
45eba266
45eba333
45eba400
45eba4cd
45eba59a
45eba666
45eba733
45eba800
45eba8cd
45eba99a
45ebaa66
45ebab33
45ebac00
45ebaccd
45ebad9a
45ebae66
45ebaf33
45ebb000
45ebb0cd
45ebb19a
45ebb266
45ebb333
45ebb400
45ebb4cd
45ebb59a
45ebb666
45ebb733
45ebb800
45ebb8cd
45ebb99a
45ebba66
45ebbb33
45ebbc00
45ebbccd
45ebbd9a
45ebbe66
45ebbf33
45ebc000
45ebc0cd
45ebc19a
45ebc266
45ebc333
45ebc400
45ebc4cd
45ebc59a
45ebc666
45ebc733
45ebc800
45ebc8cd
45ebc99a
45ebca66
45ebcb33
45ebcc00
45ebcccd
45ebcd9a
45ebce66
45ebcf33
45ebd000
45ebd0cd
45ebd19a
45ebd266
45ebd333
45ebd400
45ebd4cd
45ebd59a
45ebd666
45ebd733
45ebd800
45ebd8cd
45ebd99a
45ebda66
45ebdb33
45ebdc00
45ebdccd
45ebdd9a
45ebde66
45ebdf33
45ebe000
45ebe0cd
45ebe19a
45ebe266
45ebe333
45ebe400
45ebe4cd
45ebe59a
45ebe666
45ebe733
45ebe800
45ebe8cd
45ebe99a
45ebea66
45ebeb33
45ebec00
45ebeccd
45ebed9a
45ebee66
45ebef33
45ebf000
45ebf0cd
45ebf19a
45ebf266
45ebf333
45ebf400
45ebf4cd
45ebf59a
45ebf666
45ebf733
45ebf800
45ebf8cd
45ebf99a
45ebfa66
45ebfb33
45ebfc00
45ebfccd
45ebfd9a
45ebfe66
45ebff33
45ec0000
45ec00cd
45ec019a
45ec0266
45ec0333
45ec0400
45ec04cd
45ec059a
45ec0666
45ec0733
45ec0800
45ec08cd
45ec099a
45ec0a66
45ec0b33
45ec0c00
45ec0ccd
45ec0d9a
45ec0e66
45ec0f33
45ec1000
45ec10cd
45ec119a
45ec1266
45ec1333
45ec1400
45ec14cd
45ec159a
45ec1666
45ec1733
45ec1800
45ec18cd
45ec199a
45ec1a66
45ec1b33
45ec1c00
45ec1ccd
45ec1d9a
45ec1e66
45ec1f33
45ec2000
45ec20cd
45ec219a
45ec2266
45ec2333
45ec2400
45ec24cd
45ec259a
45ec2666
45ec2733
45ec2800
45ec28cd
45ec299a
45ec2a66
45ec2b33
45ec2c00
45ec2ccd
45ec2d9a
45ec2e66
45ec2f33
45ec3000
45ec30cd
45ec319a
45ec3266
45ec3333
45ec3400
45ec34cd
45ec359a
45ec3666
45ec3733
45ec3800
45ec38cd
45ec399a
45ec3a66
45ec3b33
45ec3c00
45ec3ccd
45ec3d9a
45ec3e66
45ec3f33
45ec4000
45ec40cd
45ec419a
45ec4266
45ec4333
45ec4400
45ec44cd
45ec459a
45ec4666
45ec4733
45ec4800
45ec48cd
45ec499a
45ec4a66
45ec4b33
45ec4c00
45ec4ccd
45ec4d9a
45ec4e66
45ec4f33
45ec5000
45ec50cd
45ec519a
45ec5266
45ec5333
45ec5400
45ec54cd
45ec559a
45ec5666
45ec5733
45ec5800
45ec58cd
45ec599a
45ec5a66
45ec5b33
45ec5c00
45ec5ccd
45ec5d9a
45ec5e66
45ec5f33
45ec6000
45ec60cd
45ec619a
45ec6266
45ec6333
45ec6400
45ec64cd
45ec659a
45ec6666
45ec6733
45ec6800
45ec68cd
45ec699a
45ec6a66
45ec6b33
45ec6c00
45ec6ccd
45ec6d9a
45ec6e66
45ec6f33
45ec7000
45ec70cd
45ec719a
45ec7266
45ec7333
45ec7400
45ec74cd
45ec759a
45ec7666
45ec7733
45ec7800
45ec78cd
45ec799a
45ec7a66
45ec7b33
45ec7c00
45ec7ccd
45ec7d9a
45ec7e66
45ec7f33
45ec8000
45ec80cd
45ec819a
45ec8266
45ec8333
45ec8400
45ec84cd
45ec859a
45ec8666
45ec8733
45ec8800
45ec88cd
45ec899a
45ec8a66
45ec8b33
45ec8c00
45ec8ccd
45ec8d9a
45ec8e66
45ec8f33
45ec9000
45ec90cd
45ec919a
45ec9266
45ec9333
45ec9400
45ec94cd
45ec959a
45ec9666
45ec9733
45ec9800
45ec98cd
45ec999a
45ec9a66
45ec9b33
45ec9c00
45ec9ccd
45ec9d9a
45ec9e66
45ec9f33
45eca000
45eca0cd
45eca19a
45eca266
45eca333
45eca400
45eca4cd
45eca59a
45eca666
45eca733
45eca800
45eca8cd
45eca99a
45ecaa66
45ecab33
45ecac00
45ecaccd
45ecad9a
45ecae66
45ecaf33
45ecb000
45ecb0cd
45ecb19a
45ecb266
45ecb333
45ecb400
45ecb4cd
45ecb59a
45ecb666
45ecb733
45ecb800
45ecb8cd
45ecb99a
45ecba66
45ecbb33
45ecbc00
45ecbccd
45ecbd9a
45ecbe66
45ecbf33
45ecc000
45ecc0cd
45ecc19a
45ecc266
45ecc333
45ecc400
45ecc4cd
45ecc59a
45ecc666
45ecc733
45ecc800
45ecc8cd
45ecc99a
45ecca66
45eccb33
45eccc00
45eccccd
45eccd9a
45ecce66
45eccf33
45ecd000
45ecd0cd
45ecd19a
45ecd266
45ecd333
45ecd400
45ecd4cd
45ecd59a
45ecd666
45ecd733
45ecd800
45ecd8cd
45ecd99a
45ecda66
45ecdb33
45ecdc00
45ecdccd
45ecdd9a
45ecde66
45ecdf33
45ece000
45ece0cd
45ece19a
45ece266
45ece333
45ece400
45ece4cd
45ece59a
45ece666
45ece733
45ece800
45ece8cd
45ece99a
45ecea66
45eceb33
45ecec00
45ececcd
45eced9a
45ecee66
45ecef33
45ecf000
45ecf0cd
45ecf19a
45ecf266
45ecf333
45ecf400
45ecf4cd
45ecf59a
45ecf666
45ecf733
45ecf800
45ecf8cd
45ecf99a
45ecfa66
45ecfb33
45ecfc00
45ecfccd
45ecfd9a
45ecfe66
45ecff33
45ed0000
45ed00cd
45ed019a
45ed0266
45ed0333
45ed0400
45ed04cd
45ed059a
45ed0666
45ed0733
45ed0800
45ed08cd
45ed099a
45ed0a66
45ed0b33
45ed0c00
45ed0ccd
45ed0d9a
45ed0e66
45ed0f33
45ed1000
45ed10cd
45ed119a
45ed1266
45ed1333
45ed1400
45ed14cd
45ed159a
45ed1666
45ed1733
45ed1800
45ed18cd
45ed199a
45ed1a66
45ed1b33
45ed1c00
45ed1ccd
45ed1d9a
45ed1e66
45ed1f33
45ed2000
45ed20cd
45ed219a
45ed2266
45ed2333
45ed2400
45ed24cd
45ed259a
45ed2666
45ed2733
45ed2800
45ed28cd
45ed299a
45ed2a66
45ed2b33
45ed2c00
45ed2ccd
45ed2d9a
45ed2e66
45ed2f33
45ed3000
45ed30cd
45ed319a
45ed3266
45ed3333
45ed3400
45ed34cd
45ed359a
45ed3666
45ed3733
45ed3800
45ed38cd
45ed399a
45ed3a66
45ed3b33
45ed3c00
45ed3ccd
45ed3d9a
45ed3e66
45ed3f33
45ed4000
45ed40cd
45ed419a
45ed4266
45ed4333
45ed4400
45ed44cd
45ed459a
45ed4666
45ed4733
45ed4800
45ed48cd
45ed499a
45ed4a66
45ed4b33
45ed4c00
45ed4ccd
45ed4d9a
45ed4e66
45ed4f33
45ed5000
45ed50cd
45ed519a
45ed5266
45ed5333
45ed5400
45ed54cd
45ed559a
45ed5666
45ed5733
45ed5800
45ed58cd
45ed599a
45ed5a66
45ed5b33
45ed5c00
45ed5ccd
45ed5d9a
45ed5e66
45ed5f33
45ed6000
45ed60cd
45ed619a
45ed6266
45ed6333
45ed6400
45ed64cd
45ed659a
45ed6666
45ed6733
45ed6800
45ed68cd
45ed699a
45ed6a66
45ed6b33
45ed6c00
45ed6ccd
45ed6d9a
45ed6e66
45ed6f33
45ed7000
45ed70cd
45ed719a
45ed7266
45ed7333
45ed7400
45ed74cd
45ed759a
45ed7666
45ed7733
45ed7800
45ed78cd
45ed799a
45ed7a66
45ed7b33
45ed7c00
45ed7ccd
45ed7d9a
45ed7e66
45ed7f33
45ed8000
45ed80cd
45ed819a
45ed8266
45ed8333
45ed8400
45ed84cd
45ed859a
45ed8666
45ed8733
45ed8800
45ed88cd
45ed899a
45ed8a66
45ed8b33
45ed8c00
45ed8ccd
45ed8d9a
45ed8e66
45ed8f33
45ed9000
45ed90cd
45ed919a
45ed9266
45ed9333
45ed9400
45ed94cd
45ed959a
45ed9666
45ed9733
45ed9800
45ed98cd
45ed999a
45ed9a66
45ed9b33
45ed9c00
45ed9ccd
45ed9d9a
45ed9e66
45ed9f33
45eda000
45eda0cd
45eda19a
45eda266
45eda333
45eda400
45eda4cd
45eda59a
45eda666
45eda733
45eda800
45eda8cd
45eda99a
45edaa66
45edab33
45edac00
45edaccd
45edad9a
45edae66
45edaf33
45edb000
45edb0cd
45edb19a
45edb266
45edb333
45edb400
45edb4cd
45edb59a
45edb666
45edb733
45edb800
45edb8cd
45edb99a
45edba66
45edbb33
45edbc00
45edbccd
45edbd9a
45edbe66
45edbf33
45edc000
45edc0cd
45edc19a
45edc266
45edc333
45edc400
45edc4cd
45edc59a
45edc666
45edc733
45edc800
45edc8cd
45edc99a
45edca66
45edcb33
45edcc00
45edcccd
45edcd9a
45edce66
45edcf33
45edd000
45edd0cd
45edd19a
45edd266
45edd333
45edd400
45edd4cd
45edd59a
45edd666
45edd733
45edd800
45edd8cd
45edd99a
45edda66
45eddb33
45eddc00
45eddccd
45eddd9a
45edde66
45eddf33
45ede000
45ede0cd
45ede19a
45ede266
45ede333
45ede400
45ede4cd
45ede59a
45ede666
45ede733
45ede800
45ede8cd
45ede99a
45edea66
45edeb33
45edec00
45edeccd
45eded9a
45edee66
45edef33
45edf000
45edf0cd
45edf19a
45edf266
45edf333
45edf400
45edf4cd
45edf59a
45edf666
45edf733
45edf800
45edf8cd
45edf99a
45edfa66
45edfb33
45edfc00
45edfccd
45edfd9a
45edfe66
45edff33
45ee0000
45ee00cd
45ee019a
45ee0266
45ee0333
45ee0400
45ee04cd
45ee059a
45ee0666
45ee0733
45ee0800
45ee08cd
45ee099a
45ee0a66
45ee0b33
45ee0c00
45ee0ccd
45ee0d9a
45ee0e66
45ee0f33
45ee1000
45ee10cd
45ee119a
45ee1266
45ee1333
45ee1400
45ee14cd
45ee159a
45ee1666
45ee1733
45ee1800
45ee18cd
45ee199a
45ee1a66
45ee1b33
45ee1c00
45ee1ccd
45ee1d9a
45ee1e66
45ee1f33
45ee2000
45ee20cd
45ee219a
45ee2266
45ee2333
45ee2400
45ee24cd
45ee259a
45ee2666
45ee2733
45ee2800
45ee28cd
45ee299a
45ee2a66
45ee2b33
45ee2c00
45ee2ccd
45ee2d9a
45ee2e66
45ee2f33
45ee3000
45ee30cd
45ee319a
45ee3266
45ee3333
45ee3400
45ee34cd
45ee359a
45ee3666
45ee3733
45ee3800
45ee38cd
45ee399a
45ee3a66
45ee3b33
45ee3c00
45ee3ccd
45ee3d9a
45ee3e66
45ee3f33
45ee4000
45ee40cd
45ee419a
45ee4266
45ee4333
45ee4400
45ee44cd
45ee459a
45ee4666
45ee4733
45ee4800
45ee48cd
45ee499a
45ee4a66
45ee4b33
45ee4c00
45ee4ccd
45ee4d9a
45ee4e66
45ee4f33
45ee5000
45ee50cd
45ee519a
45ee5266
45ee5333
45ee5400
45ee54cd
45ee559a
45ee5666
45ee5733
45ee5800
45ee58cd
45ee599a
45ee5a66
45ee5b33
45ee5c00
45ee5ccd
45ee5d9a
45ee5e66
45ee5f33
45ee6000
45ee60cd
45ee619a
45ee6266
45ee6333
45ee6400
45ee64cd
45ee659a
45ee6666
45ee6733
45ee6800
45ee68cd
45ee699a
45ee6a66
45ee6b33
45ee6c00
45ee6ccd
45ee6d9a
45ee6e66
45ee6f33
45ee7000
45ee70cd
45ee719a
45ee7266
45ee7333
45ee7400
45ee74cd
45ee759a
45ee7666
45ee7733
45ee7800
45ee78cd
45ee799a
45ee7a66
45ee7b33
45ee7c00
45ee7ccd
45ee7d9a
45ee7e66
45ee7f33
45ee8000
45ee80cd
45ee819a
45ee8266
45ee8333
45ee8400
45ee84cd
45ee859a
45ee8666
45ee8733
45ee8800
45ee88cd
45ee899a
45ee8a66
45ee8b33
45ee8c00
45ee8ccd
45ee8d9a
45ee8e66
45ee8f33
45ee9000
45ee90cd
45ee919a
45ee9266
45ee9333
45ee9400
45ee94cd
45ee959a
45ee9666
45ee9733
45ee9800
45ee98cd
45ee999a
45ee9a66
45ee9b33
45ee9c00
45ee9ccd
45ee9d9a
45ee9e66
45ee9f33
45eea000
45eea0cd
45eea19a
45eea266
45eea333
45eea400
45eea4cd
45eea59a
45eea666
45eea733
45eea800
45eea8cd
45eea99a
45eeaa66
45eeab33
45eeac00
45eeaccd
45eead9a
45eeae66
45eeaf33
45eeb000
45eeb0cd
45eeb19a
45eeb266
45eeb333
45eeb400
45eeb4cd
45eeb59a
45eeb666
45eeb733
45eeb800
45eeb8cd
45eeb99a
45eeba66
45eebb33
45eebc00
45eebccd
45eebd9a
45eebe66
45eebf33
45eec000
45eec0cd
45eec19a
45eec266
45eec333
45eec400
45eec4cd
45eec59a
45eec666
45eec733
45eec800
45eec8cd
45eec99a
45eeca66
45eecb33
45eecc00
45eecccd
45eecd9a
45eece66
45eecf33
45eed000
45eed0cd
45eed19a
45eed266
45eed333
45eed400
45eed4cd
45eed59a
45eed666
45eed733
45eed800
45eed8cd
45eed99a
45eeda66
45eedb33
45eedc00
45eedccd
45eedd9a
45eede66
45eedf33
45eee000
45eee0cd
45eee19a
45eee266
45eee333
45eee400
45eee4cd
45eee59a
45eee666
45eee733
45eee800
45eee8cd
45eee99a
45eeea66
45eeeb33
45eeec00
45eeeccd
45eeed9a
45eeee66
45eeef33
45eef000
45eef0cd
45eef19a
45eef266
45eef333
45eef400
45eef4cd
45eef59a
45eef666
45eef733
45eef800
45eef8cd
45eef99a
45eefa66
45eefb33
45eefc00
45eefccd
45eefd9a
45eefe66
45eeff33
45ef0000
45ef00cd
45ef019a
45ef0266
45ef0333
45ef0400
45ef04cd
45ef059a
45ef0666
45ef0733
45ef0800
45ef08cd
45ef099a
45ef0a66
45ef0b33
45ef0c00
45ef0ccd
45ef0d9a
45ef0e66
45ef0f33
45ef1000
45ef10cd
45ef119a
45ef1266
45ef1333
45ef1400
45ef14cd
45ef159a
45ef1666
45ef1733
45ef1800
45ef18cd
45ef199a
45ef1a66
45ef1b33
45ef1c00
45ef1ccd
45ef1d9a
45ef1e66
45ef1f33
45ef2000
45ef20cd
45ef219a
45ef2266
45ef2333
45ef2400
45ef24cd
45ef259a
45ef2666
45ef2733
45ef2800
45ef28cd
45ef299a
45ef2a66
45ef2b33
45ef2c00
45ef2ccd
45ef2d9a
45ef2e66
45ef2f33
45ef3000
45ef30cd
45ef319a
45ef3266
45ef3333
45ef3400
45ef34cd
45ef359a
45ef3666
45ef3733
45ef3800
45ef38cd
45ef399a
45ef3a66
45ef3b33
45ef3c00
45ef3ccd
45ef3d9a
45ef3e66
45ef3f33
45ef4000
45ef40cd
45ef419a
45ef4266
45ef4333
45ef4400
45ef44cd
45ef459a
45ef4666
45ef4733
45ef4800
45ef48cd
45ef499a
45ef4a66
45ef4b33
45ef4c00
45ef4ccd
45ef4d9a
45ef4e66
45ef4f33
45ef5000
45ef50cd
45ef519a
45ef5266
45ef5333
45ef5400
45ef54cd
45ef559a
45ef5666
45ef5733
45ef5800
45ef58cd
45ef599a
45ef5a66
45ef5b33
45ef5c00
45ef5ccd
45ef5d9a
45ef5e66
45ef5f33
45ef6000
45ef60cd
45ef619a
45ef6266
45ef6333
45ef6400
45ef64cd
45ef659a
45ef6666
45ef6733
45ef6800
45ef68cd
45ef699a
45ef6a66
45ef6b33
45ef6c00
45ef6ccd
45ef6d9a
45ef6e66
45ef6f33
45ef7000
45ef70cd
45ef719a
45ef7266
45ef7333
45ef7400
45ef74cd
45ef759a
45ef7666
45ef7733
45ef7800
45ef78cd
45ef799a
45ef7a66
45ef7b33
45ef7c00
45ef7ccd
45ef7d9a
45ef7e66
45ef7f33
45ef8000
45ef80cd
45ef819a
45ef8266
45ef8333
45ef8400
45ef84cd
45ef859a
45ef8666
45ef8733
45ef8800
45ef88cd
45ef899a
45ef8a66
45ef8b33
45ef8c00
45ef8ccd
45ef8d9a
45ef8e66
45ef8f33
45ef9000
45ef90cd
45ef919a
45ef9266
45ef9333
45ef9400
45ef94cd
45ef959a
45ef9666
45ef9733
45ef9800
45ef98cd
45ef999a
45ef9a66
45ef9b33
45ef9c00
45ef9ccd
45ef9d9a
45ef9e66
45ef9f33
45efa000
45efa0cd
45efa19a
45efa266
45efa333
45efa400
45efa4cd
45efa59a
45efa666
45efa733
45efa800
45efa8cd
45efa99a
45efaa66
45efab33
45efac00
45efaccd
45efad9a
45efae66
45efaf33
45efb000
45efb0cd
45efb19a
45efb266
45efb333
45efb400
45efb4cd
45efb59a
45efb666
45efb733
45efb800
45efb8cd
45efb99a
45efba66
45efbb33
45efbc00
45efbccd
45efbd9a
45efbe66
45efbf33
45efc000
45efc0cd
45efc19a
45efc266
45efc333
45efc400
45efc4cd
45efc59a
45efc666
45efc733
45efc800
45efc8cd
45efc99a
45efca66
45efcb33
45efcc00
45efcccd
45efcd9a
45efce66
45efcf33
45efd000
45efd0cd
45efd19a
45efd266
45efd333
45efd400
45efd4cd
45efd59a
45efd666
45efd733
45efd800
45efd8cd
45efd99a
45efda66
45efdb33
45efdc00
45efdccd
45efdd9a
45efde66
45efdf33
45efe000
45efe0cd
45efe19a
45efe266
45efe333
45efe400
45efe4cd
45efe59a
45efe666
45efe733
45efe800
45efe8cd
45efe99a
45efea66
45efeb33
45efec00
45efeccd
45efed9a
45efee66
45efef33
45eff000
45eff0cd
45eff19a
45eff266
45eff333
45eff400
45eff4cd
45eff59a
45eff666
45eff733
45eff800
45eff8cd
45eff99a
45effa66
45effb33
45effc00
45effccd
45effd9a
45effe66
45efff33
45f00000
45f000cd
45f0019a
45f00266
45f00333
45f00400
45f004cd
45f0059a
45f00666
45f00733
45f00800
45f008cd
45f0099a
45f00a66
45f00b33
45f00c00
45f00ccd
45f00d9a
45f00e66
45f00f33
45f01000
45f010cd
45f0119a
45f01266
45f01333
45f01400
45f014cd
45f0159a
45f01666
45f01733
45f01800
45f018cd
45f0199a
45f01a66
45f01b33
45f01c00
45f01ccd
45f01d9a
45f01e66
45f01f33
45f02000
45f020cd
45f0219a
45f02266
45f02333
45f02400
45f024cd
45f0259a
45f02666
45f02733
45f02800
45f028cd
45f0299a
45f02a66
45f02b33
45f02c00
45f02ccd
45f02d9a
45f02e66
45f02f33
45f03000
45f030cd
45f0319a
45f03266
45f03333
45f03400
45f034cd
45f0359a
45f03666
45f03733
45f03800
45f038cd
45f0399a
45f03a66
45f03b33
45f03c00
45f03ccd
45f03d9a
45f03e66
45f03f33
45f04000
45f040cd
45f0419a
45f04266
45f04333
45f04400
45f044cd
45f0459a
45f04666
45f04733
45f04800
45f048cd
45f0499a
45f04a66
45f04b33
45f04c00
45f04ccd
45f04d9a
45f04e66
45f04f33
45f05000
45f050cd
45f0519a
45f05266
45f05333
45f05400
45f054cd
45f0559a
45f05666
45f05733
45f05800
45f058cd
45f0599a
45f05a66
45f05b33
45f05c00
45f05ccd
45f05d9a
45f05e66
45f05f33
45f06000
45f060cd
45f0619a
45f06266
45f06333
45f06400
45f064cd
45f0659a
45f06666
45f06733
45f06800
45f068cd
45f0699a
45f06a66
45f06b33
45f06c00
45f06ccd
45f06d9a
45f06e66
45f06f33
45f07000
45f070cd
45f0719a
45f07266
45f07333
45f07400
45f074cd
45f0759a
45f07666
45f07733
45f07800
45f078cd
45f0799a
45f07a66
45f07b33
45f07c00
45f07ccd
45f07d9a
45f07e66
45f07f33
45f08000
45f080cd
45f0819a
45f08266
45f08333
45f08400
45f084cd
45f0859a
45f08666
45f08733
45f08800
45f088cd
45f0899a
45f08a66
45f08b33
45f08c00
45f08ccd
45f08d9a
45f08e66
45f08f33
45f09000
45f090cd
45f0919a
45f09266
45f09333
45f09400
45f094cd
45f0959a
45f09666
45f09733
45f09800
45f098cd
45f0999a
45f09a66
45f09b33
45f09c00
45f09ccd
45f09d9a
45f09e66
45f09f33
45f0a000
45f0a0cd
45f0a19a
45f0a266
45f0a333
45f0a400
45f0a4cd
45f0a59a
45f0a666
45f0a733
45f0a800
45f0a8cd
45f0a99a
45f0aa66
45f0ab33
45f0ac00
45f0accd
45f0ad9a
45f0ae66
45f0af33
45f0b000
45f0b0cd
45f0b19a
45f0b266
45f0b333
45f0b400
45f0b4cd
45f0b59a
45f0b666
45f0b733
45f0b800
45f0b8cd
45f0b99a
45f0ba66
45f0bb33
45f0bc00
45f0bccd
45f0bd9a
45f0be66
45f0bf33
45f0c000
45f0c0cd
45f0c19a
45f0c266
45f0c333
45f0c400
45f0c4cd
45f0c59a
45f0c666
45f0c733
45f0c800
45f0c8cd
45f0c99a
45f0ca66
45f0cb33
45f0cc00
45f0cccd
45f0cd9a
45f0ce66
45f0cf33
45f0d000
45f0d0cd
45f0d19a
45f0d266
45f0d333
45f0d400
45f0d4cd
45f0d59a
45f0d666
45f0d733
45f0d800
45f0d8cd
45f0d99a
45f0da66
45f0db33
45f0dc00
45f0dccd
45f0dd9a
45f0de66
45f0df33
45f0e000
45f0e0cd
45f0e19a
45f0e266
45f0e333
45f0e400
45f0e4cd
45f0e59a
45f0e666
45f0e733
45f0e800
45f0e8cd
45f0e99a
45f0ea66
45f0eb33
45f0ec00
45f0eccd
45f0ed9a
45f0ee66
45f0ef33
45f0f000
45f0f0cd
45f0f19a
45f0f266
45f0f333
45f0f400
45f0f4cd
45f0f59a
45f0f666
45f0f733
45f0f800
45f0f8cd
45f0f99a
45f0fa66
45f0fb33
45f0fc00
45f0fccd
45f0fd9a
45f0fe66
45f0ff33
45f10000
45f100cd
45f1019a
45f10266
45f10333
45f10400
45f104cd
45f1059a
45f10666
45f10733
45f10800
45f108cd
45f1099a
45f10a66
45f10b33
45f10c00
45f10ccd
45f10d9a
45f10e66
45f10f33
45f11000
45f110cd
45f1119a
45f11266
45f11333
45f11400
45f114cd
45f1159a
45f11666
45f11733
45f11800
45f118cd
45f1199a
45f11a66
45f11b33
45f11c00
45f11ccd
45f11d9a
45f11e66
45f11f33
45f12000
45f120cd
45f1219a
45f12266
45f12333
45f12400
45f124cd
45f1259a
45f12666
45f12733
45f12800
45f128cd
45f1299a
45f12a66
45f12b33
45f12c00
45f12ccd
45f12d9a
45f12e66
45f12f33
45f13000
45f130cd
45f1319a
45f13266
45f13333
45f13400
45f134cd
45f1359a
45f13666
45f13733
45f13800
45f138cd
45f1399a
45f13a66
45f13b33
45f13c00
45f13ccd
45f13d9a
45f13e66
45f13f33
45f14000
45f140cd
45f1419a
45f14266
45f14333
45f14400
45f144cd
45f1459a
45f14666
45f14733
45f14800
45f148cd
45f1499a
45f14a66
45f14b33
45f14c00
45f14ccd
45f14d9a
45f14e66
45f14f33
45f15000
45f150cd
45f1519a
45f15266
45f15333
45f15400
45f154cd
45f1559a
45f15666
45f15733
45f15800
45f158cd
45f1599a
45f15a66
45f15b33
45f15c00
45f15ccd
45f15d9a
45f15e66
45f15f33
45f16000
45f160cd
45f1619a
45f16266
45f16333
45f16400
45f164cd
45f1659a
45f16666
45f16733
45f16800
45f168cd
45f1699a
45f16a66
45f16b33
45f16c00
45f16ccd
45f16d9a
45f16e66
45f16f33
45f17000
45f170cd
45f1719a
45f17266
45f17333
45f17400
45f174cd
45f1759a
45f17666
45f17733
45f17800
45f178cd
45f1799a
45f17a66
45f17b33
45f17c00
45f17ccd
45f17d9a
45f17e66
45f17f33
45f18000
45f180cd
45f1819a
45f18266
45f18333
45f18400
45f184cd
45f1859a
45f18666
45f18733
45f18800
45f188cd
45f1899a
45f18a66
45f18b33
45f18c00
45f18ccd
45f18d9a
45f18e66
45f18f33
45f19000
45f190cd
45f1919a
45f19266
45f19333
45f19400
45f194cd
45f1959a
45f19666
45f19733
45f19800
45f198cd
45f1999a
45f19a66
45f19b33
45f19c00
45f19ccd
45f19d9a
45f19e66
45f19f33
45f1a000
45f1a0cd
45f1a19a
45f1a266
45f1a333
45f1a400
45f1a4cd
45f1a59a
45f1a666
45f1a733
45f1a800
45f1a8cd
45f1a99a
45f1aa66
45f1ab33
45f1ac00
45f1accd
45f1ad9a
45f1ae66
45f1af33
45f1b000
45f1b0cd
45f1b19a
45f1b266
45f1b333
45f1b400
45f1b4cd
45f1b59a
45f1b666
45f1b733
45f1b800
45f1b8cd
45f1b99a
45f1ba66
45f1bb33
45f1bc00
45f1bccd
45f1bd9a
45f1be66
45f1bf33
45f1c000
45f1c0cd
45f1c19a
45f1c266
45f1c333
45f1c400
45f1c4cd
45f1c59a
45f1c666
45f1c733
45f1c800
45f1c8cd
45f1c99a
45f1ca66
45f1cb33
45f1cc00
45f1cccd
45f1cd9a
45f1ce66
45f1cf33
45f1d000
45f1d0cd
45f1d19a
45f1d266
45f1d333
45f1d400
45f1d4cd
45f1d59a
45f1d666
45f1d733
45f1d800
45f1d8cd
45f1d99a
45f1da66
45f1db33
45f1dc00
45f1dccd
45f1dd9a
45f1de66
45f1df33
45f1e000
45f1e0cd
45f1e19a
45f1e266
45f1e333
45f1e400
45f1e4cd
45f1e59a
45f1e666
45f1e733
45f1e800
45f1e8cd
45f1e99a
45f1ea66
45f1eb33
45f1ec00
45f1eccd
45f1ed9a
45f1ee66
45f1ef33
45f1f000
45f1f0cd
45f1f19a
45f1f266
45f1f333
45f1f400
45f1f4cd
45f1f59a
45f1f666
45f1f733
45f1f800
45f1f8cd
45f1f99a
45f1fa66
45f1fb33
45f1fc00
45f1fccd
45f1fd9a
45f1fe66
45f1ff33
45f20000
45f200cd
45f2019a
45f20266
45f20333
45f20400
45f204cd
45f2059a
45f20666
45f20733
45f20800
45f208cd
45f2099a
45f20a66
45f20b33
45f20c00
45f20ccd
45f20d9a
45f20e66
45f20f33
45f21000
45f210cd
45f2119a
45f21266
45f21333
45f21400
45f214cd
45f2159a
45f21666
45f21733
45f21800
45f218cd
45f2199a
45f21a66
45f21b33
45f21c00
45f21ccd
45f21d9a
45f21e66
45f21f33
45f22000
45f220cd
45f2219a
45f22266
45f22333
45f22400
45f224cd
45f2259a
45f22666
45f22733
45f22800
45f228cd
45f2299a
45f22a66
45f22b33
45f22c00
45f22ccd
45f22d9a
45f22e66
45f22f33
45f23000
45f230cd
45f2319a
45f23266
45f23333
45f23400
45f234cd
45f2359a
45f23666
45f23733
45f23800
45f238cd
45f2399a
45f23a66
45f23b33
45f23c00
45f23ccd
45f23d9a
45f23e66
45f23f33
45f24000
45f240cd
45f2419a
45f24266
45f24333
45f24400
45f244cd
45f2459a
45f24666
45f24733
45f24800
45f248cd
45f2499a
45f24a66
45f24b33
45f24c00
45f24ccd
45f24d9a
45f24e66
45f24f33
45f25000
45f250cd
45f2519a
45f25266
45f25333
45f25400
45f254cd
45f2559a
45f25666
45f25733
45f25800
45f258cd
45f2599a
45f25a66
45f25b33
45f25c00
45f25ccd
45f25d9a
45f25e66
45f25f33
45f26000
45f260cd
45f2619a
45f26266
45f26333
45f26400
45f264cd
45f2659a
45f26666
45f26733
45f26800
45f268cd
45f2699a
45f26a66
45f26b33
45f26c00
45f26ccd
45f26d9a
45f26e66
45f26f33
45f27000
45f270cd
45f2719a
45f27266
45f27333
45f27400
45f274cd
45f2759a
45f27666
45f27733
45f27800
45f278cd
45f2799a
45f27a66
45f27b33
45f27c00
45f27ccd
45f27d9a
45f27e66
45f27f33
45f28000
45f280cd
45f2819a
45f28266
45f28333
45f28400
45f284cd
45f2859a
45f28666
45f28733
45f28800
45f288cd
45f2899a
45f28a66
45f28b33
45f28c00
45f28ccd
45f28d9a
45f28e66
45f28f33
45f29000
45f290cd
45f2919a
45f29266
45f29333
45f29400
45f294cd
45f2959a
45f29666
45f29733
45f29800
45f298cd
45f2999a
45f29a66
45f29b33
45f29c00
45f29ccd
45f29d9a
45f29e66
45f29f33
45f2a000
45f2a0cd
45f2a19a
45f2a266
45f2a333
45f2a400
45f2a4cd
45f2a59a
45f2a666
45f2a733
45f2a800
45f2a8cd
45f2a99a
45f2aa66
45f2ab33
45f2ac00
45f2accd
45f2ad9a
45f2ae66
45f2af33
45f2b000
45f2b0cd
45f2b19a
45f2b266
45f2b333
45f2b400
45f2b4cd
45f2b59a
45f2b666
45f2b733
45f2b800
45f2b8cd
45f2b99a
45f2ba66
45f2bb33
45f2bc00
45f2bccd
45f2bd9a
45f2be66
45f2bf33
45f2c000
45f2c0cd
45f2c19a
45f2c266
45f2c333
45f2c400
45f2c4cd
45f2c59a
45f2c666
45f2c733
45f2c800
45f2c8cd
45f2c99a
45f2ca66
45f2cb33
45f2cc00
45f2cccd
45f2cd9a
45f2ce66
45f2cf33
45f2d000
45f2d0cd
45f2d19a
45f2d266
45f2d333
45f2d400
45f2d4cd
45f2d59a
45f2d666
45f2d733
45f2d800
45f2d8cd
45f2d99a
45f2da66
45f2db33
45f2dc00
45f2dccd
45f2dd9a
45f2de66
45f2df33
45f2e000
45f2e0cd
45f2e19a
45f2e266
45f2e333
45f2e400
45f2e4cd
45f2e59a
45f2e666
45f2e733
45f2e800
45f2e8cd
45f2e99a
45f2ea66
45f2eb33
45f2ec00
45f2eccd
45f2ed9a
45f2ee66
45f2ef33
45f2f000
45f2f0cd
45f2f19a
45f2f266
45f2f333
45f2f400
45f2f4cd
45f2f59a
45f2f666
45f2f733
45f2f800
45f2f8cd
45f2f99a
45f2fa66
45f2fb33
45f2fc00
45f2fccd
45f2fd9a
45f2fe66
45f2ff33
45f30000
45f300cd
45f3019a
45f30266
45f30333
45f30400
45f304cd
45f3059a
45f30666
45f30733
45f30800
45f308cd
45f3099a
45f30a66
45f30b33
45f30c00
45f30ccd
45f30d9a
45f30e66
45f30f33
45f31000
45f310cd
45f3119a
45f31266
45f31333
45f31400
45f314cd
45f3159a
45f31666
45f31733
45f31800
45f318cd
45f3199a
45f31a66
45f31b33
45f31c00
45f31ccd
45f31d9a
45f31e66
45f31f33
45f32000
45f320cd
45f3219a
45f32266
45f32333
45f32400
45f324cd
45f3259a
45f32666
45f32733
45f32800
45f328cd
45f3299a
45f32a66
45f32b33
45f32c00
45f32ccd
45f32d9a
45f32e66
45f32f33
45f33000
45f330cd
45f3319a
45f33266
45f33333
45f33400
45f334cd
45f3359a
45f33666
45f33733
45f33800
45f338cd
45f3399a
45f33a66
45f33b33
45f33c00
45f33ccd
45f33d9a
45f33e66
45f33f33
45f34000
45f340cd
45f3419a
45f34266
45f34333
45f34400
45f344cd
45f3459a
45f34666
45f34733
45f34800
45f348cd
45f3499a
45f34a66
45f34b33
45f34c00
45f34ccd
45f34d9a
45f34e66
45f34f33
45f35000
45f350cd
45f3519a
45f35266
45f35333
45f35400
45f354cd
45f3559a
45f35666
45f35733
45f35800
45f358cd
45f3599a
45f35a66
45f35b33
45f35c00
45f35ccd
45f35d9a
45f35e66
45f35f33
45f36000
45f360cd
45f3619a
45f36266
45f36333
45f36400
45f364cd
45f3659a
45f36666
45f36733
45f36800
45f368cd
45f3699a
45f36a66
45f36b33
45f36c00
45f36ccd
45f36d9a
45f36e66
45f36f33
45f37000
45f370cd
45f3719a
45f37266
45f37333
45f37400
45f374cd
45f3759a
45f37666
45f37733
45f37800
45f378cd
45f3799a
45f37a66
45f37b33
45f37c00
45f37ccd
45f37d9a
45f37e66
45f37f33
45f38000
45f380cd
45f3819a
45f38266
45f38333
45f38400
45f384cd
45f3859a
45f38666
45f38733
45f38800
45f388cd
45f3899a
45f38a66
45f38b33
45f38c00
45f38ccd
45f38d9a
45f38e66
45f38f33
45f39000
45f390cd
45f3919a
45f39266
45f39333
45f39400
45f394cd
45f3959a
45f39666
45f39733
45f39800
45f398cd
45f3999a
45f39a66
45f39b33
45f39c00
45f39ccd
45f39d9a
45f39e66
45f39f33
45f3a000
45f3a0cd
45f3a19a
45f3a266
45f3a333
45f3a400
45f3a4cd
45f3a59a
45f3a666
45f3a733
45f3a800
45f3a8cd
45f3a99a
45f3aa66
45f3ab33
45f3ac00
45f3accd
45f3ad9a
45f3ae66
45f3af33
45f3b000
45f3b0cd
45f3b19a
45f3b266
45f3b333
45f3b400
45f3b4cd
45f3b59a
45f3b666
45f3b733
45f3b800
45f3b8cd
45f3b99a
45f3ba66
45f3bb33
45f3bc00
45f3bccd
45f3bd9a
45f3be66
45f3bf33
45f3c000
45f3c0cd
45f3c19a
45f3c266
45f3c333
45f3c400
45f3c4cd
45f3c59a
45f3c666
45f3c733
45f3c800
45f3c8cd
45f3c99a
45f3ca66
45f3cb33
45f3cc00
45f3cccd
45f3cd9a
45f3ce66
45f3cf33
45f3d000
45f3d0cd
45f3d19a
45f3d266
45f3d333
45f3d400
45f3d4cd
45f3d59a
45f3d666
45f3d733
45f3d800
45f3d8cd
45f3d99a
45f3da66
45f3db33
45f3dc00
45f3dccd
45f3dd9a
45f3de66
45f3df33
45f3e000
45f3e0cd
45f3e19a
45f3e266
45f3e333
45f3e400
45f3e4cd
45f3e59a
45f3e666
45f3e733
45f3e800
45f3e8cd
45f3e99a
45f3ea66
45f3eb33
45f3ec00
45f3eccd
45f3ed9a
45f3ee66
45f3ef33
45f3f000
45f3f0cd
45f3f19a
45f3f266
45f3f333
45f3f400
45f3f4cd
45f3f59a
45f3f666
45f3f733
45f3f800
45f3f8cd
45f3f99a
45f3fa66
45f3fb33
45f3fc00
45f3fccd
45f3fd9a
45f3fe66
45f3ff33
45f40000
45f400cd
45f4019a
45f40266
45f40333
45f40400
45f404cd
45f4059a
45f40666
45f40733
45f40800
45f408cd
45f4099a
45f40a66
45f40b33
45f40c00
45f40ccd
45f40d9a
45f40e66
45f40f33
45f41000
45f410cd
45f4119a
45f41266
45f41333
45f41400
45f414cd
45f4159a
45f41666
45f41733
45f41800
45f418cd
45f4199a
45f41a66
45f41b33
45f41c00
45f41ccd
45f41d9a
45f41e66
45f41f33
45f42000
45f420cd
45f4219a
45f42266
45f42333
45f42400
45f424cd
45f4259a
45f42666
45f42733
45f42800
45f428cd
45f4299a
45f42a66
45f42b33
45f42c00
45f42ccd
45f42d9a
45f42e66
45f42f33
45f43000
45f430cd
45f4319a
45f43266
45f43333
45f43400
45f434cd
45f4359a
45f43666
45f43733
45f43800
45f438cd
45f4399a
45f43a66
45f43b33
45f43c00
45f43ccd
45f43d9a
45f43e66
45f43f33
45f44000
45f440cd
45f4419a
45f44266
45f44333
45f44400
45f444cd
45f4459a
45f44666
45f44733
45f44800
45f448cd
45f4499a
45f44a66
45f44b33
45f44c00
45f44ccd
45f44d9a
45f44e66
45f44f33
45f45000
45f450cd
45f4519a
45f45266
45f45333
45f45400
45f454cd
45f4559a
45f45666
45f45733
45f45800
45f458cd
45f4599a
45f45a66
45f45b33
45f45c00
45f45ccd
45f45d9a
45f45e66
45f45f33
45f46000
45f460cd
45f4619a
45f46266
45f46333
45f46400
45f464cd
45f4659a
45f46666
45f46733
45f46800
45f468cd
45f4699a
45f46a66
45f46b33
45f46c00
45f46ccd
45f46d9a
45f46e66
45f46f33
45f47000
45f470cd
45f4719a
45f47266
45f47333
45f47400
45f474cd
45f4759a
45f47666
45f47733
45f47800
45f478cd
45f4799a
45f47a66
45f47b33
45f47c00
45f47ccd
45f47d9a
45f47e66
45f47f33
45f48000
45f480cd
45f4819a
45f48266
45f48333
45f48400
45f484cd
45f4859a
45f48666
45f48733
45f48800
45f488cd
45f4899a
45f48a66
45f48b33
45f48c00
45f48ccd
45f48d9a
45f48e66
45f48f33
45f49000
45f490cd
45f4919a
45f49266
45f49333
45f49400
45f494cd
45f4959a
45f49666
45f49733
45f49800
45f498cd
45f4999a
45f49a66
45f49b33
45f49c00
45f49ccd
45f49d9a
45f49e66
45f49f33
45f4a000
45f4a0cd
45f4a19a
45f4a266
45f4a333
45f4a400
45f4a4cd
45f4a59a
45f4a666
45f4a733
45f4a800
45f4a8cd
45f4a99a
45f4aa66
45f4ab33
45f4ac00
45f4accd
45f4ad9a
45f4ae66
45f4af33
45f4b000
45f4b0cd
45f4b19a
45f4b266
45f4b333
45f4b400
45f4b4cd
45f4b59a
45f4b666
45f4b733
45f4b800
45f4b8cd
45f4b99a
45f4ba66
45f4bb33
45f4bc00
45f4bccd
45f4bd9a
45f4be66
45f4bf33
45f4c000
45f4c0cd
45f4c19a
45f4c266
45f4c333
45f4c400
45f4c4cd
45f4c59a
45f4c666
45f4c733
45f4c800
45f4c8cd
45f4c99a
45f4ca66
45f4cb33
45f4cc00
45f4cccd
45f4cd9a
45f4ce66
45f4cf33
45f4d000
45f4d0cd
45f4d19a
45f4d266
45f4d333
45f4d400
45f4d4cd
45f4d59a
45f4d666
45f4d733
45f4d800
45f4d8cd
45f4d99a
45f4da66
45f4db33
45f4dc00
45f4dccd
45f4dd9a
45f4de66
45f4df33
45f4e000
45f4e0cd
45f4e19a
45f4e266
45f4e333
45f4e400
45f4e4cd
45f4e59a
45f4e666
45f4e733
45f4e800
45f4e8cd
45f4e99a
45f4ea66
45f4eb33
45f4ec00
45f4eccd
45f4ed9a
45f4ee66
45f4ef33
45f4f000
45f4f0cd
45f4f19a
45f4f266
45f4f333
45f4f400
45f4f4cd
45f4f59a
45f4f666
45f4f733
45f4f800
45f4f8cd
45f4f99a
45f4fa66
45f4fb33
45f4fc00
45f4fccd
45f4fd9a
45f4fe66
45f4ff33
45f50000
45f500cd
45f5019a
45f50266
45f50333
45f50400
45f504cd
45f5059a
45f50666
45f50733
45f50800
45f508cd
45f5099a
45f50a66
45f50b33
45f50c00
45f50ccd
45f50d9a
45f50e66
45f50f33
45f51000
45f510cd
45f5119a
45f51266
45f51333
45f51400
45f514cd
45f5159a
45f51666
45f51733
45f51800
45f518cd
45f5199a
45f51a66
45f51b33
45f51c00
45f51ccd
45f51d9a
45f51e66
45f51f33
45f52000
45f520cd
45f5219a
45f52266
45f52333
45f52400
45f524cd
45f5259a
45f52666
45f52733
45f52800
45f528cd
45f5299a
45f52a66
45f52b33
45f52c00
45f52ccd
45f52d9a
45f52e66
45f52f33
45f53000
45f530cd
45f5319a
45f53266
45f53333
45f53400
45f534cd
45f5359a
45f53666
45f53733
45f53800
45f538cd
45f5399a
45f53a66
45f53b33
45f53c00
45f53ccd
45f53d9a
45f53e66
45f53f33
45f54000
45f540cd
45f5419a
45f54266
45f54333
45f54400
45f544cd
45f5459a
45f54666
45f54733
45f54800
45f548cd
45f5499a
45f54a66
45f54b33
45f54c00
45f54ccd
45f54d9a
45f54e66
45f54f33
45f55000
45f550cd
45f5519a
45f55266
45f55333
45f55400
45f554cd
45f5559a
45f55666
45f55733
45f55800
45f558cd
45f5599a
45f55a66
45f55b33
45f55c00
45f55ccd
45f55d9a
45f55e66
45f55f33
45f56000
45f560cd
45f5619a
45f56266
45f56333
45f56400
45f564cd
45f5659a
45f56666
45f56733
45f56800
45f568cd
45f5699a
45f56a66
45f56b33
45f56c00
45f56ccd
45f56d9a
45f56e66
45f56f33
45f57000
45f570cd
45f5719a
45f57266
45f57333
45f57400
45f574cd
45f5759a
45f57666
45f57733
45f57800
45f578cd
45f5799a
45f57a66
45f57b33
45f57c00
45f57ccd
45f57d9a
45f57e66
45f57f33
45f58000
45f580cd
45f5819a
45f58266
45f58333
45f58400
45f584cd
45f5859a
45f58666
45f58733
45f58800
45f588cd
45f5899a
45f58a66
45f58b33
45f58c00
45f58ccd
45f58d9a
45f58e66
45f58f33
45f59000
45f590cd
45f5919a
45f59266
45f59333
45f59400
45f594cd
45f5959a
45f59666
45f59733
45f59800
45f598cd
45f5999a
45f59a66
45f59b33
45f59c00
45f59ccd
45f59d9a
45f59e66
45f59f33
45f5a000
45f5a0cd
45f5a19a
45f5a266
45f5a333
45f5a400
45f5a4cd
45f5a59a
45f5a666
45f5a733
45f5a800
45f5a8cd
45f5a99a
45f5aa66
45f5ab33
45f5ac00
45f5accd
45f5ad9a
45f5ae66
45f5af33
45f5b000
45f5b0cd
45f5b19a
45f5b266
45f5b333
45f5b400
45f5b4cd
45f5b59a
45f5b666
45f5b733
45f5b800
45f5b8cd
45f5b99a
45f5ba66
45f5bb33
45f5bc00
45f5bccd
45f5bd9a
45f5be66
45f5bf33
45f5c000
45f5c0cd
45f5c19a
45f5c266
45f5c333
45f5c400
45f5c4cd
45f5c59a
45f5c666
45f5c733
45f5c800
45f5c8cd
45f5c99a
45f5ca66
45f5cb33
45f5cc00
45f5cccd
45f5cd9a
45f5ce66
45f5cf33
45f5d000
45f5d0cd
45f5d19a
45f5d266
45f5d333
45f5d400
45f5d4cd
45f5d59a
45f5d666
45f5d733
45f5d800
45f5d8cd
45f5d99a
45f5da66
45f5db33
45f5dc00
45f5dccd
45f5dd9a
45f5de66
45f5df33
45f5e000
45f5e0cd
45f5e19a
45f5e266
45f5e333
45f5e400
45f5e4cd
45f5e59a
45f5e666
45f5e733
45f5e800
45f5e8cd
45f5e99a
45f5ea66
45f5eb33
45f5ec00
45f5eccd
45f5ed9a
45f5ee66
45f5ef33
45f5f000
45f5f0cd
45f5f19a
45f5f266
45f5f333
45f5f400
45f5f4cd
45f5f59a
45f5f666
45f5f733
45f5f800
45f5f8cd
45f5f99a
45f5fa66
45f5fb33
45f5fc00
45f5fccd
45f5fd9a
45f5fe66
45f5ff33
45f60000
45f600cd
45f6019a
45f60266
45f60333
45f60400
45f604cd
45f6059a
45f60666
45f60733
45f60800
45f608cd
45f6099a
45f60a66
45f60b33
45f60c00
45f60ccd
45f60d9a
45f60e66
45f60f33
45f61000
45f610cd
45f6119a
45f61266
45f61333
45f61400
45f614cd
45f6159a
45f61666
45f61733
45f61800
45f618cd
45f6199a
45f61a66
45f61b33
45f61c00
45f61ccd
45f61d9a
45f61e66
45f61f33
45f62000
45f620cd
45f6219a
45f62266
45f62333
45f62400
45f624cd
45f6259a
45f62666
45f62733
45f62800
45f628cd
45f6299a
45f62a66
45f62b33
45f62c00
45f62ccd
45f62d9a
45f62e66
45f62f33
45f63000
45f630cd
45f6319a
45f63266
45f63333
45f63400
45f634cd
45f6359a
45f63666
45f63733
45f63800
45f638cd
45f6399a
45f63a66
45f63b33
45f63c00
45f63ccd
45f63d9a
45f63e66
45f63f33
45f64000
45f640cd
45f6419a
45f64266
45f64333
45f64400
45f644cd
45f6459a
45f64666
45f64733
45f64800
45f648cd
45f6499a
45f64a66
45f64b33
45f64c00
45f64ccd
45f64d9a
45f64e66
45f64f33
45f65000
45f650cd
45f6519a
45f65266
45f65333
45f65400
45f654cd
45f6559a
45f65666
45f65733
45f65800
45f658cd
45f6599a
45f65a66
45f65b33
45f65c00
45f65ccd
45f65d9a
45f65e66
45f65f33
45f66000
45f660cd
45f6619a
45f66266
45f66333
45f66400
45f664cd
45f6659a
45f66666
45f66733
45f66800
45f668cd
45f6699a
45f66a66
45f66b33
45f66c00
45f66ccd
45f66d9a
45f66e66
45f66f33
45f67000
45f670cd
45f6719a
45f67266
45f67333
45f67400
45f674cd
45f6759a
45f67666
45f67733
45f67800
45f678cd
45f6799a
45f67a66
45f67b33
45f67c00
45f67ccd
45f67d9a
45f67e66
45f67f33
45f68000
45f680cd
45f6819a
45f68266
45f68333
45f68400
45f684cd
45f6859a
45f68666
45f68733
45f68800
45f688cd
45f6899a
45f68a66
45f68b33
45f68c00
45f68ccd
45f68d9a
45f68e66
45f68f33
45f69000
45f690cd
45f6919a
45f69266
45f69333
45f69400
45f694cd
45f6959a
45f69666
45f69733
45f69800
45f698cd
45f6999a
45f69a66
45f69b33
45f69c00
45f69ccd
45f69d9a
45f69e66
45f69f33
45f6a000
45f6a0cd
45f6a19a
45f6a266
45f6a333
45f6a400
45f6a4cd
45f6a59a
45f6a666
45f6a733
45f6a800
45f6a8cd
45f6a99a
45f6aa66
45f6ab33
45f6ac00
45f6accd
45f6ad9a
45f6ae66
45f6af33
45f6b000
45f6b0cd
45f6b19a
45f6b266
45f6b333
45f6b400
45f6b4cd
45f6b59a
45f6b666
45f6b733
45f6b800
45f6b8cd
45f6b99a
45f6ba66
45f6bb33
45f6bc00
45f6bccd
45f6bd9a
45f6be66
45f6bf33
45f6c000
45f6c0cd
45f6c19a
45f6c266
45f6c333
45f6c400
45f6c4cd
45f6c59a
45f6c666
45f6c733
45f6c800
45f6c8cd
45f6c99a
45f6ca66
45f6cb33
45f6cc00
45f6cccd
45f6cd9a
45f6ce66
45f6cf33
45f6d000
45f6d0cd
45f6d19a
45f6d266
45f6d333
45f6d400
45f6d4cd
45f6d59a
45f6d666
45f6d733
45f6d800
45f6d8cd
45f6d99a
45f6da66
45f6db33
45f6dc00
45f6dccd
45f6dd9a
45f6de66
45f6df33
45f6e000
45f6e0cd
45f6e19a
45f6e266
45f6e333
45f6e400
45f6e4cd
45f6e59a
45f6e666
45f6e733
45f6e800
45f6e8cd
45f6e99a
45f6ea66
45f6eb33
45f6ec00
45f6eccd
45f6ed9a
45f6ee66
45f6ef33
45f6f000
45f6f0cd
45f6f19a
45f6f266
45f6f333
45f6f400
45f6f4cd
45f6f59a
45f6f666
45f6f733
45f6f800
45f6f8cd
45f6f99a
45f6fa66
45f6fb33
45f6fc00
45f6fccd
45f6fd9a
45f6fe66
45f6ff33
45f70000
45f700cd
45f7019a
45f70266
45f70333
45f70400
45f704cd
45f7059a
45f70666
45f70733
45f70800
45f708cd
45f7099a
45f70a66
45f70b33
45f70c00
45f70ccd
45f70d9a
45f70e66
45f70f33
45f71000
45f710cd
45f7119a
45f71266
45f71333
45f71400
45f714cd
45f7159a
45f71666
45f71733
45f71800
45f718cd
45f7199a
45f71a66
45f71b33
45f71c00
45f71ccd
45f71d9a
45f71e66
45f71f33
45f72000
45f720cd
45f7219a
45f72266
45f72333
45f72400
45f724cd
45f7259a
45f72666
45f72733
45f72800
45f728cd
45f7299a
45f72a66
45f72b33
45f72c00
45f72ccd
45f72d9a
45f72e66
45f72f33
45f73000
45f730cd
45f7319a
45f73266
45f73333
45f73400
45f734cd
45f7359a
45f73666
45f73733
45f73800
45f738cd
45f7399a
45f73a66
45f73b33
45f73c00
45f73ccd
45f73d9a
45f73e66
45f73f33
45f74000
45f740cd
45f7419a
45f74266
45f74333
45f74400
45f744cd
45f7459a
45f74666
45f74733
45f74800
45f748cd
45f7499a
45f74a66
45f74b33
45f74c00
45f74ccd
45f74d9a
45f74e66
45f74f33
45f75000
45f750cd
45f7519a
45f75266
45f75333
45f75400
45f754cd
45f7559a
45f75666
45f75733
45f75800
45f758cd
45f7599a
45f75a66
45f75b33
45f75c00
45f75ccd
45f75d9a
45f75e66
45f75f33
45f76000
45f760cd
45f7619a
45f76266
45f76333
45f76400
45f764cd
45f7659a
45f76666
45f76733
45f76800
45f768cd
45f7699a
45f76a66
45f76b33
45f76c00
45f76ccd
45f76d9a
45f76e66
45f76f33
45f77000
45f770cd
45f7719a
45f77266
45f77333
45f77400
45f774cd
45f7759a
45f77666
45f77733
45f77800
45f778cd
45f7799a
45f77a66
45f77b33
45f77c00
45f77ccd
45f77d9a
45f77e66
45f77f33
45f78000
45f780cd
45f7819a
45f78266
45f78333
45f78400
45f784cd
45f7859a
45f78666
45f78733
45f78800
45f788cd
45f7899a
45f78a66
45f78b33
45f78c00
45f78ccd
45f78d9a
45f78e66
45f78f33
45f79000
45f790cd
45f7919a
45f79266
45f79333
45f79400
45f794cd
45f7959a
45f79666
45f79733
45f79800
45f798cd
45f7999a
45f79a66
45f79b33
45f79c00
45f79ccd
45f79d9a
45f79e66
45f79f33
45f7a000
45f7a0cd
45f7a19a
45f7a266
45f7a333
45f7a400
45f7a4cd
45f7a59a
45f7a666
45f7a733
45f7a800
45f7a8cd
45f7a99a
45f7aa66
45f7ab33
45f7ac00
45f7accd
45f7ad9a
45f7ae66
45f7af33
45f7b000
45f7b0cd
45f7b19a
45f7b266
45f7b333
45f7b400
45f7b4cd
45f7b59a
45f7b666
45f7b733
45f7b800
45f7b8cd
45f7b99a
45f7ba66
45f7bb33
45f7bc00
45f7bccd
45f7bd9a
45f7be66
45f7bf33
45f7c000
45f7c0cd
45f7c19a
45f7c266
45f7c333
45f7c400
45f7c4cd
45f7c59a
45f7c666
45f7c733
45f7c800
45f7c8cd
45f7c99a
45f7ca66
45f7cb33
45f7cc00
45f7cccd
45f7cd9a
45f7ce66
45f7cf33
45f7d000
45f7d0cd
45f7d19a
45f7d266
45f7d333
45f7d400
45f7d4cd
45f7d59a
45f7d666
45f7d733
45f7d800
45f7d8cd
45f7d99a
45f7da66
45f7db33
45f7dc00
45f7dccd
45f7dd9a
45f7de66
45f7df33
45f7e000
45f7e0cd
45f7e19a
45f7e266
45f7e333
45f7e400
45f7e4cd
45f7e59a
45f7e666
45f7e733
45f7e800
45f7e8cd
45f7e99a
45f7ea66
45f7eb33
45f7ec00
45f7eccd
45f7ed9a
45f7ee66
45f7ef33
45f7f000
45f7f0cd
45f7f19a
45f7f266
45f7f333
45f7f400
45f7f4cd
45f7f59a
45f7f666
45f7f733
45f7f800
45f7f8cd
45f7f99a
45f7fa66
45f7fb33
45f7fc00
45f7fccd
45f7fd9a
45f7fe66
45f7ff33
45f80000
45f800cd
45f8019a
45f80266
45f80333
45f80400
45f804cd
45f8059a
45f80666
45f80733
45f80800
45f808cd
45f8099a
45f80a66
45f80b33
45f80c00
45f80ccd
45f80d9a
45f80e66
45f80f33
45f81000
45f810cd
45f8119a
45f81266
45f81333
45f81400
45f814cd
45f8159a
45f81666
45f81733
45f81800
45f818cd
45f8199a
45f81a66
45f81b33
45f81c00
45f81ccd
45f81d9a
45f81e66
45f81f33
45f82000
45f820cd
45f8219a
45f82266
45f82333
45f82400
45f824cd
45f8259a
45f82666
45f82733
45f82800
45f828cd
45f8299a
45f82a66
45f82b33
45f82c00
45f82ccd
45f82d9a
45f82e66
45f82f33
45f83000
45f830cd
45f8319a
45f83266
45f83333
45f83400
45f834cd
45f8359a
45f83666
45f83733
45f83800
45f838cd
45f8399a
45f83a66
45f83b33
45f83c00
45f83ccd
45f83d9a
45f83e66
45f83f33
45f84000
45f840cd
45f8419a
45f84266
45f84333
45f84400
45f844cd
45f8459a
45f84666
45f84733
45f84800
45f848cd
45f8499a
45f84a66
45f84b33
45f84c00
45f84ccd
45f84d9a
45f84e66
45f84f33
45f85000
45f850cd
45f8519a
45f85266
45f85333
45f85400
45f854cd
45f8559a
45f85666
45f85733
45f85800
45f858cd
45f8599a
45f85a66
45f85b33
45f85c00
45f85ccd
45f85d9a
45f85e66
45f85f33
45f86000
45f860cd
45f8619a
45f86266
45f86333
45f86400
45f864cd
45f8659a
45f86666
45f86733
45f86800
45f868cd
45f8699a
45f86a66
45f86b33
45f86c00
45f86ccd
45f86d9a
45f86e66
45f86f33
45f87000
45f870cd
45f8719a
45f87266
45f87333
45f87400
45f874cd
45f8759a
45f87666
45f87733
45f87800
45f878cd
45f8799a
45f87a66
45f87b33
45f87c00
45f87ccd
45f87d9a
45f87e66
45f87f33
45f88000
45f880cd
45f8819a
45f88266
45f88333
45f88400
45f884cd
45f8859a
45f88666
45f88733
45f88800
45f888cd
45f8899a
45f88a66
45f88b33
45f88c00
45f88ccd
45f88d9a
45f88e66
45f88f33
45f89000
45f890cd
45f8919a
45f89266
45f89333
45f89400
45f894cd
45f8959a
45f89666
45f89733
45f89800
45f898cd
45f8999a
45f89a66
45f89b33
45f89c00
45f89ccd
45f89d9a
45f89e66
45f89f33
45f8a000
45f8a0cd
45f8a19a
45f8a266
45f8a333
45f8a400
45f8a4cd
45f8a59a
45f8a666
45f8a733
45f8a800
45f8a8cd
45f8a99a
45f8aa66
45f8ab33
45f8ac00
45f8accd
45f8ad9a
45f8ae66
45f8af33
45f8b000
45f8b0cd
45f8b19a
45f8b266
45f8b333
45f8b400
45f8b4cd
45f8b59a
45f8b666
45f8b733
45f8b800
45f8b8cd
45f8b99a
45f8ba66
45f8bb33
45f8bc00
45f8bccd
45f8bd9a
45f8be66
45f8bf33
45f8c000
45f8c0cd
45f8c19a
45f8c266
45f8c333
45f8c400
45f8c4cd
45f8c59a
45f8c666
45f8c733
45f8c800
45f8c8cd
45f8c99a
45f8ca66
45f8cb33
45f8cc00
45f8cccd
45f8cd9a
45f8ce66
45f8cf33
45f8d000
45f8d0cd
45f8d19a
45f8d266
45f8d333
45f8d400
45f8d4cd
45f8d59a
45f8d666
45f8d733
45f8d800
45f8d8cd
45f8d99a
45f8da66
45f8db33
45f8dc00
45f8dccd
45f8dd9a
45f8de66
45f8df33
45f8e000
45f8e0cd
45f8e19a
45f8e266
45f8e333
45f8e400
45f8e4cd
45f8e59a
45f8e666
45f8e733
45f8e800
45f8e8cd
45f8e99a
45f8ea66
45f8eb33
45f8ec00
45f8eccd
45f8ed9a
45f8ee66
45f8ef33
45f8f000
45f8f0cd
45f8f19a
45f8f266
45f8f333
45f8f400
45f8f4cd
45f8f59a
45f8f666
45f8f733
45f8f800
45f8f8cd
45f8f99a
45f8fa66
45f8fb33
45f8fc00
45f8fccd
45f8fd9a
45f8fe66
45f8ff33
45f90000
45f900cd
45f9019a
45f90266
45f90333
45f90400
45f904cd
45f9059a
45f90666
45f90733
45f90800
45f908cd
45f9099a
45f90a66
45f90b33
45f90c00
45f90ccd
45f90d9a
45f90e66
45f90f33
45f91000
45f910cd
45f9119a
45f91266
45f91333
45f91400
45f914cd
45f9159a
45f91666
45f91733
45f91800
45f918cd
45f9199a
45f91a66
45f91b33
45f91c00
45f91ccd
45f91d9a
45f91e66
45f91f33
45f92000
45f920cd
45f9219a
45f92266
45f92333
45f92400
45f924cd
45f9259a
45f92666
45f92733
45f92800
45f928cd
45f9299a
45f92a66
45f92b33
45f92c00
45f92ccd
45f92d9a
45f92e66
45f92f33
45f93000
45f930cd
45f9319a
45f93266
45f93333
45f93400
45f934cd
45f9359a
45f93666
45f93733
45f93800
45f938cd
45f9399a
45f93a66
45f93b33
45f93c00
45f93ccd
45f93d9a
45f93e66
45f93f33
45f94000
45f940cd
45f9419a
45f94266
45f94333
45f94400
45f944cd
45f9459a
45f94666
45f94733
45f94800
45f948cd
45f9499a
45f94a66
45f94b33
45f94c00
45f94ccd
45f94d9a
45f94e66
45f94f33
45f95000
45f950cd
45f9519a
45f95266
45f95333
45f95400
45f954cd
45f9559a
45f95666
45f95733
45f95800
45f958cd
45f9599a
45f95a66
45f95b33
45f95c00
45f95ccd
45f95d9a
45f95e66
45f95f33
45f96000
45f960cd
45f9619a
45f96266
45f96333
45f96400
45f964cd
45f9659a
45f96666
45f96733
45f96800
45f968cd
45f9699a
45f96a66
45f96b33
45f96c00
45f96ccd
45f96d9a
45f96e66
45f96f33
45f97000
45f970cd
45f9719a
45f97266
45f97333
45f97400
45f974cd
45f9759a
45f97666
45f97733
45f97800
45f978cd
45f9799a
45f97a66
45f97b33
45f97c00
45f97ccd
45f97d9a
45f97e66
45f97f33
45f98000
45f980cd
45f9819a
45f98266
45f98333
45f98400
45f984cd
45f9859a
45f98666
45f98733
45f98800
45f988cd
45f9899a
45f98a66
45f98b33
45f98c00
45f98ccd
45f98d9a
45f98e66
45f98f33
45f99000
45f990cd
45f9919a
45f99266
45f99333
45f99400
45f994cd
45f9959a
45f99666
45f99733
45f99800
45f998cd
45f9999a
45f99a66
45f99b33
45f99c00
45f99ccd
45f99d9a
45f99e66
45f99f33
45f9a000
45f9a0cd
45f9a19a
45f9a266
45f9a333
45f9a400
45f9a4cd
45f9a59a
45f9a666
45f9a733
45f9a800
45f9a8cd
45f9a99a
45f9aa66
45f9ab33
45f9ac00
45f9accd
45f9ad9a
45f9ae66
45f9af33
45f9b000
45f9b0cd
45f9b19a
45f9b266
45f9b333
45f9b400
45f9b4cd
45f9b59a
45f9b666
45f9b733
45f9b800
45f9b8cd
45f9b99a
45f9ba66
45f9bb33
45f9bc00
45f9bccd
45f9bd9a
45f9be66
45f9bf33
45f9c000
45f9c0cd
45f9c19a
45f9c266
45f9c333
45f9c400
45f9c4cd
45f9c59a
45f9c666
45f9c733
45f9c800
45f9c8cd
45f9c99a
45f9ca66
45f9cb33
45f9cc00
45f9cccd
45f9cd9a
45f9ce66
45f9cf33
45f9d000
45f9d0cd
45f9d19a
45f9d266
45f9d333
45f9d400
45f9d4cd
45f9d59a
45f9d666
45f9d733
45f9d800
45f9d8cd
45f9d99a
45f9da66
45f9db33
45f9dc00
45f9dccd
45f9dd9a
45f9de66
45f9df33
45f9e000
45f9e0cd
45f9e19a
45f9e266
45f9e333
45f9e400
45f9e4cd
45f9e59a
45f9e666
45f9e733
45f9e800
45f9e8cd
45f9e99a
45f9ea66
45f9eb33
45f9ec00
45f9eccd
45f9ed9a
45f9ee66
45f9ef33
45f9f000
45f9f0cd
45f9f19a
45f9f266
45f9f333
45f9f400
45f9f4cd
45f9f59a
45f9f666
45f9f733
45f9f800
45f9f8cd
45f9f99a
45f9fa66
45f9fb33
45f9fc00
45f9fccd
45f9fd9a
45f9fe66
45f9ff33
45fa0000
45fa00cd
45fa019a
45fa0266
45fa0333
45fa0400
45fa04cd
45fa059a
45fa0666
45fa0733
45fa0800
45fa08cd
45fa099a
45fa0a66
45fa0b33
45fa0c00
45fa0ccd
45fa0d9a
45fa0e66
45fa0f33
45fa1000
45fa10cd
45fa119a
45fa1266
45fa1333
45fa1400
45fa14cd
45fa159a
45fa1666
45fa1733
45fa1800
45fa18cd
45fa199a
45fa1a66
45fa1b33
45fa1c00
45fa1ccd
45fa1d9a
45fa1e66
45fa1f33
45fa2000
45fa20cd
45fa219a
45fa2266
45fa2333
45fa2400
45fa24cd
45fa259a
45fa2666
45fa2733
45fa2800
45fa28cd
45fa299a
45fa2a66
45fa2b33
45fa2c00
45fa2ccd
45fa2d9a
45fa2e66
45fa2f33
45fa3000
45fa30cd
45fa319a
45fa3266
45fa3333
45fa3400
45fa34cd
45fa359a
45fa3666
45fa3733
45fa3800
45fa38cd
45fa399a
45fa3a66
45fa3b33
45fa3c00
45fa3ccd
45fa3d9a
45fa3e66
45fa3f33
45fa4000
45fa40cd
45fa419a
45fa4266
45fa4333
45fa4400
45fa44cd
45fa459a
45fa4666
45fa4733
45fa4800
45fa48cd
45fa499a
45fa4a66
45fa4b33
45fa4c00
45fa4ccd
45fa4d9a
45fa4e66
45fa4f33
45fa5000
45fa50cd
45fa519a
45fa5266
45fa5333
45fa5400
45fa54cd
45fa559a
45fa5666
45fa5733
45fa5800
45fa58cd
45fa599a
45fa5a66
45fa5b33
45fa5c00
45fa5ccd
45fa5d9a
45fa5e66
45fa5f33
45fa6000
45fa60cd
45fa619a
45fa6266
45fa6333
45fa6400
45fa64cd
45fa659a
45fa6666
45fa6733
45fa6800
45fa68cd
45fa699a
45fa6a66
45fa6b33
45fa6c00
45fa6ccd
45fa6d9a
45fa6e66
45fa6f33
45fa7000
45fa70cd
45fa719a
45fa7266
45fa7333
45fa7400
45fa74cd
45fa759a
45fa7666
45fa7733
45fa7800
45fa78cd
45fa799a
45fa7a66
45fa7b33
45fa7c00
45fa7ccd
45fa7d9a
45fa7e66
45fa7f33
45fa8000
45fa80cd
45fa819a
45fa8266
45fa8333
45fa8400
45fa84cd
45fa859a
45fa8666
45fa8733
45fa8800
45fa88cd
45fa899a
45fa8a66
45fa8b33
45fa8c00
45fa8ccd
45fa8d9a
45fa8e66
45fa8f33
45fa9000
45fa90cd
45fa919a
45fa9266
45fa9333
45fa9400
45fa94cd
45fa959a
45fa9666
45fa9733
45fa9800
45fa98cd
45fa999a
45fa9a66
45fa9b33
45fa9c00
45fa9ccd
45fa9d9a
45fa9e66
45fa9f33
45faa000
45faa0cd
45faa19a
45faa266
45faa333
45faa400
45faa4cd
45faa59a
45faa666
45faa733
45faa800
45faa8cd
45faa99a
45faaa66
45faab33
45faac00
45faaccd
45faad9a
45faae66
45faaf33
45fab000
45fab0cd
45fab19a
45fab266
45fab333
45fab400
45fab4cd
45fab59a
45fab666
45fab733
45fab800
45fab8cd
45fab99a
45faba66
45fabb33
45fabc00
45fabccd
45fabd9a
45fabe66
45fabf33
45fac000
45fac0cd
45fac19a
45fac266
45fac333
45fac400
45fac4cd
45fac59a
45fac666
45fac733
45fac800
45fac8cd
45fac99a
45faca66
45facb33
45facc00
45facccd
45facd9a
45face66
45facf33
45fad000
45fad0cd
45fad19a
45fad266
45fad333
45fad400
45fad4cd
45fad59a
45fad666
45fad733
45fad800
45fad8cd
45fad99a
45fada66
45fadb33
45fadc00
45fadccd
45fadd9a
45fade66
45fadf33
45fae000
45fae0cd
45fae19a
45fae266
45fae333
45fae400
45fae4cd
45fae59a
45fae666
45fae733
45fae800
45fae8cd
45fae99a
45faea66
45faeb33
45faec00
45faeccd
45faed9a
45faee66
45faef33
45faf000
45faf0cd
45faf19a
45faf266
45faf333
45faf400
45faf4cd
45faf59a
45faf666
45faf733
45faf800
45faf8cd
45faf99a
45fafa66
45fafb33
45fafc00
45fafccd
45fafd9a
45fafe66
45faff33
45fb0000
45fb00cd
45fb019a
45fb0266
45fb0333
45fb0400
45fb04cd
45fb059a
45fb0666
45fb0733
45fb0800
45fb08cd
45fb099a
45fb0a66
45fb0b33
45fb0c00
45fb0ccd
45fb0d9a
45fb0e66
45fb0f33
45fb1000
45fb10cd
45fb119a
45fb1266
45fb1333
45fb1400
45fb14cd
45fb159a
45fb1666
45fb1733
45fb1800
45fb18cd
45fb199a
45fb1a66
45fb1b33
45fb1c00
45fb1ccd
45fb1d9a
45fb1e66
45fb1f33
45fb2000
45fb20cd
45fb219a
45fb2266
45fb2333
45fb2400
45fb24cd
45fb259a
45fb2666
45fb2733
45fb2800
45fb28cd
45fb299a
45fb2a66
45fb2b33
45fb2c00
45fb2ccd
45fb2d9a
45fb2e66
45fb2f33
45fb3000
45fb30cd
45fb319a
45fb3266
45fb3333
45fb3400
45fb34cd
45fb359a
45fb3666
45fb3733
45fb3800
45fb38cd
45fb399a
45fb3a66
45fb3b33
45fb3c00
45fb3ccd
45fb3d9a
45fb3e66
45fb3f33
45fb4000
45fb40cd
45fb419a
45fb4266
45fb4333
45fb4400
45fb44cd
45fb459a
45fb4666
45fb4733
45fb4800
45fb48cd
45fb499a
45fb4a66
45fb4b33
45fb4c00
45fb4ccd
45fb4d9a
45fb4e66
45fb4f33
45fb5000
45fb50cd
45fb519a
45fb5266
45fb5333
45fb5400
45fb54cd
45fb559a
45fb5666
45fb5733
45fb5800
45fb58cd
45fb599a
45fb5a66
45fb5b33
45fb5c00
45fb5ccd
45fb5d9a
45fb5e66
45fb5f33
45fb6000
45fb60cd
45fb619a
45fb6266
45fb6333
45fb6400
45fb64cd
45fb659a
45fb6666
45fb6733
45fb6800
45fb68cd
45fb699a
45fb6a66
45fb6b33
45fb6c00
45fb6ccd
45fb6d9a
45fb6e66
45fb6f33
45fb7000
45fb70cd
45fb719a
45fb7266
45fb7333
45fb7400
45fb74cd
45fb759a
45fb7666
45fb7733
45fb7800
45fb78cd
45fb799a
45fb7a66
45fb7b33
45fb7c00
45fb7ccd
45fb7d9a
45fb7e66
45fb7f33
45fb8000
45fb80cd
45fb819a
45fb8266
45fb8333
45fb8400
45fb84cd
45fb859a
45fb8666
45fb8733
45fb8800
45fb88cd
45fb899a
45fb8a66
45fb8b33
45fb8c00
45fb8ccd
45fb8d9a
45fb8e66
45fb8f33
45fb9000
45fb90cd
45fb919a
45fb9266
45fb9333
45fb9400
45fb94cd
45fb959a
45fb9666
45fb9733
45fb9800
45fb98cd
45fb999a
45fb9a66
45fb9b33
45fb9c00
45fb9ccd
45fb9d9a
45fb9e66
45fb9f33
45fba000
45fba0cd
45fba19a
45fba266
45fba333
45fba400
45fba4cd
45fba59a
45fba666
45fba733
45fba800
45fba8cd
45fba99a
45fbaa66
45fbab33
45fbac00
45fbaccd
45fbad9a
45fbae66
45fbaf33
45fbb000
45fbb0cd
45fbb19a
45fbb266
45fbb333
45fbb400
45fbb4cd
45fbb59a
45fbb666
45fbb733
45fbb800
45fbb8cd
45fbb99a
45fbba66
45fbbb33
45fbbc00
45fbbccd
45fbbd9a
45fbbe66
45fbbf33
45fbc000
45fbc0cd
45fbc19a
45fbc266
45fbc333
45fbc400
45fbc4cd
45fbc59a
45fbc666
45fbc733
45fbc800
45fbc8cd
45fbc99a
45fbca66
45fbcb33
45fbcc00
45fbcccd
45fbcd9a
45fbce66
45fbcf33
45fbd000
45fbd0cd
45fbd19a
45fbd266
45fbd333
45fbd400
45fbd4cd
45fbd59a
45fbd666
45fbd733
45fbd800
45fbd8cd
45fbd99a
45fbda66
45fbdb33
45fbdc00
45fbdccd
45fbdd9a
45fbde66
45fbdf33
45fbe000
45fbe0cd
45fbe19a
45fbe266
45fbe333
45fbe400
45fbe4cd
45fbe59a
45fbe666
45fbe733
45fbe800
45fbe8cd
45fbe99a
45fbea66
45fbeb33
45fbec00
45fbeccd
45fbed9a
45fbee66
45fbef33
45fbf000
45fbf0cd
45fbf19a
45fbf266
45fbf333
45fbf400
45fbf4cd
45fbf59a
45fbf666
45fbf733
45fbf800
45fbf8cd
45fbf99a
45fbfa66
45fbfb33
45fbfc00
45fbfccd
45fbfd9a
45fbfe66
45fbff33
45fc0000
45fc00cd
45fc019a
45fc0266
45fc0333
45fc0400
45fc04cd
45fc059a
45fc0666
45fc0733
45fc0800
45fc08cd
45fc099a
45fc0a66
45fc0b33
45fc0c00
45fc0ccd
45fc0d9a
45fc0e66
45fc0f33
45fc1000
45fc10cd
45fc119a
45fc1266
45fc1333
45fc1400
45fc14cd
45fc159a
45fc1666
45fc1733
45fc1800
45fc18cd
45fc199a
45fc1a66
45fc1b33
45fc1c00
45fc1ccd
45fc1d9a
45fc1e66
45fc1f33
45fc2000
45fc20cd
45fc219a
45fc2266
45fc2333
45fc2400
45fc24cd
45fc259a
45fc2666
45fc2733
45fc2800
45fc28cd
45fc299a
45fc2a66
45fc2b33
45fc2c00
45fc2ccd
45fc2d9a
45fc2e66
45fc2f33
45fc3000
45fc30cd
45fc319a
45fc3266
45fc3333
45fc3400
45fc34cd
45fc359a
45fc3666
45fc3733
45fc3800
45fc38cd
45fc399a
45fc3a66
45fc3b33
45fc3c00
45fc3ccd
45fc3d9a
45fc3e66
45fc3f33
45fc4000
45fc40cd
45fc419a
45fc4266
45fc4333
45fc4400
45fc44cd
45fc459a
45fc4666
45fc4733
45fc4800
45fc48cd
45fc499a
45fc4a66
45fc4b33
45fc4c00
45fc4ccd
45fc4d9a
45fc4e66
45fc4f33
45fc5000
45fc50cd
45fc519a
45fc5266
45fc5333
45fc5400
45fc54cd
45fc559a
45fc5666
45fc5733
45fc5800
45fc58cd
45fc599a
45fc5a66
45fc5b33
45fc5c00
45fc5ccd
45fc5d9a
45fc5e66
45fc5f33
45fc6000
45fc60cd
45fc619a
45fc6266
45fc6333
45fc6400
45fc64cd
45fc659a
45fc6666
45fc6733
45fc6800
45fc68cd
45fc699a
45fc6a66
45fc6b33
45fc6c00
45fc6ccd
45fc6d9a
45fc6e66
45fc6f33
45fc7000
45fc70cd
45fc719a
45fc7266
45fc7333
45fc7400
45fc74cd
45fc759a
45fc7666
45fc7733
45fc7800
45fc78cd
45fc799a
45fc7a66
45fc7b33
45fc7c00
45fc7ccd
45fc7d9a
45fc7e66
45fc7f33
45fc8000
45fc80cd
45fc819a
45fc8266
45fc8333
45fc8400
45fc84cd
45fc859a
45fc8666
45fc8733
45fc8800
45fc88cd
45fc899a
45fc8a66
45fc8b33
45fc8c00
45fc8ccd
45fc8d9a
45fc8e66
45fc8f33
45fc9000
45fc90cd
45fc919a
45fc9266
45fc9333
45fc9400
45fc94cd
45fc959a
45fc9666
45fc9733
45fc9800
45fc98cd
45fc999a
45fc9a66
45fc9b33
45fc9c00
45fc9ccd
45fc9d9a
45fc9e66
45fc9f33
45fca000
45fca0cd
45fca19a
45fca266
45fca333
45fca400
45fca4cd
45fca59a
45fca666
45fca733
45fca800
45fca8cd
45fca99a
45fcaa66
45fcab33
45fcac00
45fcaccd
45fcad9a
45fcae66
45fcaf33
45fcb000
45fcb0cd
45fcb19a
45fcb266
45fcb333
45fcb400
45fcb4cd
45fcb59a
45fcb666
45fcb733
45fcb800
45fcb8cd
45fcb99a
45fcba66
45fcbb33
45fcbc00
45fcbccd
45fcbd9a
45fcbe66
45fcbf33
45fcc000
45fcc0cd
45fcc19a
45fcc266
45fcc333
45fcc400
45fcc4cd
45fcc59a
45fcc666
45fcc733
45fcc800
45fcc8cd
45fcc99a
45fcca66
45fccb33
45fccc00
45fccccd
45fccd9a
45fcce66
45fccf33
45fcd000
45fcd0cd
45fcd19a
45fcd266
45fcd333
45fcd400
45fcd4cd
45fcd59a
45fcd666
45fcd733
45fcd800
45fcd8cd
45fcd99a
45fcda66
45fcdb33
45fcdc00
45fcdccd
45fcdd9a
45fcde66
45fcdf33
45fce000
45fce0cd
45fce19a
45fce266
45fce333
45fce400
45fce4cd
45fce59a
45fce666
45fce733
45fce800
45fce8cd
45fce99a
45fcea66
45fceb33
45fcec00
45fceccd
45fced9a
45fcee66
45fcef33
45fcf000
45fcf0cd
45fcf19a
45fcf266
45fcf333
45fcf400
45fcf4cd
45fcf59a
45fcf666
45fcf733
45fcf800
45fcf8cd
45fcf99a
45fcfa66
45fcfb33
45fcfc00
45fcfccd
45fcfd9a
45fcfe66
45fcff33
45fd0000
45fd00cd
45fd019a
45fd0266
45fd0333
45fd0400
45fd04cd
45fd059a
45fd0666
45fd0733
45fd0800
45fd08cd
45fd099a
45fd0a66
45fd0b33
45fd0c00
45fd0ccd
45fd0d9a
45fd0e66
45fd0f33
45fd1000
45fd10cd
45fd119a
45fd1266
45fd1333
45fd1400
45fd14cd
45fd159a
45fd1666
45fd1733
45fd1800
45fd18cd
45fd199a
45fd1a66
45fd1b33
45fd1c00
45fd1ccd
45fd1d9a
45fd1e66
45fd1f33
45fd2000
45fd20cd
45fd219a
45fd2266
45fd2333
45fd2400
45fd24cd
45fd259a
45fd2666
45fd2733
45fd2800
45fd28cd
45fd299a
45fd2a66
45fd2b33
45fd2c00
45fd2ccd
45fd2d9a
45fd2e66
45fd2f33
45fd3000
45fd30cd
45fd319a
45fd3266
45fd3333
45fd3400
45fd34cd
45fd359a
45fd3666
45fd3733
45fd3800
45fd38cd
45fd399a
45fd3a66
45fd3b33
45fd3c00
45fd3ccd
45fd3d9a
45fd3e66
45fd3f33
45fd4000
45fd40cd
45fd419a
45fd4266
45fd4333
45fd4400
45fd44cd
45fd459a
45fd4666
45fd4733
45fd4800
45fd48cd
45fd499a
45fd4a66
45fd4b33
45fd4c00
45fd4ccd
45fd4d9a
45fd4e66
45fd4f33
45fd5000
45fd50cd
45fd519a
45fd5266
45fd5333
45fd5400
45fd54cd
45fd559a
45fd5666
45fd5733
45fd5800
45fd58cd
45fd599a
45fd5a66
45fd5b33
45fd5c00
45fd5ccd
45fd5d9a
45fd5e66
45fd5f33
45fd6000
45fd60cd
45fd619a
45fd6266
45fd6333
45fd6400
45fd64cd
45fd659a
45fd6666
45fd6733
45fd6800
45fd68cd
45fd699a
45fd6a66
45fd6b33
45fd6c00
45fd6ccd
45fd6d9a
45fd6e66
45fd6f33
45fd7000
45fd70cd
45fd719a
45fd7266
45fd7333
45fd7400
45fd74cd
45fd759a
45fd7666
45fd7733
45fd7800
45fd78cd
45fd799a
45fd7a66
45fd7b33
45fd7c00
45fd7ccd
45fd7d9a
45fd7e66
45fd7f33
45fd8000
45fd80cd
45fd819a
45fd8266
45fd8333
45fd8400
45fd84cd
45fd859a
45fd8666
45fd8733
45fd8800
45fd88cd
45fd899a
45fd8a66
45fd8b33
45fd8c00
45fd8ccd
45fd8d9a
45fd8e66
45fd8f33
45fd9000
45fd90cd
45fd919a
45fd9266
45fd9333
45fd9400
45fd94cd
45fd959a
45fd9666
45fd9733
45fd9800
45fd98cd
45fd999a
45fd9a66
45fd9b33
45fd9c00
45fd9ccd
45fd9d9a
45fd9e66
45fd9f33
45fda000
45fda0cd
45fda19a
45fda266
45fda333
45fda400
45fda4cd
45fda59a
45fda666
45fda733
45fda800
45fda8cd
45fda99a
45fdaa66
45fdab33
45fdac00
45fdaccd
45fdad9a
45fdae66
45fdaf33
45fdb000
45fdb0cd
45fdb19a
45fdb266
45fdb333
45fdb400
45fdb4cd
45fdb59a
45fdb666
45fdb733
45fdb800
45fdb8cd
45fdb99a
45fdba66
45fdbb33
45fdbc00
45fdbccd
45fdbd9a
45fdbe66
45fdbf33
45fdc000
45fdc0cd
45fdc19a
45fdc266
45fdc333
45fdc400
45fdc4cd
45fdc59a
45fdc666
45fdc733
45fdc800
45fdc8cd
45fdc99a
45fdca66
45fdcb33
45fdcc00
45fdcccd
45fdcd9a
45fdce66
45fdcf33
45fdd000
45fdd0cd
45fdd19a
45fdd266
45fdd333
45fdd400
45fdd4cd
45fdd59a
45fdd666
45fdd733
45fdd800
45fdd8cd
45fdd99a
45fdda66
45fddb33
45fddc00
45fddccd
45fddd9a
45fdde66
45fddf33
45fde000
45fde0cd
45fde19a
45fde266
45fde333
45fde400
45fde4cd
45fde59a
45fde666
45fde733
45fde800
45fde8cd
45fde99a
45fdea66
45fdeb33
45fdec00
45fdeccd
45fded9a
45fdee66
45fdef33
45fdf000
45fdf0cd
45fdf19a
45fdf266
45fdf333
45fdf400
45fdf4cd
45fdf59a
45fdf666
45fdf733
45fdf800
45fdf8cd
45fdf99a
45fdfa66
45fdfb33
45fdfc00
45fdfccd
45fdfd9a
45fdfe66
45fdff33
45fe0000
45fe00cd
45fe019a
45fe0266
45fe0333
45fe0400
45fe04cd
45fe059a
45fe0666
45fe0733
45fe0800
45fe08cd
45fe099a
45fe0a66
45fe0b33
45fe0c00
45fe0ccd
45fe0d9a
45fe0e66
45fe0f33
45fe1000
45fe10cd
45fe119a
45fe1266
45fe1333
45fe1400
45fe14cd
45fe159a
45fe1666
45fe1733
45fe1800
45fe18cd
45fe199a
45fe1a66
45fe1b33
45fe1c00
45fe1ccd
45fe1d9a
45fe1e66
45fe1f33
45fe2000
45fe20cd
45fe219a
45fe2266
45fe2333
45fe2400
45fe24cd
45fe259a
45fe2666
45fe2733
45fe2800
45fe28cd
45fe299a
45fe2a66
45fe2b33
45fe2c00
45fe2ccd
45fe2d9a
45fe2e66
45fe2f33
45fe3000
45fe30cd
45fe319a
45fe3266
45fe3333
45fe3400
45fe34cd
45fe359a
45fe3666
45fe3733
45fe3800
45fe38cd
45fe399a
45fe3a66
45fe3b33
45fe3c00
45fe3ccd
45fe3d9a
45fe3e66
45fe3f33
45fe4000
45fe40cd
45fe419a
45fe4266
45fe4333
45fe4400
45fe44cd
45fe459a
45fe4666
45fe4733
45fe4800
45fe48cd
45fe499a
45fe4a66
45fe4b33
45fe4c00
45fe4ccd
45fe4d9a
45fe4e66
45fe4f33
45fe5000
45fe50cd
45fe519a
45fe5266
45fe5333
45fe5400
45fe54cd
45fe559a
45fe5666
45fe5733
45fe5800
45fe58cd
45fe599a
45fe5a66
45fe5b33
45fe5c00
45fe5ccd
45fe5d9a
45fe5e66
45fe5f33
45fe6000
45fe60cd
45fe619a
45fe6266
45fe6333
45fe6400
45fe64cd
45fe659a
45fe6666
45fe6733
45fe6800
45fe68cd
45fe699a
45fe6a66
45fe6b33
45fe6c00
45fe6ccd
45fe6d9a
45fe6e66
45fe6f33
45fe7000
45fe70cd
45fe719a
45fe7266
45fe7333
45fe7400
45fe74cd
45fe759a
45fe7666
45fe7733
45fe7800
45fe78cd
45fe799a
45fe7a66
45fe7b33
45fe7c00
45fe7ccd
45fe7d9a
45fe7e66
45fe7f33
45fe8000
45fe80cd
45fe819a
45fe8266
45fe8333
45fe8400
45fe84cd
45fe859a
45fe8666
45fe8733
45fe8800
45fe88cd
45fe899a
45fe8a66
45fe8b33
45fe8c00
45fe8ccd
45fe8d9a
45fe8e66
45fe8f33
45fe9000
45fe90cd
45fe919a
45fe9266
45fe9333
45fe9400
45fe94cd
45fe959a
45fe9666
45fe9733
45fe9800
45fe98cd
45fe999a
45fe9a66
45fe9b33
45fe9c00
45fe9ccd
45fe9d9a
45fe9e66
45fe9f33
45fea000
45fea0cd
45fea19a
45fea266
45fea333
45fea400
45fea4cd
45fea59a
45fea666
45fea733
45fea800
45fea8cd
45fea99a
45feaa66
45feab33
45feac00
45feaccd
45fead9a
45feae66
45feaf33
45feb000
45feb0cd
45feb19a
45feb266
45feb333
45feb400
45feb4cd
45feb59a
45feb666
45feb733
45feb800
45feb8cd
45feb99a
45feba66
45febb33
45febc00
45febccd
45febd9a
45febe66
45febf33
45fec000
45fec0cd
45fec19a
45fec266
45fec333
45fec400
45fec4cd
45fec59a
45fec666
45fec733
45fec800
45fec8cd
45fec99a
45feca66
45fecb33
45fecc00
45fecccd
45fecd9a
45fece66
45fecf33
45fed000
45fed0cd
45fed19a
45fed266
45fed333
45fed400
45fed4cd
45fed59a
45fed666
45fed733
45fed800
45fed8cd
45fed99a
45feda66
45fedb33
45fedc00
45fedccd
45fedd9a
45fede66
45fedf33
45fee000
45fee0cd
45fee19a
45fee266
45fee333
45fee400
45fee4cd
45fee59a
45fee666
45fee733
45fee800
45fee8cd
45fee99a
45feea66
45feeb33
45feec00
45feeccd
45feed9a
45feee66
45feef33
45fef000
45fef0cd
45fef19a
45fef266
45fef333
45fef400
45fef4cd
45fef59a
45fef666
45fef733
45fef800
45fef8cd
45fef99a
45fefa66
45fefb33
45fefc00
45fefccd
45fefd9a
45fefe66
45feff33
45ff0000
45ff00cd
45ff019a
45ff0266
45ff0333
45ff0400
45ff04cd
45ff059a
45ff0666
45ff0733
45ff0800
45ff08cd
45ff099a
45ff0a66
45ff0b33
45ff0c00
45ff0ccd
45ff0d9a
45ff0e66
45ff0f33
45ff1000
45ff10cd
45ff119a
45ff1266
45ff1333
45ff1400
45ff14cd
45ff159a
45ff1666
45ff1733
45ff1800
45ff18cd
45ff199a
45ff1a66
45ff1b33
45ff1c00
45ff1ccd
45ff1d9a
45ff1e66
45ff1f33
45ff2000
45ff20cd
45ff219a
45ff2266
45ff2333
45ff2400
45ff24cd
45ff259a
45ff2666
45ff2733
45ff2800
45ff28cd
45ff299a
45ff2a66
45ff2b33
45ff2c00
45ff2ccd
45ff2d9a
45ff2e66
45ff2f33
45ff3000
45ff30cd
45ff319a
45ff3266
45ff3333
45ff3400
45ff34cd
45ff359a
45ff3666
45ff3733
45ff3800
45ff38cd
45ff399a
45ff3a66
45ff3b33
45ff3c00
45ff3ccd
45ff3d9a
45ff3e66
45ff3f33
45ff4000
45ff40cd
45ff419a
45ff4266
45ff4333
45ff4400
45ff44cd
45ff459a
45ff4666
45ff4733
45ff4800
45ff48cd
45ff499a
45ff4a66
45ff4b33
45ff4c00
45ff4ccd
45ff4d9a
45ff4e66
45ff4f33
45ff5000
45ff50cd
45ff519a
45ff5266
45ff5333
45ff5400
45ff54cd
45ff559a
45ff5666
45ff5733
45ff5800
45ff58cd
45ff599a
45ff5a66
45ff5b33
45ff5c00
45ff5ccd
45ff5d9a
45ff5e66
45ff5f33
45ff6000
45ff60cd
45ff619a
45ff6266
45ff6333
45ff6400
45ff64cd
45ff659a
45ff6666
45ff6733
45ff6800
45ff68cd
45ff699a
45ff6a66
45ff6b33
45ff6c00
45ff6ccd
45ff6d9a
45ff6e66
45ff6f33
45ff7000
45ff70cd
45ff719a
45ff7266
45ff7333
45ff7400
45ff74cd
45ff759a
45ff7666
45ff7733
45ff7800
45ff78cd
45ff799a
45ff7a66
45ff7b33
45ff7c00
45ff7ccd
45ff7d9a
45ff7e66
45ff7f33
45ff8000
45ff80cd
45ff819a
45ff8266
45ff8333
45ff8400
45ff84cd
45ff859a
45ff8666
45ff8733
45ff8800
45ff88cd
45ff899a
45ff8a66
45ff8b33
45ff8c00
45ff8ccd
45ff8d9a
45ff8e66
45ff8f33
45ff9000
45ff90cd
45ff919a
45ff9266
45ff9333
45ff9400
45ff94cd
45ff959a
45ff9666
45ff9733
45ff9800
45ff98cd
45ff999a
45ff9a66
45ff9b33
45ff9c00
45ff9ccd
45ff9d9a
45ff9e66
45ff9f33
45ffa000
45ffa0cd
45ffa19a
45ffa266
45ffa333
45ffa400
45ffa4cd
45ffa59a
45ffa666
45ffa733
45ffa800
45ffa8cd
45ffa99a
45ffaa66
45ffab33
45ffac00
45ffaccd
45ffad9a
45ffae66
45ffaf33
45ffb000
45ffb0cd
45ffb19a
45ffb266
45ffb333
45ffb400
45ffb4cd
45ffb59a
45ffb666
45ffb733
45ffb800
45ffb8cd
45ffb99a
45ffba66
45ffbb33
45ffbc00
45ffbccd
45ffbd9a
45ffbe66
45ffbf33
45ffc000
45ffc0cd
45ffc19a
45ffc266
45ffc333
45ffc400
45ffc4cd
45ffc59a
45ffc666
45ffc733
45ffc800
45ffc8cd
45ffc99a
45ffca66
45ffcb33
45ffcc00
45ffcccd
45ffcd9a
45ffce66
45ffcf33
45ffd000
45ffd0cd
45ffd19a
45ffd266
45ffd333
45ffd400
45ffd4cd
45ffd59a
45ffd666
45ffd733
45ffd800
45ffd8cd
45ffd99a
45ffda66
45ffdb33
45ffdc00
45ffdccd
45ffdd9a
45ffde66
45ffdf33
45ffe000
45ffe0cd
45ffe19a
45ffe266
45ffe333
45ffe400
45ffe4cd
45ffe59a
45ffe666
45ffe733
45ffe800
45ffe8cd
45ffe99a
45ffea66
45ffeb33
45ffec00
45ffeccd
45ffed9a
45ffee66
45ffef33
45fff000
45fff0cd
45fff19a
45fff266
45fff333
45fff400
45fff4cd
45fff59a
45fff666
45fff733
45fff800
45fff8cd
45fff99a
45fffa66
45fffb33
45fffc00
45fffccd
45fffd9a
45fffe66
45ffff33
46000000
46000066
460000cd
46000133
4600019a
46000200
46000266
460002cd
46000333
4600039a
46000400
46000466
460004cd
46000533
4600059a
46000600
46000666
460006cd
46000733
4600079a
46000800
46000866
460008cd
46000933
4600099a
46000a00
46000a66
46000acd
46000b33
46000b9a
46000c00
46000c66
46000ccd
46000d33
46000d9a
46000e00
46000e66
46000ecd
46000f33
46000f9a
46001000
46001066
460010cd
46001133
4600119a
46001200
46001266
460012cd
46001333
4600139a
46001400
46001466
460014cd
46001533
4600159a
46001600
46001666
460016cd
46001733
4600179a
46001800
46001866
460018cd
46001933
4600199a
46001a00
46001a66
46001acd
46001b33
46001b9a
46001c00
46001c66
46001ccd
46001d33
46001d9a
46001e00
46001e66
46001ecd
46001f33
46001f9a
46002000
46002066
460020cd
46002133
4600219a
46002200
46002266
460022cd
46002333
4600239a
46002400
46002466
460024cd
46002533
4600259a
46002600
46002666
460026cd
46002733
4600279a
46002800
46002866
460028cd
46002933
4600299a
46002a00
46002a66
46002acd
46002b33
46002b9a
46002c00
46002c66
46002ccd
46002d33
46002d9a
46002e00
46002e66
46002ecd
46002f33
46002f9a
46003000
46003066
460030cd
46003133
4600319a
46003200
46003266
460032cd
46003333
4600339a
46003400
46003466
460034cd
46003533
4600359a
46003600
46003666
460036cd
46003733
4600379a
46003800
46003866
460038cd
46003933
4600399a
46003a00
46003a66
46003acd
46003b33
46003b9a
46003c00
46003c66
46003ccd
46003d33
46003d9a
46003e00
46003e66
46003ecd
46003f33
46003f9a
46004000
46004066
460040cd
46004133
4600419a
46004200
46004266
460042cd
46004333
4600439a
46004400
46004466
460044cd
46004533
4600459a
46004600
46004666
460046cd
46004733
4600479a
46004800
46004866
460048cd
46004933
4600499a
46004a00
46004a66
46004acd
46004b33
46004b9a
46004c00
46004c66
46004ccd
46004d33
46004d9a
46004e00
46004e66
46004ecd
46004f33
46004f9a
46005000
46005066
460050cd
46005133
4600519a
46005200
46005266
460052cd
46005333
4600539a
46005400
46005466
460054cd
46005533
4600559a
46005600
46005666
460056cd
46005733
4600579a
46005800
46005866
460058cd
46005933
4600599a
46005a00
46005a66
46005acd
46005b33
46005b9a
46005c00
46005c66
46005ccd
46005d33
46005d9a
46005e00
46005e66
46005ecd
46005f33
46005f9a
46006000
46006066
460060cd
46006133
4600619a
46006200
46006266
460062cd
46006333
4600639a
46006400
46006466
460064cd
46006533
4600659a
46006600
46006666
460066cd
46006733
4600679a
46006800
46006866
460068cd
46006933
4600699a
46006a00
46006a66
46006acd
46006b33
46006b9a
46006c00
46006c66
46006ccd
46006d33
46006d9a
46006e00
46006e66
46006ecd
46006f33
46006f9a
46007000
46007066
460070cd
46007133
4600719a
46007200
46007266
460072cd
46007333
4600739a
46007400
46007466
460074cd
46007533
4600759a
46007600
46007666
460076cd
46007733
4600779a
46007800
46007866
460078cd
46007933
4600799a
46007a00
46007a66
46007acd
46007b33
46007b9a
46007c00
46007c66
46007ccd
46007d33
46007d9a
46007e00
46007e66
46007ecd
46007f33
46007f9a
46008000
46008066
460080cd
46008133
4600819a
46008200
46008266
460082cd
46008333
4600839a
46008400
46008466
460084cd
46008533
4600859a
46008600
46008666
460086cd
46008733
4600879a
46008800
46008866
460088cd
46008933
4600899a
46008a00
46008a66
46008acd
46008b33
46008b9a
46008c00
46008c66
46008ccd
46008d33
46008d9a
46008e00
46008e66
46008ecd
46008f33
46008f9a
46009000
46009066
460090cd
46009133
4600919a
46009200
46009266
460092cd
46009333
4600939a
46009400
46009466
460094cd
46009533
4600959a
46009600
46009666
460096cd
46009733
4600979a
46009800
46009866
460098cd
46009933
4600999a
46009a00
46009a66
46009acd
46009b33
46009b9a
46009c00
46009c66
46009ccd
46009d33
46009d9a
46009e00
46009e66
46009ecd
46009f33
46009f9a
4600a000
4600a066
4600a0cd
4600a133
4600a19a
4600a200
4600a266
4600a2cd
4600a333
4600a39a
4600a400
4600a466
4600a4cd
4600a533
4600a59a
4600a600
4600a666
4600a6cd
4600a733
4600a79a
4600a800
4600a866
4600a8cd
4600a933
4600a99a
4600aa00
4600aa66
4600aacd
4600ab33
4600ab9a
4600ac00
4600ac66
4600accd
4600ad33
4600ad9a
4600ae00
4600ae66
4600aecd
4600af33
4600af9a
4600b000
4600b066
4600b0cd
4600b133
4600b19a
4600b200
4600b266
4600b2cd
4600b333
4600b39a
4600b400
4600b466
4600b4cd
4600b533
4600b59a
4600b600
4600b666
4600b6cd
4600b733
4600b79a
4600b800
4600b866
4600b8cd
4600b933
4600b99a
4600ba00
4600ba66
4600bacd
4600bb33
4600bb9a
4600bc00
4600bc66
4600bccd
4600bd33
4600bd9a
4600be00
4600be66
4600becd
4600bf33
4600bf9a
4600c000
4600c066
4600c0cd
4600c133
4600c19a
4600c200
4600c266
4600c2cd
4600c333
4600c39a
4600c400
4600c466
4600c4cd
4600c533
4600c59a
4600c600
4600c666
4600c6cd
4600c733
4600c79a
4600c800
4600c866
4600c8cd
4600c933
4600c99a
4600ca00
4600ca66
4600cacd
4600cb33
4600cb9a
4600cc00
4600cc66
4600cccd
4600cd33
4600cd9a
4600ce00
4600ce66
4600cecd
4600cf33
4600cf9a
4600d000
4600d066
4600d0cd
4600d133
4600d19a
4600d200
4600d266
4600d2cd
4600d333
4600d39a
4600d400
4600d466
4600d4cd
4600d533
4600d59a
4600d600
4600d666
4600d6cd
4600d733
4600d79a
4600d800
4600d866
4600d8cd
4600d933
4600d99a
4600da00
4600da66
4600dacd
4600db33
4600db9a
4600dc00
4600dc66
4600dccd
4600dd33
4600dd9a
4600de00
4600de66
4600decd
4600df33
4600df9a
4600e000
4600e066
4600e0cd
4600e133
4600e19a
4600e200
4600e266
4600e2cd
4600e333
4600e39a
4600e400
4600e466
4600e4cd
4600e533
4600e59a
4600e600
4600e666
4600e6cd
4600e733
4600e79a
4600e800
4600e866
4600e8cd
4600e933
4600e99a
4600ea00
4600ea66
4600eacd
4600eb33
4600eb9a
4600ec00
4600ec66
4600eccd
4600ed33
4600ed9a
4600ee00
4600ee66
4600eecd
4600ef33
4600ef9a
4600f000
4600f066
4600f0cd
4600f133
4600f19a
4600f200
4600f266
4600f2cd
4600f333
4600f39a
4600f400
4600f466
4600f4cd
4600f533
4600f59a
4600f600
4600f666
4600f6cd
4600f733
4600f79a
4600f800
4600f866
4600f8cd
4600f933
4600f99a
4600fa00
4600fa66
4600facd
4600fb33
4600fb9a
4600fc00
4600fc66
4600fccd
4600fd33
4600fd9a
4600fe00
4600fe66
4600fecd
4600ff33
4600ff9a
46010000
46010066
460100cd
46010133
4601019a
46010200
46010266
460102cd
46010333
4601039a
46010400
46010466
460104cd
46010533
4601059a
46010600
46010666
460106cd
46010733
4601079a
46010800
46010866
460108cd
46010933
4601099a
46010a00
46010a66
46010acd
46010b33
46010b9a
46010c00
46010c66
46010ccd
46010d33
46010d9a
46010e00
46010e66
46010ecd
46010f33
46010f9a
46011000
46011066
460110cd
46011133
4601119a
46011200
46011266
460112cd
46011333
4601139a
46011400
46011466
460114cd
46011533
4601159a
46011600
46011666
460116cd
46011733
4601179a
46011800
46011866
460118cd
46011933
4601199a
46011a00
46011a66
46011acd
46011b33
46011b9a
46011c00
46011c66
46011ccd
46011d33
46011d9a
46011e00
46011e66
46011ecd
46011f33
46011f9a
46012000
46012066
460120cd
46012133
4601219a
46012200
46012266
460122cd
46012333
4601239a
46012400
46012466
460124cd
46012533
4601259a
46012600
46012666
460126cd
46012733
4601279a
46012800
46012866
460128cd
46012933
4601299a
46012a00
46012a66
46012acd
46012b33
46012b9a
46012c00
46012c66
46012ccd
46012d33
46012d9a
46012e00
46012e66
46012ecd
46012f33
46012f9a
46013000
46013066
460130cd
46013133
4601319a
46013200
46013266
460132cd
46013333
4601339a
46013400
46013466
460134cd
46013533
4601359a
46013600
46013666
460136cd
46013733
4601379a
46013800
46013866
460138cd
46013933
4601399a
46013a00
46013a66
46013acd
46013b33
46013b9a
46013c00
46013c66
46013ccd
46013d33
46013d9a
46013e00
46013e66
46013ecd
46013f33
46013f9a
46014000
46014066
460140cd
46014133
4601419a
46014200
46014266
460142cd
46014333
4601439a
46014400
46014466
460144cd
46014533
4601459a
46014600
46014666
460146cd
46014733
4601479a
46014800
46014866
460148cd
46014933
4601499a
46014a00
46014a66
46014acd
46014b33
46014b9a
46014c00
46014c66
46014ccd
46014d33
46014d9a
46014e00
46014e66
46014ecd
46014f33
46014f9a
46015000
46015066
460150cd
46015133
4601519a
46015200
46015266
460152cd
46015333
4601539a
46015400
46015466
460154cd
46015533
4601559a
46015600
46015666
460156cd
46015733
4601579a
46015800
46015866
460158cd
46015933
4601599a
46015a00
46015a66
46015acd
46015b33
46015b9a
46015c00
46015c66
46015ccd
46015d33
46015d9a
46015e00
46015e66
46015ecd
46015f33
46015f9a
46016000
46016066
460160cd
46016133
4601619a
46016200
46016266
460162cd
46016333
4601639a
46016400
46016466
460164cd
46016533
4601659a
46016600
46016666
460166cd
46016733
4601679a
46016800
46016866
460168cd
46016933
4601699a
46016a00
46016a66
46016acd
46016b33
46016b9a
46016c00
46016c66
46016ccd
46016d33
46016d9a
46016e00
46016e66
46016ecd
46016f33
46016f9a
46017000
46017066
460170cd
46017133
4601719a
46017200
46017266
460172cd
46017333
4601739a
46017400
46017466
460174cd
46017533
4601759a
46017600
46017666
460176cd
46017733
4601779a
46017800
46017866
460178cd
46017933
4601799a
46017a00
46017a66
46017acd
46017b33
46017b9a
46017c00
46017c66
46017ccd
46017d33
46017d9a
46017e00
46017e66
46017ecd
46017f33
46017f9a
46018000
46018066
460180cd
46018133
4601819a
46018200
46018266
460182cd
46018333
4601839a
46018400
46018466
460184cd
46018533
4601859a
46018600
46018666
460186cd
46018733
4601879a
46018800
46018866
460188cd
46018933
4601899a
46018a00
46018a66
46018acd
46018b33
46018b9a
46018c00
46018c66
46018ccd
46018d33
46018d9a
46018e00
46018e66
46018ecd
46018f33
46018f9a
46019000
46019066
460190cd
46019133
4601919a
46019200
46019266
460192cd
46019333
4601939a
46019400
46019466
460194cd
46019533
4601959a
46019600
46019666
460196cd
46019733
4601979a
46019800
46019866
460198cd
46019933
4601999a
46019a00
46019a66
46019acd
46019b33
46019b9a
46019c00
46019c66
46019ccd
46019d33
46019d9a
46019e00
46019e66
46019ecd
46019f33
46019f9a
4601a000
4601a066
4601a0cd
4601a133
4601a19a
4601a200
4601a266
4601a2cd
4601a333
4601a39a
4601a400
4601a466
4601a4cd
4601a533
4601a59a
4601a600
4601a666
4601a6cd
4601a733
4601a79a
4601a800
4601a866
4601a8cd
4601a933
4601a99a
4601aa00
4601aa66
4601aacd
4601ab33
4601ab9a
4601ac00
4601ac66
4601accd
4601ad33
4601ad9a
4601ae00
4601ae66
4601aecd
4601af33
4601af9a
4601b000
4601b066
4601b0cd
4601b133
4601b19a
4601b200
4601b266
4601b2cd
4601b333
4601b39a
4601b400
4601b466
4601b4cd
4601b533
4601b59a
4601b600
4601b666
4601b6cd
4601b733
4601b79a
4601b800
4601b866
4601b8cd
4601b933
4601b99a
4601ba00
4601ba66
4601bacd
4601bb33
4601bb9a
4601bc00
4601bc66
4601bccd
4601bd33
4601bd9a
4601be00
4601be66
4601becd
4601bf33
4601bf9a
4601c000
4601c066
4601c0cd
4601c133
4601c19a
4601c200
4601c266
4601c2cd
4601c333
4601c39a
4601c400
4601c466
4601c4cd
4601c533
4601c59a
4601c600
4601c666
4601c6cd
4601c733
4601c79a
4601c800
4601c866
4601c8cd
4601c933
4601c99a
4601ca00
4601ca66
4601cacd
4601cb33
4601cb9a
4601cc00
4601cc66
4601cccd
4601cd33
4601cd9a
4601ce00
4601ce66
4601cecd
4601cf33
4601cf9a
4601d000
4601d066
4601d0cd
4601d133
4601d19a
4601d200
4601d266
4601d2cd
4601d333
4601d39a
4601d400
4601d466
4601d4cd
4601d533
4601d59a
4601d600
4601d666
4601d6cd
4601d733
4601d79a
4601d800
4601d866
4601d8cd
4601d933
4601d99a
4601da00
4601da66
4601dacd
4601db33
4601db9a
4601dc00
4601dc66
4601dccd
4601dd33
4601dd9a
4601de00
4601de66
4601decd
4601df33
4601df9a
4601e000
4601e066
4601e0cd
4601e133
4601e19a
4601e200
4601e266
4601e2cd
4601e333
4601e39a
4601e400
4601e466
4601e4cd
4601e533
4601e59a
4601e600
4601e666
4601e6cd
4601e733
4601e79a
4601e800
4601e866
4601e8cd
4601e933
4601e99a
4601ea00
4601ea66
4601eacd
4601eb33
4601eb9a
4601ec00
4601ec66
4601eccd
4601ed33
4601ed9a
4601ee00
4601ee66
4601eecd
4601ef33
4601ef9a
4601f000
4601f066
4601f0cd
4601f133
4601f19a
4601f200
4601f266
4601f2cd
4601f333
4601f39a
4601f400
4601f466
4601f4cd
4601f533
4601f59a
4601f600
4601f666
4601f6cd
4601f733
4601f79a
4601f800
4601f866
4601f8cd
4601f933
4601f99a
4601fa00
4601fa66
4601facd
4601fb33
4601fb9a
4601fc00
4601fc66
4601fccd
4601fd33
4601fd9a
4601fe00
4601fe66
4601fecd
4601ff33
4601ff9a
46020000
46020066
460200cd
46020133
4602019a
46020200
46020266
460202cd
46020333
4602039a
46020400
46020466
460204cd
46020533
4602059a
46020600
46020666
460206cd
46020733
4602079a
46020800
46020866
460208cd
46020933
4602099a
46020a00
46020a66
46020acd
46020b33
46020b9a
46020c00
46020c66
46020ccd
46020d33
46020d9a
46020e00
46020e66
46020ecd
46020f33
46020f9a
46021000
46021066
460210cd
46021133
4602119a
46021200
46021266
460212cd
46021333
4602139a
46021400
46021466
460214cd
46021533
4602159a
46021600
46021666
460216cd
46021733
4602179a
46021800
46021866
460218cd
46021933
4602199a
46021a00
46021a66
46021acd
46021b33
46021b9a
46021c00
46021c66
46021ccd
46021d33
46021d9a
46021e00
46021e66
46021ecd
46021f33
46021f9a
46022000
46022066
460220cd
46022133
4602219a
46022200
46022266
460222cd
46022333
4602239a
46022400
46022466
460224cd
46022533
4602259a
46022600
46022666
460226cd
46022733
4602279a
46022800
46022866
460228cd
46022933
4602299a
46022a00
46022a66
46022acd
46022b33
46022b9a
46022c00
46022c66
46022ccd
46022d33
46022d9a
46022e00
46022e66
46022ecd
46022f33
46022f9a
46023000
46023066
460230cd
46023133
4602319a
46023200
46023266
460232cd
46023333
4602339a
46023400
46023466
460234cd
46023533
4602359a
46023600
46023666
460236cd
46023733
4602379a
46023800
46023866
460238cd
46023933
4602399a
46023a00
46023a66
46023acd
46023b33
46023b9a
46023c00
46023c66
46023ccd
46023d33
46023d9a
46023e00
46023e66
46023ecd
46023f33
46023f9a
46024000
46024066
460240cd
46024133
4602419a
46024200
46024266
460242cd
46024333
4602439a
46024400
46024466
460244cd
46024533
4602459a
46024600
46024666
460246cd
46024733
4602479a
46024800
46024866
460248cd
46024933
4602499a
46024a00
46024a66
46024acd
46024b33
46024b9a
46024c00
46024c66
46024ccd
46024d33
46024d9a
46024e00
46024e66
46024ecd
46024f33
46024f9a
46025000
46025066
460250cd
46025133
4602519a
46025200
46025266
460252cd
46025333
4602539a
46025400
46025466
460254cd
46025533
4602559a
46025600
46025666
460256cd
46025733
4602579a
46025800
46025866
460258cd
46025933
4602599a
46025a00
46025a66
46025acd
46025b33
46025b9a
46025c00
46025c66
46025ccd
46025d33
46025d9a
46025e00
46025e66
46025ecd
46025f33
46025f9a
46026000
46026066
460260cd
46026133
4602619a
46026200
46026266
460262cd
46026333
4602639a
46026400
46026466
460264cd
46026533
4602659a
46026600
46026666
460266cd
46026733
4602679a
46026800
46026866
460268cd
46026933
4602699a
46026a00
46026a66
46026acd
46026b33
46026b9a
46026c00
46026c66
46026ccd
46026d33
46026d9a
46026e00
46026e66
46026ecd
46026f33
46026f9a
46027000
46027066
460270cd
46027133
4602719a
46027200
46027266
460272cd
46027333
4602739a
46027400
46027466
460274cd
46027533
4602759a
46027600
46027666
460276cd
46027733
4602779a
46027800
46027866
460278cd
46027933
4602799a
46027a00
46027a66
46027acd
46027b33
46027b9a
46027c00
46027c66
46027ccd
46027d33
46027d9a
46027e00
46027e66
46027ecd
46027f33
46027f9a
46028000
46028066
460280cd
46028133
4602819a
46028200
46028266
460282cd
46028333
4602839a
46028400
46028466
460284cd
46028533
4602859a
46028600
46028666
460286cd
46028733
4602879a
46028800
46028866
460288cd
46028933
4602899a
46028a00
46028a66
46028acd
46028b33
46028b9a
46028c00
46028c66
46028ccd
46028d33
46028d9a
46028e00
46028e66
46028ecd
46028f33
46028f9a
46029000
46029066
460290cd
46029133
4602919a
46029200
46029266
460292cd
46029333
4602939a
46029400
46029466
460294cd
46029533
4602959a
46029600
46029666
460296cd
46029733
4602979a
46029800
46029866
460298cd
46029933
4602999a
46029a00
46029a66
46029acd
46029b33
46029b9a
46029c00
46029c66
46029ccd
46029d33
46029d9a
46029e00
46029e66
46029ecd
46029f33
46029f9a
4602a000
4602a066
4602a0cd
4602a133
4602a19a
4602a200
4602a266
4602a2cd
4602a333
4602a39a
4602a400
4602a466
4602a4cd
4602a533
4602a59a
4602a600
4602a666
4602a6cd
4602a733
4602a79a
4602a800
4602a866
4602a8cd
4602a933
4602a99a
4602aa00
4602aa66
4602aacd
4602ab33
4602ab9a
4602ac00
4602ac66
4602accd
4602ad33
4602ad9a
4602ae00
4602ae66
4602aecd
4602af33
4602af9a
4602b000
4602b066
4602b0cd
4602b133
4602b19a
4602b200
4602b266
4602b2cd
4602b333
4602b39a
4602b400
4602b466
4602b4cd
4602b533
4602b59a
4602b600
4602b666
4602b6cd
4602b733
4602b79a
4602b800
4602b866
4602b8cd
4602b933
4602b99a
4602ba00
4602ba66
4602bacd
4602bb33
4602bb9a
4602bc00
4602bc66
4602bccd
4602bd33
4602bd9a
4602be00
4602be66
4602becd
4602bf33
4602bf9a
4602c000
4602c066
4602c0cd
4602c133
4602c19a
4602c200
4602c266
4602c2cd
4602c333
4602c39a
4602c400
4602c466
4602c4cd
4602c533
4602c59a
4602c600
4602c666
4602c6cd
4602c733
4602c79a
4602c800
4602c866
4602c8cd
4602c933
4602c99a
4602ca00
4602ca66
4602cacd
4602cb33
4602cb9a
4602cc00
4602cc66
4602cccd
4602cd33
4602cd9a
4602ce00
4602ce66
4602cecd
4602cf33
4602cf9a
4602d000
4602d066
4602d0cd
4602d133
4602d19a
4602d200
4602d266
4602d2cd
4602d333
4602d39a
4602d400
4602d466
4602d4cd
4602d533
4602d59a
4602d600
4602d666
4602d6cd
4602d733
4602d79a
4602d800
4602d866
4602d8cd
4602d933
4602d99a
4602da00
4602da66
4602dacd
4602db33
4602db9a
4602dc00
4602dc66
4602dccd
4602dd33
4602dd9a
4602de00
4602de66
4602decd
4602df33
4602df9a
4602e000
4602e066
4602e0cd
4602e133
4602e19a
4602e200
4602e266
4602e2cd
4602e333
4602e39a
4602e400
4602e466
4602e4cd
4602e533
4602e59a
4602e600
4602e666
4602e6cd
4602e733
4602e79a
4602e800
4602e866
4602e8cd
4602e933
4602e99a
4602ea00
4602ea66
4602eacd
4602eb33
4602eb9a
4602ec00
4602ec66
4602eccd
4602ed33
4602ed9a
4602ee00
4602ee66
4602eecd
4602ef33
4602ef9a
4602f000
4602f066
4602f0cd
4602f133
4602f19a
4602f200
4602f266
4602f2cd
4602f333
4602f39a
4602f400
4602f466
4602f4cd
4602f533
4602f59a
4602f600
4602f666
4602f6cd
4602f733
4602f79a
4602f800
4602f866
4602f8cd
4602f933
4602f99a
4602fa00
4602fa66
4602facd
4602fb33
4602fb9a
4602fc00
4602fc66
4602fccd
4602fd33
4602fd9a
4602fe00
4602fe66
4602fecd
4602ff33
4602ff9a
46030000
46030066
460300cd
46030133
4603019a
46030200
46030266
460302cd
46030333
4603039a
46030400
46030466
460304cd
46030533
4603059a
46030600
46030666
460306cd
46030733
4603079a
46030800
46030866
460308cd
46030933
4603099a
46030a00
46030a66
46030acd
46030b33
46030b9a
46030c00
46030c66
46030ccd
46030d33
46030d9a
46030e00
46030e66
46030ecd
46030f33
46030f9a
46031000
46031066
460310cd
46031133
4603119a
46031200
46031266
460312cd
46031333
4603139a
46031400
46031466
460314cd
46031533
4603159a
46031600
46031666
460316cd
46031733
4603179a
46031800
46031866
460318cd
46031933
4603199a
46031a00
46031a66
46031acd
46031b33
46031b9a
46031c00
46031c66
46031ccd
46031d33
46031d9a
46031e00
46031e66
46031ecd
46031f33
46031f9a
46032000
46032066
460320cd
46032133
4603219a
46032200
46032266
460322cd
46032333
4603239a
46032400
46032466
460324cd
46032533
4603259a
46032600
46032666
460326cd
46032733
4603279a
46032800
46032866
460328cd
46032933
4603299a
46032a00
46032a66
46032acd
46032b33
46032b9a
46032c00
46032c66
46032ccd
46032d33
46032d9a
46032e00
46032e66
46032ecd
46032f33
46032f9a
46033000
46033066
460330cd
46033133
4603319a
46033200
46033266
460332cd
46033333
4603339a
46033400
46033466
460334cd
46033533
4603359a
46033600
46033666
460336cd
46033733
4603379a
46033800
46033866
460338cd
46033933
4603399a
46033a00
46033a66
46033acd
46033b33
46033b9a
46033c00
46033c66
46033ccd
46033d33
46033d9a
46033e00
46033e66
46033ecd
46033f33
46033f9a
46034000
46034066
460340cd
46034133
4603419a
46034200
46034266
460342cd
46034333
4603439a
46034400
46034466
460344cd
46034533
4603459a
46034600
46034666
460346cd
46034733
4603479a
46034800
46034866
460348cd
46034933
4603499a
46034a00
46034a66
46034acd
46034b33
46034b9a
46034c00
46034c66
46034ccd
46034d33
46034d9a
46034e00
46034e66
46034ecd
46034f33
46034f9a
46035000
46035066
460350cd
46035133
4603519a
46035200
46035266
460352cd
46035333
4603539a
46035400
46035466
460354cd
46035533
4603559a
46035600
46035666
460356cd
46035733
4603579a
46035800
46035866
460358cd
46035933
4603599a
46035a00
46035a66
46035acd
46035b33
46035b9a
46035c00
46035c66
46035ccd
46035d33
46035d9a
46035e00
46035e66
46035ecd
46035f33
46035f9a
46036000
46036066
460360cd
46036133
4603619a
46036200
46036266
460362cd
46036333
4603639a
46036400
46036466
460364cd
46036533
4603659a
46036600
46036666
460366cd
46036733
4603679a
46036800
46036866
460368cd
46036933
4603699a
46036a00
46036a66
46036acd
46036b33
46036b9a
46036c00
46036c66
46036ccd
46036d33
46036d9a
46036e00
46036e66
46036ecd
46036f33
46036f9a
46037000
46037066
460370cd
46037133
4603719a
46037200
46037266
460372cd
46037333
4603739a
46037400
46037466
460374cd
46037533
4603759a
46037600
46037666
460376cd
46037733
4603779a
46037800
46037866
460378cd
46037933
4603799a
46037a00
46037a66
46037acd
46037b33
46037b9a
46037c00
46037c66
46037ccd
46037d33
46037d9a
46037e00
46037e66
46037ecd
46037f33
46037f9a
46038000
46038066
460380cd
46038133
4603819a
46038200
46038266
460382cd
46038333
4603839a
46038400
46038466
460384cd
46038533
4603859a
46038600
46038666
460386cd
46038733
4603879a
46038800
46038866
460388cd
46038933
4603899a
46038a00
46038a66
46038acd
46038b33
46038b9a
46038c00
46038c66
46038ccd
46038d33
46038d9a
46038e00
46038e66
46038ecd
46038f33
46038f9a
46039000
46039066
460390cd
46039133
4603919a
46039200
46039266
460392cd
46039333
4603939a
46039400
46039466
460394cd
46039533
4603959a
46039600
46039666
460396cd
46039733
4603979a
46039800
46039866
460398cd
46039933
4603999a
46039a00
46039a66
46039acd
46039b33
46039b9a
46039c00
46039c66
46039ccd
46039d33
46039d9a
46039e00
46039e66
46039ecd
46039f33
46039f9a
4603a000
4603a066
4603a0cd
4603a133
4603a19a
4603a200
4603a266
4603a2cd
4603a333
4603a39a
4603a400
4603a466
4603a4cd
4603a533
4603a59a
4603a600
4603a666
4603a6cd
4603a733
4603a79a
4603a800
4603a866
4603a8cd
4603a933
4603a99a
4603aa00
4603aa66
4603aacd
4603ab33
4603ab9a
4603ac00
4603ac66
4603accd
4603ad33
4603ad9a
4603ae00
4603ae66
4603aecd
4603af33
4603af9a
4603b000
4603b066
4603b0cd
4603b133
4603b19a
4603b200
4603b266
4603b2cd
4603b333
4603b39a
4603b400
4603b466
4603b4cd
4603b533
4603b59a
4603b600
4603b666
4603b6cd
4603b733
4603b79a
4603b800
4603b866
4603b8cd
4603b933
4603b99a
4603ba00
4603ba66
4603bacd
4603bb33
4603bb9a
4603bc00
4603bc66
4603bccd
4603bd33
4603bd9a
4603be00
4603be66
4603becd
4603bf33
4603bf9a
4603c000
4603c066
4603c0cd
4603c133
4603c19a
4603c200
4603c266
4603c2cd
4603c333
4603c39a
4603c400
4603c466
4603c4cd
4603c533
4603c59a
4603c600
4603c666
4603c6cd
4603c733
4603c79a
4603c800
4603c866
4603c8cd
4603c933
4603c99a
4603ca00
4603ca66
4603cacd
4603cb33
4603cb9a
4603cc00
4603cc66
4603cccd
4603cd33
4603cd9a
4603ce00
4603ce66
4603cecd
4603cf33
4603cf9a
4603d000
4603d066
4603d0cd
4603d133
4603d19a
4603d200
4603d266
4603d2cd
4603d333
4603d39a
4603d400
4603d466
4603d4cd
4603d533
4603d59a
4603d600
4603d666
4603d6cd
4603d733
4603d79a
4603d800
4603d866
4603d8cd
4603d933
4603d99a
4603da00
4603da66
4603dacd
4603db33
4603db9a
4603dc00
4603dc66
4603dccd
4603dd33
4603dd9a
4603de00
4603de66
4603decd
4603df33
4603df9a
4603e000
4603e066
4603e0cd
4603e133
4603e19a
4603e200
4603e266
4603e2cd
4603e333
4603e39a
4603e400
4603e466
4603e4cd
4603e533
4603e59a
4603e600
4603e666
4603e6cd
4603e733
4603e79a
4603e800
4603e866
4603e8cd
4603e933
4603e99a
4603ea00
4603ea66
4603eacd
4603eb33
4603eb9a
4603ec00
4603ec66
4603eccd
4603ed33
4603ed9a
4603ee00
4603ee66
4603eecd
4603ef33
4603ef9a
4603f000
4603f066
4603f0cd
4603f133
4603f19a
4603f200
4603f266
4603f2cd
4603f333
4603f39a
4603f400
4603f466
4603f4cd
4603f533
4603f59a
4603f600
4603f666
4603f6cd
4603f733
4603f79a
4603f800
4603f866
4603f8cd
4603f933
4603f99a
4603fa00
4603fa66
4603facd
4603fb33
4603fb9a
4603fc00
4603fc66
4603fccd
4603fd33
4603fd9a
4603fe00
4603fe66
4603fecd
4603ff33
4603ff9a
46040000
46040066
460400cd
46040133
4604019a
46040200
46040266
460402cd
46040333
4604039a
46040400
46040466
460404cd
46040533
4604059a
46040600
46040666
460406cd
46040733
4604079a
46040800
46040866
460408cd
46040933
4604099a
46040a00
46040a66
46040acd
46040b33
46040b9a
46040c00
46040c66
46040ccd
46040d33
46040d9a
46040e00
46040e66
46040ecd
46040f33
46040f9a
46041000
46041066
460410cd
46041133
4604119a
46041200
46041266
460412cd
46041333
4604139a
46041400
46041466
460414cd
46041533
4604159a
46041600
46041666
460416cd
46041733
4604179a
46041800
46041866
460418cd
46041933
4604199a
46041a00
46041a66
46041acd
46041b33
46041b9a
46041c00
46041c66
46041ccd
46041d33
46041d9a
46041e00
46041e66
46041ecd
46041f33
46041f9a
46042000
46042066
460420cd
46042133
4604219a
46042200
46042266
460422cd
46042333
4604239a
46042400
46042466
460424cd
46042533
4604259a
46042600
46042666
460426cd
46042733
4604279a
46042800
46042866
460428cd
46042933
4604299a
46042a00
46042a66
46042acd
46042b33
46042b9a
46042c00
46042c66
46042ccd
46042d33
46042d9a
46042e00
46042e66
46042ecd
46042f33
46042f9a
46043000
46043066
460430cd
46043133
4604319a
46043200
46043266
460432cd
46043333
4604339a
46043400
46043466
460434cd
46043533
4604359a
46043600
46043666
460436cd
46043733
4604379a
46043800
46043866
460438cd
46043933
4604399a
46043a00
46043a66
46043acd
46043b33
46043b9a
46043c00
46043c66
46043ccd
46043d33
46043d9a
46043e00
46043e66
46043ecd
46043f33
46043f9a
46044000
46044066
460440cd
46044133
4604419a
46044200
46044266
460442cd
46044333
4604439a
46044400
46044466
460444cd
46044533
4604459a
46044600
46044666
460446cd
46044733
4604479a
46044800
46044866
460448cd
46044933
4604499a
46044a00
46044a66
46044acd
46044b33
46044b9a
46044c00
46044c66
46044ccd
46044d33
46044d9a
46044e00
46044e66
46044ecd
46044f33
46044f9a
46045000
46045066
460450cd
46045133
4604519a
46045200
46045266
460452cd
46045333
4604539a
46045400
46045466
460454cd
46045533
4604559a
46045600
46045666
460456cd
46045733
4604579a
46045800
46045866
460458cd
46045933
4604599a
46045a00
46045a66
46045acd
46045b33
46045b9a
46045c00
46045c66
46045ccd
46045d33
46045d9a
46045e00
46045e66
46045ecd
46045f33
46045f9a
46046000
46046066
460460cd
46046133
4604619a
46046200
46046266
460462cd
46046333
4604639a
46046400
46046466
460464cd
46046533
4604659a
46046600
46046666
460466cd
46046733
4604679a
46046800
46046866
460468cd
46046933
4604699a
46046a00
46046a66
46046acd
46046b33
46046b9a
46046c00
46046c66
46046ccd
46046d33
46046d9a
46046e00
46046e66
46046ecd
46046f33
46046f9a
46047000
46047066
460470cd
46047133
4604719a
46047200
46047266
460472cd
46047333
4604739a
46047400
46047466
460474cd
46047533
4604759a
46047600
46047666
460476cd
46047733
4604779a
46047800
46047866
460478cd
46047933
4604799a
46047a00
46047a66
46047acd
46047b33
46047b9a
46047c00
46047c66
46047ccd
46047d33
46047d9a
46047e00
46047e66
46047ecd
46047f33
46047f9a
46048000
46048066
460480cd
46048133
4604819a
46048200
46048266
460482cd
46048333
4604839a
46048400
46048466
460484cd
46048533
4604859a
46048600
46048666
460486cd
46048733
4604879a
46048800
46048866
460488cd
46048933
4604899a
46048a00
46048a66
46048acd
46048b33
46048b9a
46048c00
46048c66
46048ccd
46048d33
46048d9a
46048e00
46048e66
46048ecd
46048f33
46048f9a
46049000
46049066
460490cd
46049133
4604919a
46049200
46049266
460492cd
46049333
4604939a
46049400
46049466
460494cd
46049533
4604959a
46049600
46049666
460496cd
46049733
4604979a
46049800
46049866
460498cd
46049933
4604999a
46049a00
46049a66
46049acd
46049b33
46049b9a
46049c00
46049c66
46049ccd
46049d33
46049d9a
46049e00
46049e66
46049ecd
46049f33
46049f9a
4604a000
4604a066
4604a0cd
4604a133
4604a19a
4604a200
4604a266
4604a2cd
4604a333
4604a39a
4604a400
4604a466
4604a4cd
4604a533
4604a59a
4604a600
4604a666
4604a6cd
4604a733
4604a79a
4604a800
4604a866
4604a8cd
4604a933
4604a99a
4604aa00
4604aa66
4604aacd
4604ab33
4604ab9a
4604ac00
4604ac66
4604accd
4604ad33
4604ad9a
4604ae00
4604ae66
4604aecd
4604af33
4604af9a
4604b000
4604b066
4604b0cd
4604b133
4604b19a
4604b200
4604b266
4604b2cd
4604b333
4604b39a
4604b400
4604b466
4604b4cd
4604b533
4604b59a
4604b600
4604b666
4604b6cd
4604b733
4604b79a
4604b800
4604b866
4604b8cd
4604b933
4604b99a
4604ba00
4604ba66
4604bacd
4604bb33
4604bb9a
4604bc00
4604bc66
4604bccd
4604bd33
4604bd9a
4604be00
4604be66
4604becd
4604bf33
4604bf9a
4604c000
4604c066
4604c0cd
4604c133
4604c19a
4604c200
4604c266
4604c2cd
4604c333
4604c39a
4604c400
4604c466
4604c4cd
4604c533
4604c59a
4604c600
4604c666
4604c6cd
4604c733
4604c79a
4604c800
4604c866
4604c8cd
4604c933
4604c99a
4604ca00
4604ca66
4604cacd
4604cb33
4604cb9a
4604cc00
4604cc66
4604cccd
4604cd33
4604cd9a
4604ce00
4604ce66
4604cecd
4604cf33
4604cf9a
4604d000
4604d066
4604d0cd
4604d133
4604d19a
4604d200
4604d266
4604d2cd
4604d333
4604d39a
4604d400
4604d466
4604d4cd
4604d533
4604d59a
4604d600
4604d666
4604d6cd
4604d733
4604d79a
4604d800
4604d866
4604d8cd
4604d933
4604d99a
4604da00
4604da66
4604dacd
4604db33
4604db9a
4604dc00
4604dc66
4604dccd
4604dd33
4604dd9a
4604de00
4604de66
4604decd
4604df33
4604df9a
4604e000
4604e066
4604e0cd
4604e133
4604e19a
4604e200
4604e266
4604e2cd
4604e333
4604e39a
4604e400
4604e466
4604e4cd
4604e533
4604e59a
4604e600
4604e666
4604e6cd
4604e733
4604e79a
4604e800
4604e866
4604e8cd
4604e933
4604e99a
4604ea00
4604ea66
4604eacd
4604eb33
4604eb9a
4604ec00
4604ec66
4604eccd
4604ed33
4604ed9a
4604ee00
4604ee66
4604eecd
4604ef33
4604ef9a
4604f000
4604f066
4604f0cd
4604f133
4604f19a
4604f200
4604f266
4604f2cd
4604f333
4604f39a
4604f400
4604f466
4604f4cd
4604f533
4604f59a
4604f600
4604f666
4604f6cd
4604f733
4604f79a
4604f800
4604f866
4604f8cd
4604f933
4604f99a
4604fa00
4604fa66
4604facd
4604fb33
4604fb9a
4604fc00
4604fc66
4604fccd
4604fd33
4604fd9a
4604fe00
4604fe66
4604fecd
4604ff33
4604ff9a
46050000
46050066
460500cd
46050133
4605019a
46050200
46050266
460502cd
46050333
4605039a
46050400
46050466
460504cd
46050533
4605059a
46050600
46050666
460506cd
46050733
4605079a
46050800
46050866
460508cd
46050933
4605099a
46050a00
46050a66
46050acd
46050b33
46050b9a
46050c00
46050c66
46050ccd
46050d33
46050d9a
46050e00
46050e66
46050ecd
46050f33
46050f9a
46051000
46051066
460510cd
46051133
4605119a
46051200
46051266
460512cd
46051333
4605139a
46051400
46051466
460514cd
46051533
4605159a
46051600
46051666
460516cd
46051733
4605179a
46051800
46051866
460518cd
46051933
4605199a
46051a00
46051a66
46051acd
46051b33
46051b9a
46051c00
46051c66
46051ccd
46051d33
46051d9a
46051e00
46051e66
46051ecd
46051f33
46051f9a
46052000
46052066
460520cd
46052133
4605219a
46052200
46052266
460522cd
46052333
4605239a
46052400
46052466
460524cd
46052533
4605259a
46052600
46052666
460526cd
46052733
4605279a
46052800
46052866
460528cd
46052933
4605299a
46052a00
46052a66
46052acd
46052b33
46052b9a
46052c00
46052c66
46052ccd
46052d33
46052d9a
46052e00
46052e66
46052ecd
46052f33
46052f9a
46053000
46053066
460530cd
46053133
4605319a
46053200
46053266
460532cd
46053333
4605339a
46053400
46053466
460534cd
46053533
4605359a
46053600
46053666
460536cd
46053733
4605379a
46053800
46053866
460538cd
46053933
4605399a
46053a00
46053a66
46053acd
46053b33
46053b9a
46053c00
46053c66
46053ccd
46053d33
46053d9a
46053e00
46053e66
46053ecd
46053f33
46053f9a
46054000
46054066
460540cd
46054133
4605419a
46054200
46054266
460542cd
46054333
4605439a
46054400
46054466
460544cd
46054533
4605459a
46054600
46054666
460546cd
46054733
4605479a
46054800
46054866
460548cd
46054933
4605499a
46054a00
46054a66
46054acd
46054b33
46054b9a
46054c00
46054c66
46054ccd
46054d33
46054d9a
46054e00
46054e66
46054ecd
46054f33
46054f9a
46055000
46055066
460550cd
46055133
4605519a
46055200
46055266
460552cd
46055333
4605539a
46055400
46055466
460554cd
46055533
4605559a
46055600
46055666
460556cd
46055733
4605579a
46055800
46055866
460558cd
46055933
4605599a
46055a00
46055a66
46055acd
46055b33
46055b9a
46055c00
46055c66
46055ccd
46055d33
46055d9a
46055e00
46055e66
46055ecd
46055f33
46055f9a
46056000
46056066
460560cd
46056133
4605619a
46056200
46056266
460562cd
46056333
4605639a
46056400
46056466
460564cd
46056533
4605659a
46056600
46056666
460566cd
46056733
4605679a
46056800
46056866
460568cd
46056933
4605699a
46056a00
46056a66
46056acd
46056b33
46056b9a
46056c00
46056c66
46056ccd
46056d33
46056d9a
46056e00
46056e66
46056ecd
46056f33
46056f9a
46057000
46057066
460570cd
46057133
4605719a
46057200
46057266
460572cd
46057333
4605739a
46057400
46057466
460574cd
46057533
4605759a
46057600
46057666
460576cd
46057733
4605779a
46057800
46057866
460578cd
46057933
4605799a
46057a00
46057a66
46057acd
46057b33
46057b9a
46057c00
46057c66
46057ccd
46057d33
46057d9a
46057e00
46057e66
46057ecd
46057f33
46057f9a
46058000
46058066
460580cd
46058133
4605819a
46058200
46058266
460582cd
46058333
4605839a
46058400
46058466
460584cd
46058533
4605859a
46058600
46058666
460586cd
46058733
4605879a
46058800
46058866
460588cd
46058933
4605899a
46058a00
46058a66
46058acd
46058b33
46058b9a
46058c00
46058c66
46058ccd
46058d33
46058d9a
46058e00
46058e66
46058ecd
46058f33
46058f9a
46059000
46059066
460590cd
46059133
4605919a
46059200
46059266
460592cd
46059333
4605939a
46059400
46059466
460594cd
46059533
4605959a
46059600
46059666
460596cd
46059733
4605979a
46059800
46059866
460598cd
46059933
4605999a
46059a00
46059a66
46059acd
46059b33
46059b9a
46059c00
46059c66
46059ccd
46059d33
46059d9a
46059e00
46059e66
46059ecd
46059f33
46059f9a
4605a000
4605a066
4605a0cd
4605a133
4605a19a
4605a200
4605a266
4605a2cd
4605a333
4605a39a
4605a400
4605a466
4605a4cd
4605a533
4605a59a
4605a600
4605a666
4605a6cd
4605a733
4605a79a
4605a800
4605a866
4605a8cd
4605a933
4605a99a
4605aa00
4605aa66
4605aacd
4605ab33
4605ab9a
4605ac00
4605ac66
4605accd
4605ad33
4605ad9a
4605ae00
4605ae66
4605aecd
4605af33
4605af9a
4605b000
4605b066
4605b0cd
4605b133
4605b19a
4605b200
4605b266
4605b2cd
4605b333
4605b39a
4605b400
4605b466
4605b4cd
4605b533
4605b59a
4605b600
4605b666
4605b6cd
4605b733
4605b79a
4605b800
4605b866
4605b8cd
4605b933
4605b99a
4605ba00
4605ba66
4605bacd
4605bb33
4605bb9a
4605bc00
4605bc66
4605bccd
4605bd33
4605bd9a
4605be00
4605be66
4605becd
4605bf33
4605bf9a
4605c000
4605c066
4605c0cd
4605c133
4605c19a
4605c200
4605c266
4605c2cd
4605c333
4605c39a
4605c400
4605c466
4605c4cd
4605c533
4605c59a
4605c600
4605c666
4605c6cd
4605c733
4605c79a
4605c800
4605c866
4605c8cd
4605c933
4605c99a
4605ca00
4605ca66
4605cacd
4605cb33
4605cb9a
4605cc00
4605cc66
4605cccd
4605cd33
4605cd9a
4605ce00
4605ce66
4605cecd
4605cf33
4605cf9a
4605d000
4605d066
4605d0cd
4605d133
4605d19a
4605d200
4605d266
4605d2cd
4605d333
4605d39a
4605d400
4605d466
4605d4cd
4605d533
4605d59a
4605d600
4605d666
4605d6cd
4605d733
4605d79a
4605d800
4605d866
4605d8cd
4605d933
4605d99a
4605da00
4605da66
4605dacd
4605db33
4605db9a
4605dc00
4605dc66
4605dccd
4605dd33
4605dd9a
4605de00
4605de66
4605decd
4605df33
4605df9a
4605e000
4605e066
4605e0cd
4605e133
4605e19a
4605e200
4605e266
4605e2cd
4605e333
4605e39a
4605e400
4605e466
4605e4cd
4605e533
4605e59a
4605e600
4605e666
4605e6cd
4605e733
4605e79a
4605e800
4605e866
4605e8cd
4605e933
4605e99a
4605ea00
4605ea66
4605eacd
4605eb33
4605eb9a
4605ec00
4605ec66
4605eccd
4605ed33
4605ed9a
4605ee00
4605ee66
4605eecd
4605ef33
4605ef9a
4605f000
4605f066
4605f0cd
4605f133
4605f19a
4605f200
4605f266
4605f2cd
4605f333
4605f39a
4605f400
4605f466
4605f4cd
4605f533
4605f59a
4605f600
4605f666
4605f6cd
4605f733
4605f79a
4605f800
4605f866
4605f8cd
4605f933
4605f99a
4605fa00
4605fa66
4605facd
4605fb33
4605fb9a
4605fc00
4605fc66
4605fccd
4605fd33
4605fd9a
4605fe00
4605fe66
4605fecd
4605ff33
4605ff9a
46060000
46060066
460600cd
46060133
4606019a
46060200
46060266
460602cd
46060333
4606039a
46060400
46060466
460604cd
46060533
4606059a
46060600
46060666
460606cd
46060733
4606079a
46060800
46060866
460608cd
46060933
4606099a
46060a00
46060a66
46060acd
46060b33
46060b9a
46060c00
46060c66
46060ccd
46060d33
46060d9a
46060e00
46060e66
46060ecd
46060f33
46060f9a
46061000
46061066
460610cd
46061133
4606119a
46061200
46061266
460612cd
46061333
4606139a
46061400
46061466
460614cd
46061533
4606159a
46061600
46061666
460616cd
46061733
4606179a
46061800
46061866
460618cd
46061933
4606199a
46061a00
46061a66
46061acd
46061b33
46061b9a
46061c00
46061c66
46061ccd
46061d33
46061d9a
46061e00
46061e66
46061ecd
46061f33
46061f9a
46062000
46062066
460620cd
46062133
4606219a
46062200
46062266
460622cd
46062333
4606239a
46062400
46062466
460624cd
46062533
4606259a
46062600
46062666
460626cd
46062733
4606279a
46062800
46062866
460628cd
46062933
4606299a
46062a00
46062a66
46062acd
46062b33
46062b9a
46062c00
46062c66
46062ccd
46062d33
46062d9a
46062e00
46062e66
46062ecd
46062f33
46062f9a
46063000
46063066
460630cd
46063133
4606319a
46063200
46063266
460632cd
46063333
4606339a
46063400
46063466
460634cd
46063533
4606359a
46063600
46063666
460636cd
46063733
4606379a
46063800
46063866
460638cd
46063933
4606399a
46063a00
46063a66
46063acd
46063b33
46063b9a
46063c00
46063c66
46063ccd
46063d33
46063d9a
46063e00
46063e66
46063ecd
46063f33
46063f9a
46064000
46064066
460640cd
46064133
4606419a
46064200
46064266
460642cd
46064333
4606439a
46064400
46064466
460644cd
46064533
4606459a
46064600
46064666
460646cd
46064733
4606479a
46064800
46064866
460648cd
46064933
4606499a
46064a00
46064a66
46064acd
46064b33
46064b9a
46064c00
46064c66
46064ccd
46064d33
46064d9a
46064e00
46064e66
46064ecd
46064f33
46064f9a
46065000
46065066
460650cd
46065133
4606519a
46065200
46065266
460652cd
46065333
4606539a
46065400
46065466
460654cd
46065533
4606559a
46065600
46065666
460656cd
46065733
4606579a
46065800
46065866
460658cd
46065933
4606599a
46065a00
46065a66
46065acd
46065b33
46065b9a
46065c00
46065c66
46065ccd
46065d33
46065d9a
46065e00
46065e66
46065ecd
46065f33
46065f9a
46066000
46066066
460660cd
46066133
4606619a
46066200
46066266
460662cd
46066333
4606639a
46066400
46066466
460664cd
46066533
4606659a
46066600
46066666
460666cd
46066733
4606679a
46066800
46066866
460668cd
46066933
4606699a
46066a00
46066a66
46066acd
46066b33
46066b9a
46066c00
46066c66
46066ccd
46066d33
46066d9a
46066e00
46066e66
46066ecd
46066f33
46066f9a
46067000
46067066
460670cd
46067133
4606719a
46067200
46067266
460672cd
46067333
4606739a
46067400
46067466
460674cd
46067533
4606759a
46067600
46067666
460676cd
46067733
4606779a
46067800
46067866
460678cd
46067933
4606799a
46067a00
46067a66
46067acd
46067b33
46067b9a
46067c00
46067c66
46067ccd
46067d33
46067d9a
46067e00
46067e66
46067ecd
46067f33
46067f9a
46068000
46068066
460680cd
46068133
4606819a
46068200
46068266
460682cd
46068333
4606839a
46068400
46068466
460684cd
46068533
4606859a
46068600
46068666
460686cd
46068733
4606879a
46068800
46068866
460688cd
46068933
4606899a
46068a00
46068a66
46068acd
46068b33
46068b9a
46068c00
46068c66
46068ccd
46068d33
46068d9a
46068e00
46068e66
46068ecd
46068f33
46068f9a
46069000
46069066
460690cd
46069133
4606919a
46069200
46069266
460692cd
46069333
4606939a
46069400
46069466
460694cd
46069533
4606959a
46069600
46069666
460696cd
46069733
4606979a
46069800
46069866
460698cd
46069933
4606999a
46069a00
46069a66
46069acd
46069b33
46069b9a
46069c00
46069c66
46069ccd
46069d33
46069d9a
46069e00
46069e66
46069ecd
46069f33
46069f9a
4606a000
4606a066
4606a0cd
4606a133
4606a19a
4606a200
4606a266
4606a2cd
4606a333
4606a39a
4606a400
4606a466
4606a4cd
4606a533
4606a59a
4606a600
4606a666
4606a6cd
4606a733
4606a79a
4606a800
4606a866
4606a8cd
4606a933
4606a99a
4606aa00
4606aa66
4606aacd
4606ab33
4606ab9a
4606ac00
4606ac66
4606accd
4606ad33
4606ad9a
4606ae00
4606ae66
4606aecd
4606af33
4606af9a
4606b000
4606b066
4606b0cd
4606b133
4606b19a
4606b200
4606b266
4606b2cd
4606b333
4606b39a
4606b400
4606b466
4606b4cd
4606b533
4606b59a
4606b600
4606b666
4606b6cd
4606b733
4606b79a
4606b800
4606b866
4606b8cd
4606b933
4606b99a
4606ba00
4606ba66
4606bacd
4606bb33
4606bb9a
4606bc00
4606bc66
4606bccd
4606bd33
4606bd9a
4606be00
4606be66
4606becd
4606bf33
4606bf9a
4606c000
4606c066
4606c0cd
4606c133
4606c19a
4606c200
4606c266
4606c2cd
4606c333
4606c39a
4606c400
4606c466
4606c4cd
4606c533
4606c59a
4606c600
4606c666
4606c6cd
4606c733
4606c79a
4606c800
4606c866
4606c8cd
4606c933
4606c99a
4606ca00
4606ca66
4606cacd
4606cb33
4606cb9a
4606cc00
4606cc66
4606cccd
4606cd33
4606cd9a
4606ce00
4606ce66
4606cecd
4606cf33
4606cf9a
4606d000
4606d066
4606d0cd
4606d133
4606d19a
4606d200
4606d266
4606d2cd
4606d333
4606d39a
4606d400
4606d466
4606d4cd
4606d533
4606d59a
4606d600
4606d666
4606d6cd
4606d733
4606d79a
4606d800
4606d866
4606d8cd
4606d933
4606d99a
4606da00
4606da66
4606dacd
4606db33
4606db9a
4606dc00
4606dc66
4606dccd
4606dd33
4606dd9a
4606de00
4606de66
4606decd
4606df33
4606df9a
4606e000
4606e066
4606e0cd
4606e133
4606e19a
4606e200
4606e266
4606e2cd
4606e333
4606e39a
4606e400
4606e466
4606e4cd
4606e533
4606e59a
4606e600
4606e666
4606e6cd
4606e733
4606e79a
4606e800
4606e866
4606e8cd
4606e933
4606e99a
4606ea00
4606ea66
4606eacd
4606eb33
4606eb9a
4606ec00
4606ec66
4606eccd
4606ed33
4606ed9a
4606ee00
4606ee66
4606eecd
4606ef33
4606ef9a
4606f000
4606f066
4606f0cd
4606f133
4606f19a
4606f200
4606f266
4606f2cd
4606f333
4606f39a
4606f400
4606f466
4606f4cd
4606f533
4606f59a
4606f600
4606f666
4606f6cd
4606f733
4606f79a
4606f800
4606f866
4606f8cd
4606f933
4606f99a
4606fa00
4606fa66
4606facd
4606fb33
4606fb9a
4606fc00
4606fc66
4606fccd
4606fd33
4606fd9a
4606fe00
4606fe66
4606fecd
4606ff33
4606ff9a
46070000
46070066
460700cd
46070133
4607019a
46070200
46070266
460702cd
46070333
4607039a
46070400
46070466
460704cd
46070533
4607059a
46070600
46070666
460706cd
46070733
4607079a
46070800
46070866
460708cd
46070933
4607099a
46070a00
46070a66
46070acd
46070b33
46070b9a
46070c00
46070c66
46070ccd
46070d33
46070d9a
46070e00
46070e66
46070ecd
46070f33
46070f9a
46071000
46071066
460710cd
46071133
4607119a
46071200
46071266
460712cd
46071333
4607139a
46071400
46071466
460714cd
46071533
4607159a
46071600
46071666
460716cd
46071733
4607179a
46071800
46071866
460718cd
46071933
4607199a
46071a00
46071a66
46071acd
46071b33
46071b9a
46071c00
46071c66
46071ccd
46071d33
46071d9a
46071e00
46071e66
46071ecd
46071f33
46071f9a
46072000
46072066
460720cd
46072133
4607219a
46072200
46072266
460722cd
46072333
4607239a
46072400
46072466
460724cd
46072533
4607259a
46072600
46072666
460726cd
46072733
4607279a
46072800
46072866
460728cd
46072933
4607299a
46072a00
46072a66
46072acd
46072b33
46072b9a
46072c00
46072c66
46072ccd
46072d33
46072d9a
46072e00
46072e66
46072ecd
46072f33
46072f9a
46073000
46073066
460730cd
46073133
4607319a
46073200
46073266
460732cd
46073333
4607339a
46073400
46073466
460734cd
46073533
4607359a
46073600
46073666
460736cd
46073733
4607379a
46073800
46073866
460738cd
46073933
4607399a
46073a00
46073a66
46073acd
46073b33
46073b9a
46073c00
46073c66
46073ccd
46073d33
46073d9a
46073e00
46073e66
46073ecd
46073f33
46073f9a
46074000
46074066
460740cd
46074133
4607419a
46074200
46074266
460742cd
46074333
4607439a
46074400
46074466
460744cd
46074533
4607459a
46074600
46074666
460746cd
46074733
4607479a
46074800
46074866
460748cd
46074933
4607499a
46074a00
46074a66
46074acd
46074b33
46074b9a
46074c00
46074c66
46074ccd
46074d33
46074d9a
46074e00
46074e66
46074ecd
46074f33
46074f9a
46075000
46075066
460750cd
46075133
4607519a
46075200
46075266
460752cd
46075333
4607539a
46075400
46075466
460754cd
46075533
4607559a
46075600
46075666
460756cd
46075733
4607579a
46075800
46075866
460758cd
46075933
4607599a
46075a00
46075a66
46075acd
46075b33
46075b9a
46075c00
46075c66
46075ccd
46075d33
46075d9a
46075e00
46075e66
46075ecd
46075f33
46075f9a
46076000
46076066
460760cd
46076133
4607619a
46076200
46076266
460762cd
46076333
4607639a
46076400
46076466
460764cd
46076533
4607659a
46076600
46076666
460766cd
46076733
4607679a
46076800
46076866
460768cd
46076933
4607699a
46076a00
46076a66
46076acd
46076b33
46076b9a
46076c00
46076c66
46076ccd
46076d33
46076d9a
46076e00
46076e66
46076ecd
46076f33
46076f9a
46077000
46077066
460770cd
46077133
4607719a
46077200
46077266
460772cd
46077333
4607739a
46077400
46077466
460774cd
46077533
4607759a
46077600
46077666
460776cd
46077733
4607779a
46077800
46077866
460778cd
46077933
4607799a
46077a00
46077a66
46077acd
46077b33
46077b9a
46077c00
46077c66
46077ccd
46077d33
46077d9a
46077e00
46077e66
46077ecd
46077f33
46077f9a
46078000
46078066
460780cd
46078133
4607819a
46078200
46078266
460782cd
46078333
4607839a
46078400
46078466
460784cd
46078533
4607859a
46078600
46078666
460786cd
46078733
4607879a
46078800
46078866
460788cd
46078933
4607899a
46078a00
46078a66
46078acd
46078b33
46078b9a
46078c00
46078c66
46078ccd
46078d33
46078d9a
46078e00
46078e66
46078ecd
46078f33
46078f9a
46079000
46079066
460790cd
46079133
4607919a
46079200
46079266
460792cd
46079333
4607939a
46079400
46079466
460794cd
46079533
4607959a
46079600
46079666
460796cd
46079733
4607979a
46079800
46079866
460798cd
46079933
4607999a
46079a00
46079a66
46079acd
46079b33
46079b9a
46079c00
46079c66
46079ccd
46079d33
46079d9a
46079e00
46079e66
46079ecd
46079f33
46079f9a
4607a000
4607a066
4607a0cd
4607a133
4607a19a
4607a200
4607a266
4607a2cd
4607a333
4607a39a
4607a400
4607a466
4607a4cd
4607a533
4607a59a
4607a600
4607a666
4607a6cd
4607a733
4607a79a
4607a800
4607a866
4607a8cd
4607a933
4607a99a
4607aa00
4607aa66
4607aacd
4607ab33
4607ab9a
4607ac00
4607ac66
4607accd
4607ad33
4607ad9a
4607ae00
4607ae66
4607aecd
4607af33
4607af9a
4607b000
4607b066
4607b0cd
4607b133
4607b19a
4607b200
4607b266
4607b2cd
4607b333
4607b39a
4607b400
4607b466
4607b4cd
4607b533
4607b59a
4607b600
4607b666
4607b6cd
4607b733
4607b79a
4607b800
4607b866
4607b8cd
4607b933
4607b99a
4607ba00
4607ba66
4607bacd
4607bb33
4607bb9a
4607bc00
4607bc66
4607bccd
4607bd33
4607bd9a
4607be00
4607be66
4607becd
4607bf33
4607bf9a
4607c000
4607c066
4607c0cd
4607c133
4607c19a
4607c200
4607c266
4607c2cd
4607c333
4607c39a
4607c400
4607c466
4607c4cd
4607c533
4607c59a
4607c600
4607c666
4607c6cd
4607c733
4607c79a
4607c800
4607c866
4607c8cd
4607c933
4607c99a
4607ca00
4607ca66
4607cacd
4607cb33
4607cb9a
4607cc00
4607cc66
4607cccd
4607cd33
4607cd9a
4607ce00
4607ce66
4607cecd
4607cf33
4607cf9a
4607d000
4607d066
4607d0cd
4607d133
4607d19a
4607d200
4607d266
4607d2cd
4607d333
4607d39a
4607d400
4607d466
4607d4cd
4607d533
4607d59a
4607d600
4607d666
4607d6cd
4607d733
4607d79a
4607d800
4607d866
4607d8cd
4607d933
4607d99a
4607da00
4607da66
4607dacd
4607db33
4607db9a
4607dc00
4607dc66
4607dccd
4607dd33
4607dd9a
4607de00
4607de66
4607decd
4607df33
4607df9a
4607e000
4607e066
4607e0cd
4607e133
4607e19a
4607e200
4607e266
4607e2cd
4607e333
4607e39a
4607e400
4607e466
4607e4cd
4607e533
4607e59a
4607e600
4607e666
4607e6cd
4607e733
4607e79a
4607e800
4607e866
4607e8cd
4607e933
4607e99a
4607ea00
4607ea66
4607eacd
4607eb33
4607eb9a
4607ec00
4607ec66
4607eccd
4607ed33
4607ed9a
4607ee00
4607ee66
4607eecd
4607ef33
4607ef9a
4607f000
4607f066
4607f0cd
4607f133
4607f19a
4607f200
4607f266
4607f2cd
4607f333
4607f39a
4607f400
4607f466
4607f4cd
4607f533
4607f59a
4607f600
4607f666
4607f6cd
4607f733
4607f79a
4607f800
4607f866
4607f8cd
4607f933
4607f99a
4607fa00
4607fa66
4607facd
4607fb33
4607fb9a
4607fc00
4607fc66
4607fccd
4607fd33
4607fd9a
4607fe00
4607fe66
4607fecd
4607ff33
4607ff9a
46080000
46080066
460800cd
46080133
4608019a
46080200
46080266
460802cd
46080333
4608039a
46080400
46080466
460804cd
46080533
4608059a
46080600
46080666
460806cd
46080733
4608079a
46080800
46080866
460808cd
46080933
4608099a
46080a00
46080a66
46080acd
46080b33
46080b9a
46080c00
46080c66
46080ccd
46080d33
46080d9a
46080e00
46080e66
46080ecd
46080f33
46080f9a
46081000
46081066
460810cd
46081133
4608119a
46081200
46081266
460812cd
46081333
4608139a
46081400
46081466
460814cd
46081533
4608159a
46081600
46081666
460816cd
46081733
4608179a
46081800
46081866
460818cd
46081933
4608199a
46081a00
46081a66
46081acd
46081b33
46081b9a
46081c00
46081c66
46081ccd
46081d33
46081d9a
46081e00
46081e66
46081ecd
46081f33
46081f9a
46082000
46082066
460820cd
46082133
4608219a
46082200
46082266
460822cd
46082333
4608239a
46082400
46082466
460824cd
46082533
4608259a
46082600
46082666
460826cd
46082733
4608279a
46082800
46082866
460828cd
46082933
4608299a
46082a00
46082a66
46082acd
46082b33
46082b9a
46082c00
46082c66
46082ccd
46082d33
46082d9a
46082e00
46082e66
46082ecd
46082f33
46082f9a
46083000
46083066
460830cd
46083133
4608319a
46083200
46083266
460832cd
46083333
4608339a
46083400
46083466
460834cd
46083533
4608359a
46083600
46083666
460836cd
46083733
4608379a
46083800
46083866
460838cd
46083933
4608399a
46083a00
46083a66
46083acd
46083b33
46083b9a
46083c00
46083c66
46083ccd
46083d33
46083d9a
46083e00
46083e66
46083ecd
46083f33
46083f9a
46084000
46084066
460840cd
46084133
4608419a
46084200
46084266
460842cd
46084333
4608439a
46084400
46084466
460844cd
46084533
4608459a
46084600
46084666
460846cd
46084733
4608479a
46084800
46084866
460848cd
46084933
4608499a
46084a00
46084a66
46084acd
46084b33
46084b9a
46084c00
46084c66
46084ccd
46084d33
46084d9a
46084e00
46084e66
46084ecd
46084f33
46084f9a
46085000
46085066
460850cd
46085133
4608519a
46085200
46085266
460852cd
46085333
4608539a
46085400
46085466
460854cd
46085533
4608559a
46085600
46085666
460856cd
46085733
4608579a
46085800
46085866
460858cd
46085933
4608599a
46085a00
46085a66
46085acd
46085b33
46085b9a
46085c00
46085c66
46085ccd
46085d33
46085d9a
46085e00
46085e66
46085ecd
46085f33
46085f9a
46086000
46086066
460860cd
46086133
4608619a
46086200
46086266
460862cd
46086333
4608639a
46086400
46086466
460864cd
46086533
4608659a
46086600
46086666
460866cd
46086733
4608679a
46086800
46086866
460868cd
46086933
4608699a
46086a00
46086a66
46086acd
46086b33
46086b9a
46086c00
46086c66
46086ccd
46086d33
46086d9a
46086e00
46086e66
46086ecd
46086f33
46086f9a
46087000
46087066
460870cd
46087133
4608719a
46087200
46087266
460872cd
46087333
4608739a
46087400
46087466
460874cd
46087533
4608759a
46087600
46087666
460876cd
46087733
4608779a
46087800
46087866
460878cd
46087933
4608799a
46087a00
46087a66
46087acd
46087b33
46087b9a
46087c00
46087c66
46087ccd
46087d33
46087d9a
46087e00
46087e66
46087ecd
46087f33
46087f9a
46088000
46088066
460880cd
46088133
4608819a
46088200
46088266
460882cd
46088333
4608839a
46088400
46088466
460884cd
46088533
4608859a
46088600
46088666
460886cd
46088733
4608879a
46088800
46088866
460888cd
46088933
4608899a
46088a00
46088a66
46088acd
46088b33
46088b9a
46088c00
46088c66
46088ccd
46088d33
46088d9a
46088e00
46088e66
46088ecd
46088f33
46088f9a
46089000
46089066
460890cd
46089133
4608919a
46089200
46089266
460892cd
46089333
4608939a
46089400
46089466
460894cd
46089533
4608959a
46089600
46089666
460896cd
46089733
4608979a
46089800
46089866
460898cd
46089933
4608999a
46089a00
46089a66
46089acd
46089b33
46089b9a
46089c00
46089c66
46089ccd
46089d33
46089d9a
46089e00
46089e66
46089ecd
46089f33
46089f9a
4608a000
4608a066
4608a0cd
4608a133
4608a19a
4608a200
4608a266
4608a2cd
4608a333
4608a39a
4608a400
4608a466
4608a4cd
4608a533
4608a59a
4608a600
4608a666
4608a6cd
4608a733
4608a79a
4608a800
4608a866
4608a8cd
4608a933
4608a99a
4608aa00
4608aa66
4608aacd
4608ab33
4608ab9a
4608ac00
4608ac66
4608accd
4608ad33
4608ad9a
4608ae00
4608ae66
4608aecd
4608af33
4608af9a
4608b000
4608b066
4608b0cd
4608b133
4608b19a
4608b200
4608b266
4608b2cd
4608b333
4608b39a
4608b400
4608b466
4608b4cd
4608b533
4608b59a
4608b600
4608b666
4608b6cd
4608b733
4608b79a
4608b800
4608b866
4608b8cd
4608b933
4608b99a
4608ba00
4608ba66
4608bacd
4608bb33
4608bb9a
4608bc00
4608bc66
4608bccd
4608bd33
4608bd9a
4608be00
4608be66
4608becd
4608bf33
4608bf9a
4608c000
4608c066
4608c0cd
4608c133
4608c19a
4608c200
4608c266
4608c2cd
4608c333
4608c39a
4608c400
4608c466
4608c4cd
4608c533
4608c59a
4608c600
4608c666
4608c6cd
4608c733
4608c79a
4608c800
4608c866
4608c8cd
4608c933
4608c99a
4608ca00
4608ca66
4608cacd
4608cb33
4608cb9a
4608cc00
4608cc66
4608cccd
4608cd33
4608cd9a
4608ce00
4608ce66
4608cecd
4608cf33
4608cf9a
4608d000
4608d066
4608d0cd
4608d133
4608d19a
4608d200
4608d266
4608d2cd
4608d333
4608d39a
4608d400
4608d466
4608d4cd
4608d533
4608d59a
4608d600
4608d666
4608d6cd
4608d733
4608d79a
4608d800
4608d866
4608d8cd
4608d933
4608d99a
4608da00
4608da66
4608dacd
4608db33
4608db9a
4608dc00
4608dc66
4608dccd
4608dd33
4608dd9a
4608de00
4608de66
4608decd
4608df33
4608df9a
4608e000
4608e066
4608e0cd
4608e133
4608e19a
4608e200
4608e266
4608e2cd
4608e333
4608e39a
4608e400
4608e466
4608e4cd
4608e533
4608e59a
4608e600
4608e666
4608e6cd
4608e733
4608e79a
4608e800
4608e866
4608e8cd
4608e933
4608e99a
4608ea00
4608ea66
4608eacd
4608eb33
4608eb9a
4608ec00
4608ec66
4608eccd
4608ed33
4608ed9a
4608ee00
4608ee66
4608eecd
4608ef33
4608ef9a
4608f000
4608f066
4608f0cd
4608f133
4608f19a
4608f200
4608f266
4608f2cd
4608f333
4608f39a
4608f400
4608f466
4608f4cd
4608f533
4608f59a
4608f600
4608f666
4608f6cd
4608f733
4608f79a
4608f800
4608f866
4608f8cd
4608f933
4608f99a
4608fa00
4608fa66
4608facd
4608fb33
4608fb9a
4608fc00
4608fc66
4608fccd
4608fd33
4608fd9a
4608fe00
4608fe66
4608fecd
4608ff33
4608ff9a
46090000
46090066
460900cd
46090133
4609019a
46090200
46090266
460902cd
46090333
4609039a
46090400
46090466
460904cd
46090533
4609059a
46090600
46090666
460906cd
46090733
4609079a
46090800
46090866
460908cd
46090933
4609099a
46090a00
46090a66
46090acd
46090b33
46090b9a
46090c00
46090c66
46090ccd
46090d33
46090d9a
46090e00
46090e66
46090ecd
46090f33
46090f9a
46091000
46091066
460910cd
46091133
4609119a
46091200
46091266
460912cd
46091333
4609139a
46091400
46091466
460914cd
46091533
4609159a
46091600
46091666
460916cd
46091733
4609179a
46091800
46091866
460918cd
46091933
4609199a
46091a00
46091a66
46091acd
46091b33
46091b9a
46091c00
46091c66
46091ccd
46091d33
46091d9a
46091e00
46091e66
46091ecd
46091f33
46091f9a
46092000
46092066
460920cd
46092133
4609219a
46092200
46092266
460922cd
46092333
4609239a
46092400
46092466
460924cd
46092533
4609259a
46092600
46092666
460926cd
46092733
4609279a
46092800
46092866
460928cd
46092933
4609299a
46092a00
46092a66
46092acd
46092b33
46092b9a
46092c00
46092c66
46092ccd
46092d33
46092d9a
46092e00
46092e66
46092ecd
46092f33
46092f9a
46093000
46093066
460930cd
46093133
4609319a
46093200
46093266
460932cd
46093333
4609339a
46093400
46093466
460934cd
46093533
4609359a
46093600
46093666
460936cd
46093733
4609379a
46093800
46093866
460938cd
46093933
4609399a
46093a00
46093a66
46093acd
46093b33
46093b9a
46093c00
46093c66
46093ccd
46093d33
46093d9a
46093e00
46093e66
46093ecd
46093f33
46093f9a
46094000
46094066
460940cd
46094133
4609419a
46094200
46094266
460942cd
46094333
4609439a
46094400
46094466
460944cd
46094533
4609459a
46094600
46094666
460946cd
46094733
4609479a
46094800
46094866
460948cd
46094933
4609499a
46094a00
46094a66
46094acd
46094b33
46094b9a
46094c00
46094c66
46094ccd
46094d33
46094d9a
46094e00
46094e66
46094ecd
46094f33
46094f9a
46095000
46095066
460950cd
46095133
4609519a
46095200
46095266
460952cd
46095333
4609539a
46095400
46095466
460954cd
46095533
4609559a
46095600
46095666
460956cd
46095733
4609579a
46095800
46095866
460958cd
46095933
4609599a
46095a00
46095a66
46095acd
46095b33
46095b9a
46095c00
46095c66
46095ccd
46095d33
46095d9a
46095e00
46095e66
46095ecd
46095f33
46095f9a
46096000
46096066
460960cd
46096133
4609619a
46096200
46096266
460962cd
46096333
4609639a
46096400
46096466
460964cd
46096533
4609659a
46096600
46096666
460966cd
46096733
4609679a
46096800
46096866
460968cd
46096933
4609699a
46096a00
46096a66
46096acd
46096b33
46096b9a
46096c00
46096c66
46096ccd
46096d33
46096d9a
46096e00
46096e66
46096ecd
46096f33
46096f9a
46097000
46097066
460970cd
46097133
4609719a
46097200
46097266
460972cd
46097333
4609739a
46097400
46097466
460974cd
46097533
4609759a
46097600
46097666
460976cd
46097733
4609779a
46097800
46097866
460978cd
46097933
4609799a
46097a00
46097a66
46097acd
46097b33
46097b9a
46097c00
46097c66
46097ccd
46097d33
46097d9a
46097e00
46097e66
46097ecd
46097f33
46097f9a
46098000
46098066
460980cd
46098133
4609819a
46098200
46098266
460982cd
46098333
4609839a
46098400
46098466
460984cd
46098533
4609859a
46098600
46098666
460986cd
46098733
4609879a
46098800
46098866
460988cd
46098933
4609899a
46098a00
46098a66
46098acd
46098b33
46098b9a
46098c00
46098c66
46098ccd
46098d33
46098d9a
46098e00
46098e66
46098ecd
46098f33
46098f9a
46099000
46099066
460990cd
46099133
4609919a
46099200
46099266
460992cd
46099333
4609939a
46099400
46099466
460994cd
46099533
4609959a
46099600
46099666
460996cd
46099733
4609979a
46099800
46099866
460998cd
46099933
4609999a
46099a00
46099a66
46099acd
46099b33
46099b9a
46099c00
46099c66
46099ccd
46099d33
46099d9a
46099e00
46099e66
46099ecd
46099f33
46099f9a
4609a000
4609a066
4609a0cd
4609a133
4609a19a
4609a200
4609a266
4609a2cd
4609a333
4609a39a
4609a400
4609a466
4609a4cd
4609a533
4609a59a
4609a600
4609a666
4609a6cd
4609a733
4609a79a
4609a800
4609a866
4609a8cd
4609a933
4609a99a
4609aa00
4609aa66
4609aacd
4609ab33
4609ab9a
4609ac00
4609ac66
4609accd
4609ad33
4609ad9a
4609ae00
4609ae66
4609aecd
4609af33
4609af9a
4609b000
4609b066
4609b0cd
4609b133
4609b19a
4609b200
4609b266
4609b2cd
4609b333
4609b39a
4609b400
4609b466
4609b4cd
4609b533
4609b59a
4609b600
4609b666
4609b6cd
4609b733
4609b79a
4609b800
4609b866
4609b8cd
4609b933
4609b99a
4609ba00
4609ba66
4609bacd
4609bb33
4609bb9a
4609bc00
4609bc66
4609bccd
4609bd33
4609bd9a
4609be00
4609be66
4609becd
4609bf33
4609bf9a
4609c000
4609c066
4609c0cd
4609c133
4609c19a
4609c200
4609c266
4609c2cd
4609c333
4609c39a
4609c400
4609c466
4609c4cd
4609c533
4609c59a
4609c600
4609c666
4609c6cd
4609c733
4609c79a
4609c800
4609c866
4609c8cd
4609c933
4609c99a
4609ca00
4609ca66
4609cacd
4609cb33
4609cb9a
4609cc00
4609cc66
4609cccd
4609cd33
4609cd9a
4609ce00
4609ce66
4609cecd
4609cf33
4609cf9a
4609d000
4609d066
4609d0cd
4609d133
4609d19a
4609d200
4609d266
4609d2cd
4609d333
4609d39a
4609d400
4609d466
4609d4cd
4609d533
4609d59a
4609d600
4609d666
4609d6cd
4609d733
4609d79a
4609d800
4609d866
4609d8cd
4609d933
4609d99a
4609da00
4609da66
4609dacd
4609db33
4609db9a
4609dc00
4609dc66
4609dccd
4609dd33
4609dd9a
4609de00
4609de66
4609decd
4609df33
4609df9a
4609e000
4609e066
4609e0cd
4609e133
4609e19a
4609e200
4609e266
4609e2cd
4609e333
4609e39a
4609e400
4609e466
4609e4cd
4609e533
4609e59a
4609e600
4609e666
4609e6cd
4609e733
4609e79a
4609e800
4609e866
4609e8cd
4609e933
4609e99a
4609ea00
4609ea66
4609eacd
4609eb33
4609eb9a
4609ec00
4609ec66
4609eccd
4609ed33
4609ed9a
4609ee00
4609ee66
4609eecd
4609ef33
4609ef9a
4609f000
4609f066
4609f0cd
4609f133
4609f19a
4609f200
4609f266
4609f2cd
4609f333
4609f39a
4609f400
4609f466
4609f4cd
4609f533
4609f59a
4609f600
4609f666
4609f6cd
4609f733
4609f79a
4609f800
4609f866
4609f8cd
4609f933
4609f99a
4609fa00
4609fa66
4609facd
4609fb33
4609fb9a
4609fc00
4609fc66
4609fccd
4609fd33
4609fd9a
4609fe00
4609fe66
4609fecd
4609ff33
4609ff9a
460a0000
460a0066
460a00cd
460a0133
460a019a
460a0200
460a0266
460a02cd
460a0333
460a039a
460a0400
460a0466
460a04cd
460a0533
460a059a
460a0600
460a0666
460a06cd
460a0733
460a079a
460a0800
460a0866
460a08cd
460a0933
460a099a
460a0a00
460a0a66
460a0acd
460a0b33
460a0b9a
460a0c00
460a0c66
460a0ccd
460a0d33
460a0d9a
460a0e00
460a0e66
460a0ecd
460a0f33
460a0f9a
460a1000
460a1066
460a10cd
460a1133
460a119a
460a1200
460a1266
460a12cd
460a1333
460a139a
460a1400
460a1466
460a14cd
460a1533
460a159a
460a1600
460a1666
460a16cd
460a1733
460a179a
460a1800
460a1866
460a18cd
460a1933
460a199a
460a1a00
460a1a66
460a1acd
460a1b33
460a1b9a
460a1c00
460a1c66
460a1ccd
460a1d33
460a1d9a
460a1e00
460a1e66
460a1ecd
460a1f33
460a1f9a
460a2000
460a2066
460a20cd
460a2133
460a219a
460a2200
460a2266
460a22cd
460a2333
460a239a
460a2400
460a2466
460a24cd
460a2533
460a259a
460a2600
460a2666
460a26cd
460a2733
460a279a
460a2800
460a2866
460a28cd
460a2933
460a299a
460a2a00
460a2a66
460a2acd
460a2b33
460a2b9a
460a2c00
460a2c66
460a2ccd
460a2d33
460a2d9a
460a2e00
460a2e66
460a2ecd
460a2f33
460a2f9a
460a3000
460a3066
460a30cd
460a3133
460a319a
460a3200
460a3266
460a32cd
460a3333
460a339a
460a3400
460a3466
460a34cd
460a3533
460a359a
460a3600
460a3666
460a36cd
460a3733
460a379a
460a3800
460a3866
460a38cd
460a3933
460a399a
460a3a00
460a3a66
460a3acd
460a3b33
460a3b9a
460a3c00
460a3c66
460a3ccd
460a3d33
460a3d9a
460a3e00
460a3e66
460a3ecd
460a3f33
460a3f9a
460a4000
460a4066
460a40cd
460a4133
460a419a
460a4200
460a4266
460a42cd
460a4333
460a439a
460a4400
460a4466
460a44cd
460a4533
460a459a
460a4600
460a4666
460a46cd
460a4733
460a479a
460a4800
460a4866
460a48cd
460a4933
460a499a
460a4a00
460a4a66
460a4acd
460a4b33
460a4b9a
460a4c00
460a4c66
460a4ccd
460a4d33
460a4d9a
460a4e00
460a4e66
460a4ecd
460a4f33
460a4f9a
460a5000
460a5066
460a50cd
460a5133
460a519a
460a5200
460a5266
460a52cd
460a5333
460a539a
460a5400
460a5466
460a54cd
460a5533
460a559a
460a5600
460a5666
460a56cd
460a5733
460a579a
460a5800
460a5866
460a58cd
460a5933
460a599a
460a5a00
460a5a66
460a5acd
460a5b33
460a5b9a
460a5c00
460a5c66
460a5ccd
460a5d33
460a5d9a
460a5e00
460a5e66
460a5ecd
460a5f33
460a5f9a
460a6000
460a6066
460a60cd
460a6133
460a619a
460a6200
460a6266
460a62cd
460a6333
460a639a
460a6400
460a6466
460a64cd
460a6533
460a659a
460a6600
460a6666
460a66cd
460a6733
460a679a
460a6800
460a6866
460a68cd
460a6933
460a699a
460a6a00
460a6a66
460a6acd
460a6b33
460a6b9a
460a6c00
460a6c66
460a6ccd
460a6d33
460a6d9a
460a6e00
460a6e66
460a6ecd
460a6f33
460a6f9a
460a7000
460a7066
460a70cd
460a7133
460a719a
460a7200
460a7266
460a72cd
460a7333
460a739a
460a7400
460a7466
460a74cd
460a7533
460a759a
460a7600
460a7666
460a76cd
460a7733
460a779a
460a7800
460a7866
460a78cd
460a7933
460a799a
460a7a00
460a7a66
460a7acd
460a7b33
460a7b9a
460a7c00
460a7c66
460a7ccd
460a7d33
460a7d9a
460a7e00
460a7e66
460a7ecd
460a7f33
460a7f9a
460a8000
460a8066
460a80cd
460a8133
460a819a
460a8200
460a8266
460a82cd
460a8333
460a839a
460a8400
460a8466
460a84cd
460a8533
460a859a
460a8600
460a8666
460a86cd
460a8733
460a879a
460a8800
460a8866
460a88cd
460a8933
460a899a
460a8a00
460a8a66
460a8acd
460a8b33
460a8b9a
460a8c00
460a8c66
460a8ccd
460a8d33
460a8d9a
460a8e00
460a8e66
460a8ecd
460a8f33
460a8f9a
460a9000
460a9066
460a90cd
460a9133
460a919a
460a9200
460a9266
460a92cd
460a9333
460a939a
460a9400
460a9466
460a94cd
460a9533
460a959a
460a9600
460a9666
460a96cd
460a9733
460a979a
460a9800
460a9866
460a98cd
460a9933
460a999a
460a9a00
460a9a66
460a9acd
460a9b33
460a9b9a
460a9c00
460a9c66
460a9ccd
460a9d33
460a9d9a
460a9e00
460a9e66
460a9ecd
460a9f33
460a9f9a
460aa000
460aa066
460aa0cd
460aa133
460aa19a
460aa200
460aa266
460aa2cd
460aa333
460aa39a
460aa400
460aa466
460aa4cd
460aa533
460aa59a
460aa600
460aa666
460aa6cd
460aa733
460aa79a
460aa800
460aa866
460aa8cd
460aa933
460aa99a
460aaa00
460aaa66
460aaacd
460aab33
460aab9a
460aac00
460aac66
460aaccd
460aad33
460aad9a
460aae00
460aae66
460aaecd
460aaf33
460aaf9a
460ab000
460ab066
460ab0cd
460ab133
460ab19a
460ab200
460ab266
460ab2cd
460ab333
460ab39a
460ab400
460ab466
460ab4cd
460ab533
460ab59a
460ab600
460ab666
460ab6cd
460ab733
460ab79a
460ab800
460ab866
460ab8cd
460ab933
460ab99a
460aba00
460aba66
460abacd
460abb33
460abb9a
460abc00
460abc66
460abccd
460abd33
460abd9a
460abe00
460abe66
460abecd
460abf33
460abf9a
460ac000
460ac066
460ac0cd
460ac133
460ac19a
460ac200
460ac266
460ac2cd
460ac333
460ac39a
460ac400
460ac466
460ac4cd
460ac533
460ac59a
460ac600
460ac666
460ac6cd
460ac733
460ac79a
460ac800
460ac866
460ac8cd
460ac933
460ac99a
460aca00
460aca66
460acacd
460acb33
460acb9a
460acc00
460acc66
460acccd
460acd33
460acd9a
460ace00
460ace66
460acecd
460acf33
460acf9a
460ad000
460ad066
460ad0cd
460ad133
460ad19a
460ad200
460ad266
460ad2cd
460ad333
460ad39a
460ad400
460ad466
460ad4cd
460ad533
460ad59a
460ad600
460ad666
460ad6cd
460ad733
460ad79a
460ad800
460ad866
460ad8cd
460ad933
460ad99a
460ada00
460ada66
460adacd
460adb33
460adb9a
460adc00
460adc66
460adccd
460add33
460add9a
460ade00
460ade66
460adecd
460adf33
460adf9a
460ae000
460ae066
460ae0cd
460ae133
460ae19a
460ae200
460ae266
460ae2cd
460ae333
460ae39a
460ae400
460ae466
460ae4cd
460ae533
460ae59a
460ae600
460ae666
460ae6cd
460ae733
460ae79a
460ae800
460ae866
460ae8cd
460ae933
460ae99a
460aea00
460aea66
460aeacd
460aeb33
460aeb9a
460aec00
460aec66
460aeccd
460aed33
460aed9a
460aee00
460aee66
460aeecd
460aef33
460aef9a
460af000
460af066
460af0cd
460af133
460af19a
460af200
460af266
460af2cd
460af333
460af39a
460af400
460af466
460af4cd
460af533
460af59a
460af600
460af666
460af6cd
460af733
460af79a
460af800
460af866
460af8cd
460af933
460af99a
460afa00
460afa66
460afacd
460afb33
460afb9a
460afc00
460afc66
460afccd
460afd33
460afd9a
460afe00
460afe66
460afecd
460aff33
460aff9a
460b0000
460b0066
460b00cd
460b0133
460b019a
460b0200
460b0266
460b02cd
460b0333
460b039a
460b0400
460b0466
460b04cd
460b0533
460b059a
460b0600
460b0666
460b06cd
460b0733
460b079a
460b0800
460b0866
460b08cd
460b0933
460b099a
460b0a00
460b0a66
460b0acd
460b0b33
460b0b9a
460b0c00
460b0c66
460b0ccd
460b0d33
460b0d9a
460b0e00
460b0e66
460b0ecd
460b0f33
460b0f9a
460b1000
460b1066
460b10cd
460b1133
460b119a
460b1200
460b1266
460b12cd
460b1333
460b139a
460b1400
460b1466
460b14cd
460b1533
460b159a
460b1600
460b1666
460b16cd
460b1733
460b179a
460b1800
460b1866
460b18cd
460b1933
460b199a
460b1a00
460b1a66
460b1acd
460b1b33
460b1b9a
460b1c00
460b1c66
460b1ccd
460b1d33
460b1d9a
460b1e00
460b1e66
460b1ecd
460b1f33
460b1f9a
460b2000
460b2066
460b20cd
460b2133
460b219a
460b2200
460b2266
460b22cd
460b2333
460b239a
460b2400
460b2466
460b24cd
460b2533
460b259a
460b2600
460b2666
460b26cd
460b2733
460b279a
460b2800
460b2866
460b28cd
460b2933
460b299a
460b2a00
460b2a66
460b2acd
460b2b33
460b2b9a
460b2c00
460b2c66
460b2ccd
460b2d33
460b2d9a
460b2e00
460b2e66
460b2ecd
460b2f33
460b2f9a
460b3000
460b3066
460b30cd
460b3133
460b319a
460b3200
460b3266
460b32cd
460b3333
460b339a
460b3400
460b3466
460b34cd
460b3533
460b359a
460b3600
460b3666
460b36cd
460b3733
460b379a
460b3800
460b3866
460b38cd
460b3933
460b399a
460b3a00
460b3a66
460b3acd
460b3b33
460b3b9a
460b3c00
460b3c66
460b3ccd
460b3d33
460b3d9a
460b3e00
460b3e66
460b3ecd
460b3f33
460b3f9a
460b4000
460b4066
460b40cd
460b4133
460b419a
460b4200
460b4266
460b42cd
460b4333
460b439a
460b4400
460b4466
460b44cd
460b4533
460b459a
460b4600
460b4666
460b46cd
460b4733
460b479a
460b4800
460b4866
460b48cd
460b4933
460b499a
460b4a00
460b4a66
460b4acd
460b4b33
460b4b9a
460b4c00
460b4c66
460b4ccd
460b4d33
460b4d9a
460b4e00
460b4e66
460b4ecd
460b4f33
460b4f9a
460b5000
460b5066
460b50cd
460b5133
460b519a
460b5200
460b5266
460b52cd
460b5333
460b539a
460b5400
460b5466
460b54cd
460b5533
460b559a
460b5600
460b5666
460b56cd
460b5733
460b579a
460b5800
460b5866
460b58cd
460b5933
460b599a
460b5a00
460b5a66
460b5acd
460b5b33
460b5b9a
460b5c00
460b5c66
460b5ccd
460b5d33
460b5d9a
460b5e00
460b5e66
460b5ecd
460b5f33
460b5f9a
460b6000
460b6066
460b60cd
460b6133
460b619a
460b6200
460b6266
460b62cd
460b6333
460b639a
460b6400
460b6466
460b64cd
460b6533
460b659a
460b6600
460b6666
460b66cd
460b6733
460b679a
460b6800
460b6866
460b68cd
460b6933
460b699a
460b6a00
460b6a66
460b6acd
460b6b33
460b6b9a
460b6c00
460b6c66
460b6ccd
460b6d33
460b6d9a
460b6e00
460b6e66
460b6ecd
460b6f33
460b6f9a
460b7000
460b7066
460b70cd
460b7133
460b719a
460b7200
460b7266
460b72cd
460b7333
460b739a
460b7400
460b7466
460b74cd
460b7533
460b759a
460b7600
460b7666
460b76cd
460b7733
460b779a
460b7800
460b7866
460b78cd
460b7933
460b799a
460b7a00
460b7a66
460b7acd
460b7b33
460b7b9a
460b7c00
460b7c66
460b7ccd
460b7d33
460b7d9a
460b7e00
460b7e66
460b7ecd
460b7f33
460b7f9a
460b8000
460b8066
460b80cd
460b8133
460b819a
460b8200
460b8266
460b82cd
460b8333
460b839a
460b8400
460b8466
460b84cd
460b8533
460b859a
460b8600
460b8666
460b86cd
460b8733
460b879a
460b8800
460b8866
460b88cd
460b8933
460b899a
460b8a00
460b8a66
460b8acd
460b8b33
460b8b9a
460b8c00
460b8c66
460b8ccd
460b8d33
460b8d9a
460b8e00
460b8e66
460b8ecd
460b8f33
460b8f9a
460b9000
460b9066
460b90cd
460b9133
460b919a
460b9200
460b9266
460b92cd
460b9333
460b939a
460b9400
460b9466
460b94cd
460b9533
460b959a
460b9600
460b9666
460b96cd
460b9733
460b979a
460b9800
460b9866
460b98cd
460b9933
460b999a
460b9a00
460b9a66
460b9acd
460b9b33
460b9b9a
460b9c00
460b9c66
460b9ccd
460b9d33
460b9d9a
460b9e00
460b9e66
460b9ecd
460b9f33
460b9f9a
460ba000
460ba066
460ba0cd
460ba133
460ba19a
460ba200
460ba266
460ba2cd
460ba333
460ba39a
460ba400
460ba466
460ba4cd
460ba533
460ba59a
460ba600
460ba666
460ba6cd
460ba733
460ba79a
460ba800
460ba866
460ba8cd
460ba933
460ba99a
460baa00
460baa66
460baacd
460bab33
460bab9a
460bac00
460bac66
460baccd
460bad33
460bad9a
460bae00
460bae66
460baecd
460baf33
460baf9a
460bb000
460bb066
460bb0cd
460bb133
460bb19a
460bb200
460bb266
460bb2cd
460bb333
460bb39a
460bb400
460bb466
460bb4cd
460bb533
460bb59a
460bb600
460bb666
460bb6cd
460bb733
460bb79a
460bb800
460bb866
460bb8cd
460bb933
460bb99a
460bba00
460bba66
460bbacd
460bbb33
460bbb9a
460bbc00
460bbc66
460bbccd
460bbd33
460bbd9a
460bbe00
460bbe66
460bbecd
460bbf33
460bbf9a
460bc000
460bc066
460bc0cd
460bc133
460bc19a
460bc200
460bc266
460bc2cd
460bc333
460bc39a
460bc400
460bc466
460bc4cd
460bc533
460bc59a
460bc600
460bc666
460bc6cd
460bc733
460bc79a
460bc800
460bc866
460bc8cd
460bc933
460bc99a
460bca00
460bca66
460bcacd
460bcb33
460bcb9a
460bcc00
460bcc66
460bcccd
460bcd33
460bcd9a
460bce00
460bce66
460bcecd
460bcf33
460bcf9a
460bd000
460bd066
460bd0cd
460bd133
460bd19a
460bd200
460bd266
460bd2cd
460bd333
460bd39a
460bd400
460bd466
460bd4cd
460bd533
460bd59a
460bd600
460bd666
460bd6cd
460bd733
460bd79a
460bd800
460bd866
460bd8cd
460bd933
460bd99a
460bda00
460bda66
460bdacd
460bdb33
460bdb9a
460bdc00
460bdc66
460bdccd
460bdd33
460bdd9a
460bde00
460bde66
460bdecd
460bdf33
460bdf9a
460be000
460be066
460be0cd
460be133
460be19a
460be200
460be266
460be2cd
460be333
460be39a
460be400
460be466
460be4cd
460be533
460be59a
460be600
460be666
460be6cd
460be733
460be79a
460be800
460be866
460be8cd
460be933
460be99a
460bea00
460bea66
460beacd
460beb33
460beb9a
460bec00
460bec66
460beccd
460bed33
460bed9a
460bee00
460bee66
460beecd
460bef33
460bef9a
460bf000
460bf066
460bf0cd
460bf133
460bf19a
460bf200
460bf266
460bf2cd
460bf333
460bf39a
460bf400
460bf466
460bf4cd
460bf533
460bf59a
460bf600
460bf666
460bf6cd
460bf733
460bf79a
460bf800
460bf866
460bf8cd
460bf933
460bf99a
460bfa00
460bfa66
460bfacd
460bfb33
460bfb9a
460bfc00
460bfc66
460bfccd
460bfd33
460bfd9a
460bfe00
460bfe66
460bfecd
460bff33
460bff9a
460c0000
460c0066
460c00cd
460c0133
460c019a
460c0200
460c0266
460c02cd
460c0333
460c039a
460c0400
460c0466
460c04cd
460c0533
460c059a
460c0600
460c0666
460c06cd
460c0733
460c079a
460c0800
460c0866
460c08cd
460c0933
460c099a
460c0a00
460c0a66
460c0acd
460c0b33
460c0b9a
460c0c00
460c0c66
460c0ccd
460c0d33
460c0d9a
460c0e00
460c0e66
460c0ecd
460c0f33
460c0f9a
460c1000
460c1066
460c10cd
460c1133
460c119a
460c1200
460c1266
460c12cd
460c1333
460c139a
460c1400
460c1466
460c14cd
460c1533
460c159a
460c1600
460c1666
460c16cd
460c1733
460c179a
460c1800
460c1866
460c18cd
460c1933
460c199a
460c1a00
460c1a66
460c1acd
460c1b33
460c1b9a
460c1c00
460c1c66
460c1ccd
460c1d33
460c1d9a
460c1e00
460c1e66
460c1ecd
460c1f33
460c1f9a
460c2000
460c2066
460c20cd
460c2133
460c219a
460c2200
460c2266
460c22cd
460c2333
460c239a
460c2400
460c2466
460c24cd
460c2533
460c259a
460c2600
460c2666
460c26cd
460c2733
460c279a
460c2800
460c2866
460c28cd
460c2933
460c299a
460c2a00
460c2a66
460c2acd
460c2b33
460c2b9a
460c2c00
460c2c66
460c2ccd
460c2d33
460c2d9a
460c2e00
460c2e66
460c2ecd
460c2f33
460c2f9a
460c3000
460c3066
460c30cd
460c3133
460c319a
460c3200
460c3266
460c32cd
460c3333
460c339a
460c3400
460c3466
460c34cd
460c3533
460c359a
460c3600
460c3666
460c36cd
460c3733
460c379a
460c3800
460c3866
460c38cd
460c3933
460c399a
460c3a00
460c3a66
460c3acd
460c3b33
460c3b9a
460c3c00
460c3c66
460c3ccd
460c3d33
460c3d9a
460c3e00
460c3e66
460c3ecd
460c3f33
460c3f9a
460c4000
460c4066
460c40cd
460c4133
460c419a
460c4200
460c4266
460c42cd
460c4333
460c439a
460c4400
460c4466
460c44cd
460c4533
460c459a
460c4600
460c4666
460c46cd
460c4733
460c479a
460c4800
460c4866
460c48cd
460c4933
460c499a
460c4a00
460c4a66
460c4acd
460c4b33
460c4b9a
460c4c00
460c4c66
460c4ccd
460c4d33
460c4d9a
460c4e00
460c4e66
460c4ecd
460c4f33
460c4f9a
460c5000
460c5066
460c50cd
460c5133
460c519a
460c5200
460c5266
460c52cd
460c5333
460c539a
460c5400
460c5466
460c54cd
460c5533
460c559a
460c5600
460c5666
460c56cd
460c5733
460c579a
460c5800
460c5866
460c58cd
460c5933
460c599a
460c5a00
460c5a66
460c5acd
460c5b33
460c5b9a
460c5c00
460c5c66
460c5ccd
460c5d33
460c5d9a
460c5e00
460c5e66
460c5ecd
460c5f33
460c5f9a
460c6000
460c6066
460c60cd
460c6133
460c619a
460c6200
460c6266
460c62cd
460c6333
460c639a
460c6400
460c6466
460c64cd
460c6533
460c659a
460c6600
460c6666
460c66cd
460c6733
460c679a
460c6800
460c6866
460c68cd
460c6933
460c699a
460c6a00
460c6a66
460c6acd
460c6b33
460c6b9a
460c6c00
460c6c66
460c6ccd
460c6d33
460c6d9a
460c6e00
460c6e66
460c6ecd
460c6f33
460c6f9a
460c7000
460c7066
460c70cd
460c7133
460c719a
460c7200
460c7266
460c72cd
460c7333
460c739a
460c7400
460c7466
460c74cd
460c7533
460c759a
460c7600
460c7666
460c76cd
460c7733
460c779a
460c7800
460c7866
460c78cd
460c7933
460c799a
460c7a00
460c7a66
460c7acd
460c7b33
460c7b9a
460c7c00
460c7c66
460c7ccd
460c7d33
460c7d9a
460c7e00
460c7e66
460c7ecd
460c7f33
460c7f9a
460c8000
460c8066
460c80cd
460c8133
460c819a
460c8200
460c8266
460c82cd
460c8333
460c839a
460c8400
460c8466
460c84cd
460c8533
460c859a
460c8600
460c8666
460c86cd
460c8733
460c879a
460c8800
460c8866
460c88cd
460c8933
460c899a
460c8a00
460c8a66
460c8acd
460c8b33
460c8b9a
460c8c00
460c8c66
460c8ccd
460c8d33
460c8d9a
460c8e00
460c8e66
460c8ecd
460c8f33
460c8f9a
460c9000
460c9066
460c90cd
460c9133
460c919a
460c9200
460c9266
460c92cd
460c9333
460c939a
460c9400
460c9466
460c94cd
460c9533
460c959a
460c9600
460c9666
460c96cd
460c9733
460c979a
460c9800
460c9866
460c98cd
460c9933
460c999a
460c9a00
460c9a66
460c9acd
460c9b33
460c9b9a
460c9c00
460c9c66
460c9ccd
460c9d33
460c9d9a
460c9e00
460c9e66
460c9ecd
460c9f33
460c9f9a
460ca000
460ca066
460ca0cd
460ca133
460ca19a
460ca200
460ca266
460ca2cd
460ca333
460ca39a
460ca400
460ca466
460ca4cd
460ca533
460ca59a
460ca600
460ca666
460ca6cd
460ca733
460ca79a
460ca800
460ca866
460ca8cd
460ca933
460ca99a
460caa00
460caa66
460caacd
460cab33
460cab9a
460cac00
460cac66
460caccd
460cad33
460cad9a
460cae00
460cae66
460caecd
460caf33
460caf9a
460cb000
460cb066
460cb0cd
460cb133
460cb19a
460cb200
460cb266
460cb2cd
460cb333
460cb39a
460cb400
460cb466
460cb4cd
460cb533
460cb59a
460cb600
460cb666
460cb6cd
460cb733
460cb79a
460cb800
460cb866
460cb8cd
460cb933
460cb99a
460cba00
460cba66
460cbacd
460cbb33
460cbb9a
460cbc00
460cbc66
460cbccd
460cbd33
460cbd9a
460cbe00
460cbe66
460cbecd
460cbf33
460cbf9a
460cc000
460cc066
460cc0cd
460cc133
460cc19a
460cc200
460cc266
460cc2cd
460cc333
460cc39a
460cc400
460cc466
460cc4cd
460cc533
460cc59a
460cc600
460cc666
460cc6cd
460cc733
460cc79a
460cc800
460cc866
460cc8cd
460cc933
460cc99a
460cca00
460cca66
460ccacd
460ccb33
460ccb9a
460ccc00
460ccc66
460ccccd
460ccd33
460ccd9a
460cce00
460cce66
460ccecd
460ccf33
460ccf9a
460cd000
460cd066
460cd0cd
460cd133
460cd19a
460cd200
460cd266
460cd2cd
460cd333
460cd39a
460cd400
460cd466
460cd4cd
460cd533
460cd59a
460cd600
460cd666
460cd6cd
460cd733
460cd79a
460cd800
460cd866
460cd8cd
460cd933
460cd99a
460cda00
460cda66
460cdacd
460cdb33
460cdb9a
460cdc00
460cdc66
460cdccd
460cdd33
460cdd9a
460cde00
460cde66
460cdecd
460cdf33
460cdf9a
460ce000
460ce066
460ce0cd
460ce133
460ce19a
460ce200
460ce266
460ce2cd
460ce333
460ce39a
460ce400
460ce466
460ce4cd
460ce533
460ce59a
460ce600
460ce666
460ce6cd
460ce733
460ce79a
460ce800
460ce866
460ce8cd
460ce933
460ce99a
460cea00
460cea66
460ceacd
460ceb33
460ceb9a
460cec00
460cec66
460ceccd
460ced33
460ced9a
460cee00
460cee66
460ceecd
460cef33
460cef9a
460cf000
460cf066
460cf0cd
460cf133
460cf19a
460cf200
460cf266
460cf2cd
460cf333
460cf39a
460cf400
460cf466
460cf4cd
460cf533
460cf59a
460cf600
460cf666
460cf6cd
460cf733
460cf79a
460cf800
460cf866
460cf8cd
460cf933
460cf99a
460cfa00
460cfa66
460cfacd
460cfb33
460cfb9a
460cfc00
460cfc66
460cfccd
460cfd33
460cfd9a
460cfe00
460cfe66
460cfecd
460cff33
460cff9a
460d0000
460d0066
460d00cd
460d0133
460d019a
460d0200
460d0266
460d02cd
460d0333
460d039a
460d0400
460d0466
460d04cd
460d0533
460d059a
460d0600
460d0666
460d06cd
460d0733
460d079a
460d0800
460d0866
460d08cd
460d0933
460d099a
460d0a00
460d0a66
460d0acd
460d0b33
460d0b9a
460d0c00
460d0c66
460d0ccd
460d0d33
460d0d9a
460d0e00
460d0e66
460d0ecd
460d0f33
460d0f9a
460d1000
460d1066
460d10cd
460d1133
460d119a
460d1200
460d1266
460d12cd
460d1333
460d139a
460d1400
460d1466
460d14cd
460d1533
460d159a
460d1600
460d1666
460d16cd
460d1733
460d179a
460d1800
460d1866
460d18cd
460d1933
460d199a
460d1a00
460d1a66
460d1acd
460d1b33
460d1b9a
460d1c00
460d1c66
460d1ccd
460d1d33
460d1d9a
460d1e00
460d1e66
460d1ecd
460d1f33
460d1f9a
460d2000
460d2066
460d20cd
460d2133
460d219a
460d2200
460d2266
460d22cd
460d2333
460d239a
460d2400
460d2466
460d24cd
460d2533
460d259a
460d2600
460d2666
460d26cd
460d2733
460d279a
460d2800
460d2866
460d28cd
460d2933
460d299a
460d2a00
460d2a66
460d2acd
460d2b33
460d2b9a
460d2c00
460d2c66
460d2ccd
460d2d33
460d2d9a
460d2e00
460d2e66
460d2ecd
460d2f33
460d2f9a
460d3000
460d3066
460d30cd
460d3133
460d319a
460d3200
460d3266
460d32cd
460d3333
460d339a
460d3400
460d3466
460d34cd
460d3533
460d359a
460d3600
460d3666
460d36cd
460d3733
460d379a
460d3800
460d3866
460d38cd
460d3933
460d399a
460d3a00
460d3a66
460d3acd
460d3b33
460d3b9a
460d3c00
460d3c66
460d3ccd
460d3d33
460d3d9a
460d3e00
460d3e66
460d3ecd
460d3f33
460d3f9a
460d4000
460d4066
460d40cd
460d4133
460d419a
460d4200
460d4266
460d42cd
460d4333
460d439a
460d4400
460d4466
460d44cd
460d4533
460d459a
460d4600
460d4666
460d46cd
460d4733
460d479a
460d4800
460d4866
460d48cd
460d4933
460d499a
460d4a00
460d4a66
460d4acd
460d4b33
460d4b9a
460d4c00
460d4c66
460d4ccd
460d4d33
460d4d9a
460d4e00
460d4e66
460d4ecd
460d4f33
460d4f9a
460d5000
460d5066
460d50cd
460d5133
460d519a
460d5200
460d5266
460d52cd
460d5333
460d539a
460d5400
460d5466
460d54cd
460d5533
460d559a
460d5600
460d5666
460d56cd
460d5733
460d579a
460d5800
460d5866
460d58cd
460d5933
460d599a
460d5a00
460d5a66
460d5acd
460d5b33
460d5b9a
460d5c00
460d5c66
460d5ccd
460d5d33
460d5d9a
460d5e00
460d5e66
460d5ecd
460d5f33
460d5f9a
460d6000
460d6066
460d60cd
460d6133
460d619a
460d6200
460d6266
460d62cd
460d6333
460d639a
460d6400
460d6466
460d64cd
460d6533
460d659a
460d6600
460d6666
460d66cd
460d6733
460d679a
460d6800
460d6866
460d68cd
460d6933
460d699a
460d6a00
460d6a66
460d6acd
460d6b33
460d6b9a
460d6c00
460d6c66
460d6ccd
460d6d33
460d6d9a
460d6e00
460d6e66
460d6ecd
460d6f33
460d6f9a
460d7000
460d7066
460d70cd
460d7133
460d719a
460d7200
460d7266
460d72cd
460d7333
460d739a
460d7400
460d7466
460d74cd
460d7533
460d759a
460d7600
460d7666
460d76cd
460d7733
460d779a
460d7800
460d7866
460d78cd
460d7933
460d799a
460d7a00
460d7a66
460d7acd
460d7b33
460d7b9a
460d7c00
460d7c66
460d7ccd
460d7d33
460d7d9a
460d7e00
460d7e66
460d7ecd
460d7f33
460d7f9a
460d8000
460d8066
460d80cd
460d8133
460d819a
460d8200
460d8266
460d82cd
460d8333
460d839a
460d8400
460d8466
460d84cd
460d8533
460d859a
460d8600
460d8666
460d86cd
460d8733
460d879a
460d8800
460d8866
460d88cd
460d8933
460d899a
460d8a00
460d8a66
460d8acd
460d8b33
460d8b9a
460d8c00
460d8c66
460d8ccd
460d8d33
460d8d9a
460d8e00
460d8e66
460d8ecd
460d8f33
460d8f9a
460d9000
460d9066
460d90cd
460d9133
460d919a
460d9200
460d9266
460d92cd
460d9333
460d939a
460d9400
460d9466
460d94cd
460d9533
460d959a
460d9600
460d9666
460d96cd
460d9733
460d979a
460d9800
460d9866
460d98cd
460d9933
460d999a
460d9a00
460d9a66
460d9acd
460d9b33
460d9b9a
460d9c00
460d9c66
460d9ccd
460d9d33
460d9d9a
460d9e00
460d9e66
460d9ecd
460d9f33
460d9f9a
460da000
460da066
460da0cd
460da133
460da19a
460da200
460da266
460da2cd
460da333
460da39a
460da400
460da466
460da4cd
460da533
460da59a
460da600
460da666
460da6cd
460da733
460da79a
460da800
460da866
460da8cd
460da933
460da99a
460daa00
460daa66
460daacd
460dab33
460dab9a
460dac00
460dac66
460daccd
460dad33
460dad9a
460dae00
460dae66
460daecd
460daf33
460daf9a
460db000
460db066
460db0cd
460db133
460db19a
460db200
460db266
460db2cd
460db333
460db39a
460db400
460db466
460db4cd
460db533
460db59a
460db600
460db666
460db6cd
460db733
460db79a
460db800
460db866
460db8cd
460db933
460db99a
460dba00
460dba66
460dbacd
460dbb33
460dbb9a
460dbc00
460dbc66
460dbccd
460dbd33
460dbd9a
460dbe00
460dbe66
460dbecd
460dbf33
460dbf9a
460dc000
460dc066
460dc0cd
460dc133
460dc19a
460dc200
460dc266
460dc2cd
460dc333
460dc39a
460dc400
460dc466
460dc4cd
460dc533
460dc59a
460dc600
460dc666
460dc6cd
460dc733
460dc79a
460dc800
460dc866
460dc8cd
460dc933
460dc99a
460dca00
460dca66
460dcacd
460dcb33
460dcb9a
460dcc00
460dcc66
460dcccd
460dcd33
460dcd9a
460dce00
460dce66
460dcecd
460dcf33
460dcf9a
460dd000
460dd066
460dd0cd
460dd133
460dd19a
460dd200
460dd266
460dd2cd
460dd333
460dd39a
460dd400
460dd466
460dd4cd
460dd533
460dd59a
460dd600
460dd666
460dd6cd
460dd733
460dd79a
460dd800
460dd866
460dd8cd
460dd933
460dd99a
460dda00
460dda66
460ddacd
460ddb33
460ddb9a
460ddc00
460ddc66
460ddccd
460ddd33
460ddd9a
460dde00
460dde66
460ddecd
460ddf33
460ddf9a
460de000
460de066
460de0cd
460de133
460de19a
460de200
460de266
460de2cd
460de333
460de39a
460de400
460de466
460de4cd
460de533
460de59a
460de600
460de666
460de6cd
460de733
460de79a
460de800
460de866
460de8cd
460de933
460de99a
460dea00
460dea66
460deacd
460deb33
460deb9a
460dec00
460dec66
460deccd
460ded33
460ded9a
460dee00
460dee66
460deecd
460def33
460def9a
460df000
460df066
460df0cd
460df133
460df19a
460df200
460df266
460df2cd
460df333
460df39a
460df400
460df466
460df4cd
460df533
460df59a
460df600
460df666
460df6cd
460df733
460df79a
460df800
460df866
460df8cd
460df933
460df99a
460dfa00
460dfa66
460dfacd
460dfb33
460dfb9a
460dfc00
460dfc66
460dfccd
460dfd33
460dfd9a
460dfe00
460dfe66
460dfecd
460dff33
460dff9a
460e0000
460e0066
460e00cd
460e0133
460e019a
460e0200
460e0266
460e02cd
460e0333
460e039a
460e0400
460e0466
460e04cd
460e0533
460e059a
460e0600
460e0666
460e06cd
460e0733
460e079a
460e0800
460e0866
460e08cd
460e0933
460e099a
460e0a00
460e0a66
460e0acd
460e0b33
460e0b9a
460e0c00
460e0c66
460e0ccd
460e0d33
460e0d9a
460e0e00
460e0e66
460e0ecd
460e0f33
460e0f9a
460e1000
460e1066
460e10cd
460e1133
460e119a
460e1200
460e1266
460e12cd
460e1333
460e139a
460e1400
460e1466
460e14cd
460e1533
460e159a
460e1600
460e1666
460e16cd
460e1733
460e179a
460e1800
460e1866
460e18cd
460e1933
460e199a
460e1a00
460e1a66
460e1acd
460e1b33
460e1b9a
460e1c00
460e1c66
460e1ccd
460e1d33
460e1d9a
460e1e00
460e1e66
460e1ecd
460e1f33
460e1f9a
460e2000
460e2066
460e20cd
460e2133
460e219a
460e2200
460e2266
460e22cd
460e2333
460e239a
460e2400
460e2466
460e24cd
460e2533
460e259a
460e2600
460e2666
460e26cd
460e2733
460e279a
460e2800
460e2866
460e28cd
460e2933
460e299a
460e2a00
460e2a66
460e2acd
460e2b33
460e2b9a
460e2c00
460e2c66
460e2ccd
460e2d33
460e2d9a
460e2e00
460e2e66
460e2ecd
460e2f33
460e2f9a
460e3000
460e3066
460e30cd
460e3133
460e319a
460e3200
460e3266
460e32cd
460e3333
460e339a
460e3400
460e3466
460e34cd
460e3533
460e359a
460e3600
460e3666
460e36cd
460e3733
460e379a
460e3800
460e3866
460e38cd
460e3933
460e399a
460e3a00
460e3a66
460e3acd
460e3b33
460e3b9a
460e3c00
460e3c66
460e3ccd
460e3d33
460e3d9a
460e3e00
460e3e66
460e3ecd
460e3f33
460e3f9a
460e4000
460e4066
460e40cd
460e4133
460e419a
460e4200
460e4266
460e42cd
460e4333
460e439a
460e4400
460e4466
460e44cd
460e4533
460e459a
460e4600
460e4666
460e46cd
460e4733
460e479a
460e4800
460e4866
460e48cd
460e4933
460e499a
460e4a00
460e4a66
460e4acd
460e4b33
460e4b9a
460e4c00
460e4c66
460e4ccd
460e4d33
460e4d9a
460e4e00
460e4e66
460e4ecd
460e4f33
460e4f9a
460e5000
460e5066
460e50cd
460e5133
460e519a
460e5200
460e5266
460e52cd
460e5333
460e539a
460e5400
460e5466
460e54cd
460e5533
460e559a
460e5600
460e5666
460e56cd
460e5733
460e579a
460e5800
460e5866
460e58cd
460e5933
460e599a
460e5a00
460e5a66
460e5acd
460e5b33
460e5b9a
460e5c00
460e5c66
460e5ccd
460e5d33
460e5d9a
460e5e00
460e5e66
460e5ecd
460e5f33
460e5f9a
460e6000
460e6066
460e60cd
460e6133
460e619a
460e6200
460e6266
460e62cd
460e6333
460e639a
460e6400
460e6466
460e64cd
460e6533
460e659a
460e6600
460e6666
460e66cd
460e6733
460e679a
460e6800
460e6866
460e68cd
460e6933
460e699a
460e6a00
460e6a66
460e6acd
460e6b33
460e6b9a
460e6c00
460e6c66
460e6ccd
460e6d33
460e6d9a
460e6e00
460e6e66
460e6ecd
460e6f33
460e6f9a
460e7000
460e7066
460e70cd
460e7133
460e719a
460e7200
460e7266
460e72cd
460e7333
460e739a
460e7400
460e7466
460e74cd
460e7533
460e759a
460e7600
460e7666
460e76cd
460e7733
460e779a
460e7800
460e7866
460e78cd
460e7933
460e799a
460e7a00
460e7a66
460e7acd
460e7b33
460e7b9a
460e7c00
460e7c66
460e7ccd
460e7d33
460e7d9a
460e7e00
460e7e66
460e7ecd
460e7f33
460e7f9a
460e8000
460e8066
460e80cd
460e8133
460e819a
460e8200
460e8266
460e82cd
460e8333
460e839a
460e8400
460e8466
460e84cd
460e8533
460e859a
460e8600
460e8666
460e86cd
460e8733
460e879a
460e8800
460e8866
460e88cd
460e8933
460e899a
460e8a00
460e8a66
460e8acd
460e8b33
460e8b9a
460e8c00
460e8c66
460e8ccd
460e8d33
460e8d9a
460e8e00
460e8e66
460e8ecd
460e8f33
460e8f9a
460e9000
460e9066
460e90cd
460e9133
460e919a
460e9200
460e9266
460e92cd
460e9333
460e939a
460e9400
460e9466
460e94cd
460e9533
460e959a
460e9600
460e9666
460e96cd
460e9733
460e979a
460e9800
460e9866
460e98cd
460e9933
460e999a
460e9a00
460e9a66
460e9acd
460e9b33
460e9b9a
460e9c00
460e9c66
460e9ccd
460e9d33
460e9d9a
460e9e00
460e9e66
460e9ecd
460e9f33
460e9f9a
460ea000
460ea066
460ea0cd
460ea133
460ea19a
460ea200
460ea266
460ea2cd
460ea333
460ea39a
460ea400
460ea466
460ea4cd
460ea533
460ea59a
460ea600
460ea666
460ea6cd
460ea733
460ea79a
460ea800
460ea866
460ea8cd
460ea933
460ea99a
460eaa00
460eaa66
460eaacd
460eab33
460eab9a
460eac00
460eac66
460eaccd
460ead33
460ead9a
460eae00
460eae66
460eaecd
460eaf33
460eaf9a
460eb000
460eb066
460eb0cd
460eb133
460eb19a
460eb200
460eb266
460eb2cd
460eb333
460eb39a
460eb400
460eb466
460eb4cd
460eb533
460eb59a
460eb600
460eb666
460eb6cd
460eb733
460eb79a
460eb800
460eb866
460eb8cd
460eb933
460eb99a
460eba00
460eba66
460ebacd
460ebb33
460ebb9a
460ebc00
460ebc66
460ebccd
460ebd33
460ebd9a
460ebe00
460ebe66
460ebecd
460ebf33
460ebf9a
460ec000
460ec066
460ec0cd
460ec133
460ec19a
460ec200
460ec266
460ec2cd
460ec333
460ec39a
460ec400
460ec466
460ec4cd
460ec533
460ec59a
460ec600
460ec666
460ec6cd
460ec733
460ec79a
460ec800
460ec866
460ec8cd
460ec933
460ec99a
460eca00
460eca66
460ecacd
460ecb33
460ecb9a
460ecc00
460ecc66
460ecccd
460ecd33
460ecd9a
460ece00
460ece66
460ececd
460ecf33
460ecf9a
460ed000
460ed066
460ed0cd
460ed133
460ed19a
460ed200
460ed266
460ed2cd
460ed333
460ed39a
460ed400
460ed466
460ed4cd
460ed533
460ed59a
460ed600
460ed666
460ed6cd
460ed733
460ed79a
460ed800
460ed866
460ed8cd
460ed933
460ed99a
460eda00
460eda66
460edacd
460edb33
460edb9a
460edc00
460edc66
460edccd
460edd33
460edd9a
460ede00
460ede66
460edecd
460edf33
460edf9a
460ee000
460ee066
460ee0cd
460ee133
460ee19a
460ee200
460ee266
460ee2cd
460ee333
460ee39a
460ee400
460ee466
460ee4cd
460ee533
460ee59a
460ee600
460ee666
460ee6cd
460ee733
460ee79a
460ee800
460ee866
460ee8cd
460ee933
460ee99a
460eea00
460eea66
460eeacd
460eeb33
460eeb9a
460eec00
460eec66
460eeccd
460eed33
460eed9a
460eee00
460eee66
460eeecd
460eef33
460eef9a
460ef000
460ef066
460ef0cd
460ef133
460ef19a
460ef200
460ef266
460ef2cd
460ef333
460ef39a
460ef400
460ef466
460ef4cd
460ef533
460ef59a
460ef600
460ef666
460ef6cd
460ef733
460ef79a
460ef800
460ef866
460ef8cd
460ef933
460ef99a
460efa00
460efa66
460efacd
460efb33
460efb9a
460efc00
460efc66
460efccd
460efd33
460efd9a
460efe00
460efe66
460efecd
460eff33
460eff9a
460f0000
460f0066
460f00cd
460f0133
460f019a
460f0200
460f0266
460f02cd
460f0333
460f039a
460f0400
460f0466
460f04cd
460f0533
460f059a
460f0600
460f0666
460f06cd
460f0733
460f079a
460f0800
460f0866
460f08cd
460f0933
460f099a
460f0a00
460f0a66
460f0acd
460f0b33
460f0b9a
460f0c00
460f0c66
460f0ccd
460f0d33
460f0d9a
460f0e00
460f0e66
460f0ecd
460f0f33
460f0f9a
460f1000
460f1066
460f10cd
460f1133
460f119a
460f1200
460f1266
460f12cd
460f1333
460f139a
460f1400
460f1466
460f14cd
460f1533
460f159a
460f1600
460f1666
460f16cd
460f1733
460f179a
460f1800
460f1866
460f18cd
460f1933
460f199a
460f1a00
460f1a66
460f1acd
460f1b33
460f1b9a
460f1c00
460f1c66
460f1ccd
460f1d33
460f1d9a
460f1e00
460f1e66
460f1ecd
460f1f33
460f1f9a
460f2000
460f2066
460f20cd
460f2133
460f219a
460f2200
460f2266
460f22cd
460f2333
460f239a
460f2400
460f2466
460f24cd
460f2533
460f259a
460f2600
460f2666
460f26cd
460f2733
460f279a
460f2800
460f2866
460f28cd
460f2933
460f299a
460f2a00
460f2a66
460f2acd
460f2b33
460f2b9a
460f2c00
460f2c66
460f2ccd
460f2d33
460f2d9a
460f2e00
460f2e66
460f2ecd
460f2f33
460f2f9a
460f3000
460f3066
460f30cd
460f3133
460f319a
460f3200
460f3266
460f32cd
460f3333
460f339a
460f3400
460f3466
460f34cd
460f3533
460f359a
460f3600
460f3666
460f36cd
460f3733
460f379a
460f3800
460f3866
460f38cd
460f3933
460f399a
460f3a00
460f3a66
460f3acd
460f3b33
460f3b9a
460f3c00
460f3c66
460f3ccd
460f3d33
460f3d9a
460f3e00
460f3e66
460f3ecd
460f3f33
460f3f9a
460f4000
460f4066
460f40cd
460f4133
460f419a
460f4200
460f4266
460f42cd
460f4333
460f439a
460f4400
460f4466
460f44cd
460f4533
460f459a
460f4600
460f4666
460f46cd
460f4733
460f479a
460f4800
460f4866
460f48cd
460f4933
460f499a
460f4a00
460f4a66
460f4acd
460f4b33
460f4b9a
460f4c00
460f4c66
460f4ccd
460f4d33
460f4d9a
460f4e00
460f4e66
460f4ecd
460f4f33
460f4f9a
460f5000
460f5066
460f50cd
460f5133
460f519a
460f5200
460f5266
460f52cd
460f5333
460f539a
460f5400
460f5466
460f54cd
460f5533
460f559a
460f5600
460f5666
460f56cd
460f5733
460f579a
460f5800
460f5866
460f58cd
460f5933
460f599a
460f5a00
460f5a66
460f5acd
460f5b33
460f5b9a
460f5c00
460f5c66
460f5ccd
460f5d33
460f5d9a
460f5e00
460f5e66
460f5ecd
460f5f33
460f5f9a
460f6000
460f6066
460f60cd
460f6133
460f619a
460f6200
460f6266
460f62cd
460f6333
460f639a
460f6400
460f6466
460f64cd
460f6533
460f659a
460f6600
460f6666
460f66cd
460f6733
460f679a
460f6800
460f6866
460f68cd
460f6933
460f699a
460f6a00
460f6a66
460f6acd
460f6b33
460f6b9a
460f6c00
460f6c66
460f6ccd
460f6d33
460f6d9a
460f6e00
460f6e66
460f6ecd
460f6f33
460f6f9a
460f7000
460f7066
460f70cd
460f7133
460f719a
460f7200
460f7266
460f72cd
460f7333
460f739a
460f7400
460f7466
460f74cd
460f7533
460f759a
460f7600
460f7666
460f76cd
460f7733
460f779a
460f7800
460f7866
460f78cd
460f7933
460f799a
460f7a00
460f7a66
460f7acd
460f7b33
460f7b9a
460f7c00
460f7c66
460f7ccd
460f7d33
460f7d9a
460f7e00
460f7e66
460f7ecd
460f7f33
460f7f9a
460f8000
460f8066
460f80cd
460f8133
460f819a
460f8200
460f8266
460f82cd
460f8333
460f839a
460f8400
460f8466
460f84cd
460f8533
460f859a
460f8600
460f8666
460f86cd
460f8733
460f879a
460f8800
460f8866
460f88cd
460f8933
460f899a
460f8a00
460f8a66
460f8acd
460f8b33
460f8b9a
460f8c00
460f8c66
460f8ccd
460f8d33
460f8d9a
460f8e00
460f8e66
460f8ecd
460f8f33
460f8f9a
460f9000
460f9066
460f90cd
460f9133
460f919a
460f9200
460f9266
460f92cd
460f9333
460f939a
460f9400
460f9466
460f94cd
460f9533
460f959a
460f9600
460f9666
460f96cd
460f9733
460f979a
460f9800
460f9866
460f98cd
460f9933
460f999a
460f9a00
460f9a66
460f9acd
460f9b33
460f9b9a
460f9c00
460f9c66
460f9ccd
460f9d33
460f9d9a
460f9e00
460f9e66
460f9ecd
460f9f33
460f9f9a
460fa000
460fa066
460fa0cd
460fa133
460fa19a
460fa200
460fa266
460fa2cd
460fa333
460fa39a
460fa400
460fa466
460fa4cd
460fa533
460fa59a
460fa600
460fa666
460fa6cd
460fa733
460fa79a
460fa800
460fa866
460fa8cd
460fa933
460fa99a
460faa00
460faa66
460faacd
460fab33
460fab9a
460fac00
460fac66
460faccd
460fad33
460fad9a
460fae00
460fae66
460faecd
460faf33
460faf9a
460fb000
460fb066
460fb0cd
460fb133
460fb19a
460fb200
460fb266
460fb2cd
460fb333
460fb39a
460fb400
460fb466
460fb4cd
460fb533
460fb59a
460fb600
460fb666
460fb6cd
460fb733
460fb79a
460fb800
460fb866
460fb8cd
460fb933
460fb99a
460fba00
460fba66
460fbacd
460fbb33
460fbb9a
460fbc00
460fbc66
460fbccd
460fbd33
460fbd9a
460fbe00
460fbe66
460fbecd
460fbf33
460fbf9a
460fc000
460fc066
460fc0cd
460fc133
460fc19a
460fc200
460fc266
460fc2cd
460fc333
460fc39a
460fc400
460fc466
460fc4cd
460fc533
460fc59a
460fc600
460fc666
460fc6cd
460fc733
460fc79a
460fc800
460fc866
460fc8cd
460fc933
460fc99a
460fca00
460fca66
460fcacd
460fcb33
460fcb9a
460fcc00
460fcc66
460fcccd
460fcd33
460fcd9a
460fce00
460fce66
460fcecd
460fcf33
460fcf9a
460fd000
460fd066
460fd0cd
460fd133
460fd19a
460fd200
460fd266
460fd2cd
460fd333
460fd39a
460fd400
460fd466
460fd4cd
460fd533
460fd59a
460fd600
460fd666
460fd6cd
460fd733
460fd79a
460fd800
460fd866
460fd8cd
460fd933
460fd99a
460fda00
460fda66
460fdacd
460fdb33
460fdb9a
460fdc00
460fdc66
460fdccd
460fdd33
460fdd9a
460fde00
460fde66
460fdecd
460fdf33
460fdf9a
460fe000
460fe066
460fe0cd
460fe133
460fe19a
460fe200
460fe266
460fe2cd
460fe333
460fe39a
460fe400
460fe466
460fe4cd
460fe533
460fe59a
460fe600
460fe666
460fe6cd
460fe733
460fe79a
460fe800
460fe866
460fe8cd
460fe933
460fe99a
460fea00
460fea66
460feacd
460feb33
460feb9a
460fec00
460fec66
460feccd
460fed33
460fed9a
460fee00
460fee66
460feecd
460fef33
460fef9a
460ff000
460ff066
460ff0cd
460ff133
460ff19a
460ff200
460ff266
460ff2cd
460ff333
460ff39a
460ff400
460ff466
460ff4cd
460ff533
460ff59a
460ff600
460ff666
460ff6cd
460ff733
460ff79a
460ff800
460ff866
460ff8cd
460ff933
460ff99a
460ffa00
460ffa66
460ffacd
460ffb33
460ffb9a
460ffc00
460ffc66
460ffccd
460ffd33
460ffd9a
460ffe00
460ffe66
460ffecd
460fff33
460fff9a
46100000
46100066
461000cd
46100133
4610019a
46100200
46100266
461002cd
46100333
4610039a
46100400
46100466
461004cd
46100533
4610059a
46100600
46100666
461006cd
46100733
4610079a
46100800
46100866
461008cd
46100933
4610099a
46100a00
46100a66
46100acd
46100b33
46100b9a
46100c00
46100c66
46100ccd
46100d33
46100d9a
46100e00
46100e66
46100ecd
46100f33
46100f9a
46101000
46101066
461010cd
46101133
4610119a
46101200
46101266
461012cd
46101333
4610139a
46101400
46101466
461014cd
46101533
4610159a
46101600
46101666
461016cd
46101733
4610179a
46101800
46101866
461018cd
46101933
4610199a
46101a00
46101a66
46101acd
46101b33
46101b9a
46101c00
46101c66
46101ccd
46101d33
46101d9a
46101e00
46101e66
46101ecd
46101f33
46101f9a
46102000
46102066
461020cd
46102133
4610219a
46102200
46102266
461022cd
46102333
4610239a
46102400
46102466
461024cd
46102533
4610259a
46102600
46102666
461026cd
46102733
4610279a
46102800
46102866
461028cd
46102933
4610299a
46102a00
46102a66
46102acd
46102b33
46102b9a
46102c00
46102c66
46102ccd
46102d33
46102d9a
46102e00
46102e66
46102ecd
46102f33
46102f9a
46103000
46103066
461030cd
46103133
4610319a
46103200
46103266
461032cd
46103333
4610339a
46103400
46103466
461034cd
46103533
4610359a
46103600
46103666
461036cd
46103733
4610379a
46103800
46103866
461038cd
46103933
4610399a
46103a00
46103a66
46103acd
46103b33
46103b9a
46103c00
46103c66
46103ccd
46103d33
46103d9a
46103e00
46103e66
46103ecd
46103f33
46103f9a
46104000
46104066
461040cd
46104133
4610419a
46104200
46104266
461042cd
46104333
4610439a
46104400
46104466
461044cd
46104533
4610459a
46104600
46104666
461046cd
46104733
4610479a
46104800
46104866
461048cd
46104933
4610499a
46104a00
46104a66
46104acd
46104b33
46104b9a
46104c00
46104c66
46104ccd
46104d33
46104d9a
46104e00
46104e66
46104ecd
46104f33
46104f9a
46105000
46105066
461050cd
46105133
4610519a
46105200
46105266
461052cd
46105333
4610539a
46105400
46105466
461054cd
46105533
4610559a
46105600
46105666
461056cd
46105733
4610579a
46105800
46105866
461058cd
46105933
4610599a
46105a00
46105a66
46105acd
46105b33
46105b9a
46105c00
46105c66
46105ccd
46105d33
46105d9a
46105e00
46105e66
46105ecd
46105f33
46105f9a
46106000
46106066
461060cd
46106133
4610619a
46106200
46106266
461062cd
46106333
4610639a
46106400
46106466
461064cd
46106533
4610659a
46106600
46106666
461066cd
46106733
4610679a
46106800
46106866
461068cd
46106933
4610699a
46106a00
46106a66
46106acd
46106b33
46106b9a
46106c00
46106c66
46106ccd
46106d33
46106d9a
46106e00
46106e66
46106ecd
46106f33
46106f9a
46107000
46107066
461070cd
46107133
4610719a
46107200
46107266
461072cd
46107333
4610739a
46107400
46107466
461074cd
46107533
4610759a
46107600
46107666
461076cd
46107733
4610779a
46107800
46107866
461078cd
46107933
4610799a
46107a00
46107a66
46107acd
46107b33
46107b9a
46107c00
46107c66
46107ccd
46107d33
46107d9a
46107e00
46107e66
46107ecd
46107f33
46107f9a
46108000
46108066
461080cd
46108133
4610819a
46108200
46108266
461082cd
46108333
4610839a
46108400
46108466
461084cd
46108533
4610859a
46108600
46108666
461086cd
46108733
4610879a
46108800
46108866
461088cd
46108933
4610899a
46108a00
46108a66
46108acd
46108b33
46108b9a
46108c00
46108c66
46108ccd
46108d33
46108d9a
46108e00
46108e66
46108ecd
46108f33
46108f9a
46109000
46109066
461090cd
46109133
4610919a
46109200
46109266
461092cd
46109333
4610939a
46109400
46109466
461094cd
46109533
4610959a
46109600
46109666
461096cd
46109733
4610979a
46109800
46109866
461098cd
46109933
4610999a
46109a00
46109a66
46109acd
46109b33
46109b9a
46109c00
46109c66
46109ccd
46109d33
46109d9a
46109e00
46109e66
46109ecd
46109f33
46109f9a
4610a000
4610a066
4610a0cd
4610a133
4610a19a
4610a200
4610a266
4610a2cd
4610a333
4610a39a
4610a400
4610a466
4610a4cd
4610a533
4610a59a
4610a600
4610a666
4610a6cd
4610a733
4610a79a
4610a800
4610a866
4610a8cd
4610a933
4610a99a
4610aa00
4610aa66
4610aacd
4610ab33
4610ab9a
4610ac00
4610ac66
4610accd
4610ad33
4610ad9a
4610ae00
4610ae66
4610aecd
4610af33
4610af9a
4610b000
4610b066
4610b0cd
4610b133
4610b19a
4610b200
4610b266
4610b2cd
4610b333
4610b39a
4610b400
4610b466
4610b4cd
4610b533
4610b59a
4610b600
4610b666
4610b6cd
4610b733
4610b79a
4610b800
4610b866
4610b8cd
4610b933
4610b99a
4610ba00
4610ba66
4610bacd
4610bb33
4610bb9a
4610bc00
4610bc66
4610bccd
4610bd33
4610bd9a
4610be00
4610be66
4610becd
4610bf33
4610bf9a
4610c000
4610c066
4610c0cd
4610c133
4610c19a
4610c200
4610c266
4610c2cd
4610c333
4610c39a
4610c400
4610c466
4610c4cd
4610c533
4610c59a
4610c600
4610c666
4610c6cd
4610c733
4610c79a
4610c800
4610c866
4610c8cd
4610c933
4610c99a
4610ca00
4610ca66
4610cacd
4610cb33
4610cb9a
4610cc00
4610cc66
4610cccd
4610cd33
4610cd9a
4610ce00
4610ce66
4610cecd
4610cf33
4610cf9a
4610d000
4610d066
4610d0cd
4610d133
4610d19a
4610d200
4610d266
4610d2cd
4610d333
4610d39a
4610d400
4610d466
4610d4cd
4610d533
4610d59a
4610d600
4610d666
4610d6cd
4610d733
4610d79a
4610d800
4610d866
4610d8cd
4610d933
4610d99a
4610da00
4610da66
4610dacd
4610db33
4610db9a
4610dc00
4610dc66
4610dccd
4610dd33
4610dd9a
4610de00
4610de66
4610decd
4610df33
4610df9a
4610e000
4610e066
4610e0cd
4610e133
4610e19a
4610e200
4610e266
4610e2cd
4610e333
4610e39a
4610e400
4610e466
4610e4cd
4610e533
4610e59a
4610e600
4610e666
4610e6cd
4610e733
4610e79a
4610e800
4610e866
4610e8cd
4610e933
4610e99a
4610ea00
4610ea66
4610eacd
4610eb33
4610eb9a
4610ec00
4610ec66
4610eccd
4610ed33
4610ed9a
4610ee00
4610ee66
4610eecd
4610ef33
4610ef9a
4610f000
4610f066
4610f0cd
4610f133
4610f19a
4610f200
4610f266
4610f2cd
4610f333
4610f39a
4610f400
4610f466
4610f4cd
4610f533
4610f59a
4610f600
4610f666
4610f6cd
4610f733
4610f79a
4610f800
4610f866
4610f8cd
4610f933
4610f99a
4610fa00
4610fa66
4610facd
4610fb33
4610fb9a
4610fc00
4610fc66
4610fccd
4610fd33
4610fd9a
4610fe00
4610fe66
4610fecd
4610ff33
4610ff9a
46110000
46110066
461100cd
46110133
4611019a
46110200
46110266
461102cd
46110333
4611039a
46110400
46110466
461104cd
46110533
4611059a
46110600
46110666
461106cd
46110733
4611079a
46110800
46110866
461108cd
46110933
4611099a
46110a00
46110a66
46110acd
46110b33
46110b9a
46110c00
46110c66
46110ccd
46110d33
46110d9a
46110e00
46110e66
46110ecd
46110f33
46110f9a
46111000
46111066
461110cd
46111133
4611119a
46111200
46111266
461112cd
46111333
4611139a
46111400
46111466
461114cd
46111533
4611159a
46111600
46111666
461116cd
46111733
4611179a
46111800
46111866
461118cd
46111933
4611199a
46111a00
46111a66
46111acd
46111b33
46111b9a
46111c00
46111c66
46111ccd
46111d33
46111d9a
46111e00
46111e66
46111ecd
46111f33
46111f9a
46112000
46112066
461120cd
46112133
4611219a
46112200
46112266
461122cd
46112333
4611239a
46112400
46112466
461124cd
46112533
4611259a
46112600
46112666
461126cd
46112733
4611279a
46112800
46112866
461128cd
46112933
4611299a
46112a00
46112a66
46112acd
46112b33
46112b9a
46112c00
46112c66
46112ccd
46112d33
46112d9a
46112e00
46112e66
46112ecd
46112f33
46112f9a
46113000
46113066
461130cd
46113133
4611319a
46113200
46113266
461132cd
46113333
4611339a
46113400
46113466
461134cd
46113533
4611359a
46113600
46113666
461136cd
46113733
4611379a
46113800
46113866
461138cd
46113933
4611399a
46113a00
46113a66
46113acd
46113b33
46113b9a
46113c00
46113c66
46113ccd
46113d33
46113d9a
46113e00
46113e66
46113ecd
46113f33
46113f9a
46114000
46114066
461140cd
46114133
4611419a
46114200
46114266
461142cd
46114333
4611439a
46114400
46114466
461144cd
46114533
4611459a
46114600
46114666
461146cd
46114733
4611479a
46114800
46114866
461148cd
46114933
4611499a
46114a00
46114a66
46114acd
46114b33
46114b9a
46114c00
46114c66
46114ccd
46114d33
46114d9a
46114e00
46114e66
46114ecd
46114f33
46114f9a
46115000
46115066
461150cd
46115133
4611519a
46115200
46115266
461152cd
46115333
4611539a
46115400
46115466
461154cd
46115533
4611559a
46115600
46115666
461156cd
46115733
4611579a
46115800
46115866
461158cd
46115933
4611599a
46115a00
46115a66
46115acd
46115b33
46115b9a
46115c00
46115c66
46115ccd
46115d33
46115d9a
46115e00
46115e66
46115ecd
46115f33
46115f9a
46116000
46116066
461160cd
46116133
4611619a
46116200
46116266
461162cd
46116333
4611639a
46116400
46116466
461164cd
46116533
4611659a
46116600
46116666
461166cd
46116733
4611679a
46116800
46116866
461168cd
46116933
4611699a
46116a00
46116a66
46116acd
46116b33
46116b9a
46116c00
46116c66
46116ccd
46116d33
46116d9a
46116e00
46116e66
46116ecd
46116f33
46116f9a
46117000
46117066
461170cd
46117133
4611719a
46117200
46117266
461172cd
46117333
4611739a
46117400
46117466
461174cd
46117533
4611759a
46117600
46117666
461176cd
46117733
4611779a
46117800
46117866
461178cd
46117933
4611799a
46117a00
46117a66
46117acd
46117b33
46117b9a
46117c00
46117c66
46117ccd
46117d33
46117d9a
46117e00
46117e66
46117ecd
46117f33
46117f9a
46118000
46118066
461180cd
46118133
4611819a
46118200
46118266
461182cd
46118333
4611839a
46118400
46118466
461184cd
46118533
4611859a
46118600
46118666
461186cd
46118733
4611879a
46118800
46118866
461188cd
46118933
4611899a
46118a00
46118a66
46118acd
46118b33
46118b9a
46118c00
46118c66
46118ccd
46118d33
46118d9a
46118e00
46118e66
46118ecd
46118f33
46118f9a
46119000
46119066
461190cd
46119133
4611919a
46119200
46119266
461192cd
46119333
4611939a
46119400
46119466
461194cd
46119533
4611959a
46119600
46119666
461196cd
46119733
4611979a
46119800
46119866
461198cd
46119933
4611999a
46119a00
46119a66
46119acd
46119b33
46119b9a
46119c00
46119c66
46119ccd
46119d33
46119d9a
46119e00
46119e66
46119ecd
46119f33
46119f9a
4611a000
4611a066
4611a0cd
4611a133
4611a19a
4611a200
4611a266
4611a2cd
4611a333
4611a39a
4611a400
4611a466
4611a4cd
4611a533
4611a59a
4611a600
4611a666
4611a6cd
4611a733
4611a79a
4611a800
4611a866
4611a8cd
4611a933
4611a99a
4611aa00
4611aa66
4611aacd
4611ab33
4611ab9a
4611ac00
4611ac66
4611accd
4611ad33
4611ad9a
4611ae00
4611ae66
4611aecd
4611af33
4611af9a
4611b000
4611b066
4611b0cd
4611b133
4611b19a
4611b200
4611b266
4611b2cd
4611b333
4611b39a
4611b400
4611b466
4611b4cd
4611b533
4611b59a
4611b600
4611b666
4611b6cd
4611b733
4611b79a
4611b800
4611b866
4611b8cd
4611b933
4611b99a
4611ba00
4611ba66
4611bacd
4611bb33
4611bb9a
4611bc00
4611bc66
4611bccd
4611bd33
4611bd9a
4611be00
4611be66
4611becd
4611bf33
4611bf9a
4611c000
4611c066
4611c0cd
4611c133
4611c19a
4611c200
4611c266
4611c2cd
4611c333
4611c39a
4611c400
4611c466
4611c4cd
4611c533
4611c59a
4611c600
4611c666
4611c6cd
4611c733
4611c79a
4611c800
4611c866
4611c8cd
4611c933
4611c99a
4611ca00
4611ca66
4611cacd
4611cb33
4611cb9a
4611cc00
4611cc66
4611cccd
4611cd33
4611cd9a
4611ce00
4611ce66
4611cecd
4611cf33
4611cf9a
4611d000
4611d066
4611d0cd
4611d133
4611d19a
4611d200
4611d266
4611d2cd
4611d333
4611d39a
4611d400
4611d466
4611d4cd
4611d533
4611d59a
4611d600
4611d666
4611d6cd
4611d733
4611d79a
4611d800
4611d866
4611d8cd
4611d933
4611d99a
4611da00
4611da66
4611dacd
4611db33
4611db9a
4611dc00
4611dc66
4611dccd
4611dd33
4611dd9a
4611de00
4611de66
4611decd
4611df33
4611df9a
4611e000
4611e066
4611e0cd
4611e133
4611e19a
4611e200
4611e266
4611e2cd
4611e333
4611e39a
4611e400
4611e466
4611e4cd
4611e533
4611e59a
4611e600
4611e666
4611e6cd
4611e733
4611e79a
4611e800
4611e866
4611e8cd
4611e933
4611e99a
4611ea00
4611ea66
4611eacd
4611eb33
4611eb9a
4611ec00
4611ec66
4611eccd
4611ed33
4611ed9a
4611ee00
4611ee66
4611eecd
4611ef33
4611ef9a
4611f000
4611f066
4611f0cd
4611f133
4611f19a
4611f200
4611f266
4611f2cd
4611f333
4611f39a
4611f400
4611f466
4611f4cd
4611f533
4611f59a
4611f600
4611f666
4611f6cd
4611f733
4611f79a
4611f800
4611f866
4611f8cd
4611f933
4611f99a
4611fa00
4611fa66
4611facd
4611fb33
4611fb9a
4611fc00
4611fc66
4611fccd
4611fd33
4611fd9a
4611fe00
4611fe66
4611fecd
4611ff33
4611ff9a
46120000
46120066
461200cd
46120133
4612019a
46120200
46120266
461202cd
46120333
4612039a
46120400
46120466
461204cd
46120533
4612059a
46120600
46120666
461206cd
46120733
4612079a
46120800
46120866
461208cd
46120933
4612099a
46120a00
46120a66
46120acd
46120b33
46120b9a
46120c00
46120c66
46120ccd
46120d33
46120d9a
46120e00
46120e66
46120ecd
46120f33
46120f9a
46121000
46121066
461210cd
46121133
4612119a
46121200
46121266
461212cd
46121333
4612139a
46121400
46121466
461214cd
46121533
4612159a
46121600
46121666
461216cd
46121733
4612179a
46121800
46121866
461218cd
46121933
4612199a
46121a00
46121a66
46121acd
46121b33
46121b9a
46121c00
46121c66
46121ccd
46121d33
46121d9a
46121e00
46121e66
46121ecd
46121f33
46121f9a
46122000
46122066
461220cd
46122133
4612219a
46122200
46122266
461222cd
46122333
4612239a
46122400
46122466
461224cd
46122533
4612259a
46122600
46122666
461226cd
46122733
4612279a
46122800
46122866
461228cd
46122933
4612299a
46122a00
46122a66
46122acd
46122b33
46122b9a
46122c00
46122c66
46122ccd
46122d33
46122d9a
46122e00
46122e66
46122ecd
46122f33
46122f9a
46123000
46123066
461230cd
46123133
4612319a
46123200
46123266
461232cd
46123333
4612339a
46123400
46123466
461234cd
46123533
4612359a
46123600
46123666
461236cd
46123733
4612379a
46123800
46123866
461238cd
46123933
4612399a
46123a00
46123a66
46123acd
46123b33
46123b9a
46123c00
46123c66
46123ccd
46123d33
46123d9a
46123e00
46123e66
46123ecd
46123f33
46123f9a
46124000
46124066
461240cd
46124133
4612419a
46124200
46124266
461242cd
46124333
4612439a
46124400
46124466
461244cd
46124533
4612459a
46124600
46124666
461246cd
46124733
4612479a
46124800
46124866
461248cd
46124933
4612499a
46124a00
46124a66
46124acd
46124b33
46124b9a
46124c00
46124c66
46124ccd
46124d33
46124d9a
46124e00
46124e66
46124ecd
46124f33
46124f9a
46125000
46125066
461250cd
46125133
4612519a
46125200
46125266
461252cd
46125333
4612539a
46125400
46125466
461254cd
46125533
4612559a
46125600
46125666
461256cd
46125733
4612579a
46125800
46125866
461258cd
46125933
4612599a
46125a00
46125a66
46125acd
46125b33
46125b9a
46125c00
46125c66
46125ccd
46125d33
46125d9a
46125e00
46125e66
46125ecd
46125f33
46125f9a
46126000
46126066
461260cd
46126133
4612619a
46126200
46126266
461262cd
46126333
4612639a
46126400
46126466
461264cd
46126533
4612659a
46126600
46126666
461266cd
46126733
4612679a
46126800
46126866
461268cd
46126933
4612699a
46126a00
46126a66
46126acd
46126b33
46126b9a
46126c00
46126c66
46126ccd
46126d33
46126d9a
46126e00
46126e66
46126ecd
46126f33
46126f9a
46127000
46127066
461270cd
46127133
4612719a
46127200
46127266
461272cd
46127333
4612739a
46127400
46127466
461274cd
46127533
4612759a
46127600
46127666
461276cd
46127733
4612779a
46127800
46127866
461278cd
46127933
4612799a
46127a00
46127a66
46127acd
46127b33
46127b9a
46127c00
46127c66
46127ccd
46127d33
46127d9a
46127e00
46127e66
46127ecd
46127f33
46127f9a
46128000
46128066
461280cd
46128133
4612819a
46128200
46128266
461282cd
46128333
4612839a
46128400
46128466
461284cd
46128533
4612859a
46128600
46128666
461286cd
46128733
4612879a
46128800
46128866
461288cd
46128933
4612899a
46128a00
46128a66
46128acd
46128b33
46128b9a
46128c00
46128c66
46128ccd
46128d33
46128d9a
46128e00
46128e66
46128ecd
46128f33
46128f9a
46129000
46129066
461290cd
46129133
4612919a
46129200
46129266
461292cd
46129333
4612939a
46129400
46129466
461294cd
46129533
4612959a
46129600
46129666
461296cd
46129733
4612979a
46129800
46129866
461298cd
46129933
4612999a
46129a00
46129a66
46129acd
46129b33
46129b9a
46129c00
46129c66
46129ccd
46129d33
46129d9a
46129e00
46129e66
46129ecd
46129f33
46129f9a
4612a000
4612a066
4612a0cd
4612a133
4612a19a
4612a200
4612a266
4612a2cd
4612a333
4612a39a
4612a400
4612a466
4612a4cd
4612a533
4612a59a
4612a600
4612a666
4612a6cd
4612a733
4612a79a
4612a800
4612a866
4612a8cd
4612a933
4612a99a
4612aa00
4612aa66
4612aacd
4612ab33
4612ab9a
4612ac00
4612ac66
4612accd
4612ad33
4612ad9a
4612ae00
4612ae66
4612aecd
4612af33
4612af9a
4612b000
4612b066
4612b0cd
4612b133
4612b19a
4612b200
4612b266
4612b2cd
4612b333
4612b39a
4612b400
4612b466
4612b4cd
4612b533
4612b59a
4612b600
4612b666
4612b6cd
4612b733
4612b79a
4612b800
4612b866
4612b8cd
4612b933
4612b99a
4612ba00
4612ba66
4612bacd
4612bb33
4612bb9a
4612bc00
4612bc66
4612bccd
4612bd33
4612bd9a
4612be00
4612be66
4612becd
4612bf33
4612bf9a
4612c000
4612c066
4612c0cd
4612c133
4612c19a
4612c200
4612c266
4612c2cd
4612c333
4612c39a
4612c400
4612c466
4612c4cd
4612c533
4612c59a
4612c600
4612c666
4612c6cd
4612c733
4612c79a
4612c800
4612c866
4612c8cd
4612c933
4612c99a
4612ca00
4612ca66
4612cacd
4612cb33
4612cb9a
4612cc00
4612cc66
4612cccd
4612cd33
4612cd9a
4612ce00
4612ce66
4612cecd
4612cf33
4612cf9a
4612d000
4612d066
4612d0cd
4612d133
4612d19a
4612d200
4612d266
4612d2cd
4612d333
4612d39a
4612d400
4612d466
4612d4cd
4612d533
4612d59a
4612d600
4612d666
4612d6cd
4612d733
4612d79a
4612d800
4612d866
4612d8cd
4612d933
4612d99a
4612da00
4612da66
4612dacd
4612db33
4612db9a
4612dc00
4612dc66
4612dccd
4612dd33
4612dd9a
4612de00
4612de66
4612decd
4612df33
4612df9a
4612e000
4612e066
4612e0cd
4612e133
4612e19a
4612e200
4612e266
4612e2cd
4612e333
4612e39a
4612e400
4612e466
4612e4cd
4612e533
4612e59a
4612e600
4612e666
4612e6cd
4612e733
4612e79a
4612e800
4612e866
4612e8cd
4612e933
4612e99a
4612ea00
4612ea66
4612eacd
4612eb33
4612eb9a
4612ec00
4612ec66
4612eccd
4612ed33
4612ed9a
4612ee00
4612ee66
4612eecd
4612ef33
4612ef9a
4612f000
4612f066
4612f0cd
4612f133
4612f19a
4612f200
4612f266
4612f2cd
4612f333
4612f39a
4612f400
4612f466
4612f4cd
4612f533
4612f59a
4612f600
4612f666
4612f6cd
4612f733
4612f79a
4612f800
4612f866
4612f8cd
4612f933
4612f99a
4612fa00
4612fa66
4612facd
4612fb33
4612fb9a
4612fc00
4612fc66
4612fccd
4612fd33
4612fd9a
4612fe00
4612fe66
4612fecd
4612ff33
4612ff9a
46130000
46130066
461300cd
46130133
4613019a
46130200
46130266
461302cd
46130333
4613039a
46130400
46130466
461304cd
46130533
4613059a
46130600
46130666
461306cd
46130733
4613079a
46130800
46130866
461308cd
46130933
4613099a
46130a00
46130a66
46130acd
46130b33
46130b9a
46130c00
46130c66
46130ccd
46130d33
46130d9a
46130e00
46130e66
46130ecd
46130f33
46130f9a
46131000
46131066
461310cd
46131133
4613119a
46131200
46131266
461312cd
46131333
4613139a
46131400
46131466
461314cd
46131533
4613159a
46131600
46131666
461316cd
46131733
4613179a
46131800
46131866
461318cd
46131933
4613199a
46131a00
46131a66
46131acd
46131b33
46131b9a
46131c00
46131c66
46131ccd
46131d33
46131d9a
46131e00
46131e66
46131ecd
46131f33
46131f9a
46132000
46132066
461320cd
46132133
4613219a
46132200
46132266
461322cd
46132333
4613239a
46132400
46132466
461324cd
46132533
4613259a
46132600
46132666
461326cd
46132733
4613279a
46132800
46132866
461328cd
46132933
4613299a
46132a00
46132a66
46132acd
46132b33
46132b9a
46132c00
46132c66
46132ccd
46132d33
46132d9a
46132e00
46132e66
46132ecd
46132f33
46132f9a
46133000
46133066
461330cd
46133133
4613319a
46133200
46133266
461332cd
46133333
4613339a
46133400
46133466
461334cd
46133533
4613359a
46133600
46133666
461336cd
46133733
4613379a
46133800
46133866
461338cd
46133933
4613399a
46133a00
46133a66
46133acd
46133b33
46133b9a
46133c00
46133c66
46133ccd
46133d33
46133d9a
46133e00
46133e66
46133ecd
46133f33
46133f9a
46134000
46134066
461340cd
46134133
4613419a
46134200
46134266
461342cd
46134333
4613439a
46134400
46134466
461344cd
46134533
4613459a
46134600
46134666
461346cd
46134733
4613479a
46134800
46134866
461348cd
46134933
4613499a
46134a00
46134a66
46134acd
46134b33
46134b9a
46134c00
46134c66
46134ccd
46134d33
46134d9a
46134e00
46134e66
46134ecd
46134f33
46134f9a
46135000
46135066
461350cd
46135133
4613519a
46135200
46135266
461352cd
46135333
4613539a
46135400
46135466
461354cd
46135533
4613559a
46135600
46135666
461356cd
46135733
4613579a
46135800
46135866
461358cd
46135933
4613599a
46135a00
46135a66
46135acd
46135b33
46135b9a
46135c00
46135c66
46135ccd
46135d33
46135d9a
46135e00
46135e66
46135ecd
46135f33
46135f9a
46136000
46136066
461360cd
46136133
4613619a
46136200
46136266
461362cd
46136333
4613639a
46136400
46136466
461364cd
46136533
4613659a
46136600
46136666
461366cd
46136733
4613679a
46136800
46136866
461368cd
46136933
4613699a
46136a00
46136a66
46136acd
46136b33
46136b9a
46136c00
46136c66
46136ccd
46136d33
46136d9a
46136e00
46136e66
46136ecd
46136f33
46136f9a
46137000
46137066
461370cd
46137133
4613719a
46137200
46137266
461372cd
46137333
4613739a
46137400
46137466
461374cd
46137533
4613759a
46137600
46137666
461376cd
46137733
4613779a
46137800
46137866
461378cd
46137933
4613799a
46137a00
46137a66
46137acd
46137b33
46137b9a
46137c00
46137c66
46137ccd
46137d33
46137d9a
46137e00
46137e66
46137ecd
46137f33
46137f9a
46138000
46138066
461380cd
46138133
4613819a
46138200
46138266
461382cd
46138333
4613839a
46138400
46138466
461384cd
46138533
4613859a
46138600
46138666
461386cd
46138733
4613879a
46138800
46138866
461388cd
46138933
4613899a
46138a00
46138a66
46138acd
46138b33
46138b9a
46138c00
46138c66
46138ccd
46138d33
46138d9a
46138e00
46138e66
46138ecd
46138f33
46138f9a
46139000
46139066
461390cd
46139133
4613919a
46139200
46139266
461392cd
46139333
4613939a
46139400
46139466
461394cd
46139533
4613959a
46139600
46139666
461396cd
46139733
4613979a
46139800
46139866
461398cd
46139933
4613999a
46139a00
46139a66
46139acd
46139b33
46139b9a
46139c00
46139c66
46139ccd
46139d33
46139d9a
46139e00
46139e66
46139ecd
46139f33
46139f9a
4613a000
4613a066
4613a0cd
4613a133
4613a19a
4613a200
4613a266
4613a2cd
4613a333
4613a39a
4613a400
4613a466
4613a4cd
4613a533
4613a59a
4613a600
4613a666
4613a6cd
4613a733
4613a79a
4613a800
4613a866
4613a8cd
4613a933
4613a99a
4613aa00
4613aa66
4613aacd
4613ab33
4613ab9a
4613ac00
4613ac66
4613accd
4613ad33
4613ad9a
4613ae00
4613ae66
4613aecd
4613af33
4613af9a
4613b000
4613b066
4613b0cd
4613b133
4613b19a
4613b200
4613b266
4613b2cd
4613b333
4613b39a
4613b400
4613b466
4613b4cd
4613b533
4613b59a
4613b600
4613b666
4613b6cd
4613b733
4613b79a
4613b800
4613b866
4613b8cd
4613b933
4613b99a
4613ba00
4613ba66
4613bacd
4613bb33
4613bb9a
4613bc00
4613bc66
4613bccd
4613bd33
4613bd9a
4613be00
4613be66
4613becd
4613bf33
4613bf9a
4613c000
4613c066
4613c0cd
4613c133
4613c19a
4613c200
4613c266
4613c2cd
4613c333
4613c39a
4613c400
4613c466
4613c4cd
4613c533
4613c59a
4613c600
4613c666
4613c6cd
4613c733
4613c79a
4613c800
4613c866
4613c8cd
4613c933
4613c99a
4613ca00
4613ca66
4613cacd
4613cb33
4613cb9a
4613cc00
4613cc66
4613cccd
4613cd33
4613cd9a
4613ce00
4613ce66
4613cecd
4613cf33
4613cf9a
4613d000
4613d066
4613d0cd
4613d133
4613d19a
4613d200
4613d266
4613d2cd
4613d333
4613d39a
4613d400
4613d466
4613d4cd
4613d533
4613d59a
4613d600
4613d666
4613d6cd
4613d733
4613d79a
4613d800
4613d866
4613d8cd
4613d933
4613d99a
4613da00
4613da66
4613dacd
4613db33
4613db9a
4613dc00
4613dc66
4613dccd
4613dd33
4613dd9a
4613de00
4613de66
4613decd
4613df33
4613df9a
4613e000
4613e066
4613e0cd
4613e133
4613e19a
4613e200
4613e266
4613e2cd
4613e333
4613e39a
4613e400
4613e466
4613e4cd
4613e533
4613e59a
4613e600
4613e666
4613e6cd
4613e733
4613e79a
4613e800
4613e866
4613e8cd
4613e933
4613e99a
4613ea00
4613ea66
4613eacd
4613eb33
4613eb9a
4613ec00
4613ec66
4613eccd
4613ed33
4613ed9a
4613ee00
4613ee66
4613eecd
4613ef33
4613ef9a
4613f000
4613f066
4613f0cd
4613f133
4613f19a
4613f200
4613f266
4613f2cd
4613f333
4613f39a
4613f400
4613f466
4613f4cd
4613f533
4613f59a
4613f600
4613f666
4613f6cd
4613f733
4613f79a
4613f800
4613f866
4613f8cd
4613f933
4613f99a
4613fa00
4613fa66
4613facd
4613fb33
4613fb9a
4613fc00
4613fc66
4613fccd
4613fd33
4613fd9a
4613fe00
4613fe66
4613fecd
4613ff33
4613ff9a
46140000
46140066
461400cd
46140133
4614019a
46140200
46140266
461402cd
46140333
4614039a
46140400
46140466
461404cd
46140533
4614059a
46140600
46140666
461406cd
46140733
4614079a
46140800
46140866
461408cd
46140933
4614099a
46140a00
46140a66
46140acd
46140b33
46140b9a
46140c00
46140c66
46140ccd
46140d33
46140d9a
46140e00
46140e66
46140ecd
46140f33
46140f9a
46141000
46141066
461410cd
46141133
4614119a
46141200
46141266
461412cd
46141333
4614139a
46141400
46141466
461414cd
46141533
4614159a
46141600
46141666
461416cd
46141733
4614179a
46141800
46141866
461418cd
46141933
4614199a
46141a00
46141a66
46141acd
46141b33
46141b9a
46141c00
46141c66
46141ccd
46141d33
46141d9a
46141e00
46141e66
46141ecd
46141f33
46141f9a
46142000
46142066
461420cd
46142133
4614219a
46142200
46142266
461422cd
46142333
4614239a
46142400
46142466
461424cd
46142533
4614259a
46142600
46142666
461426cd
46142733
4614279a
46142800
46142866
461428cd
46142933
4614299a
46142a00
46142a66
46142acd
46142b33
46142b9a
46142c00
46142c66
46142ccd
46142d33
46142d9a
46142e00
46142e66
46142ecd
46142f33
46142f9a
46143000
46143066
461430cd
46143133
4614319a
46143200
46143266
461432cd
46143333
4614339a
46143400
46143466
461434cd
46143533
4614359a
46143600
46143666
461436cd
46143733
4614379a
46143800
46143866
461438cd
46143933
4614399a
46143a00
46143a66
46143acd
46143b33
46143b9a
46143c00
46143c66
46143ccd
46143d33
46143d9a
46143e00
46143e66
46143ecd
46143f33
46143f9a
46144000
46144066
461440cd
46144133
4614419a
46144200
46144266
461442cd
46144333
4614439a
46144400
46144466
461444cd
46144533
4614459a
46144600
46144666
461446cd
46144733
4614479a
46144800
46144866
461448cd
46144933
4614499a
46144a00
46144a66
46144acd
46144b33
46144b9a
46144c00
46144c66
46144ccd
46144d33
46144d9a
46144e00
46144e66
46144ecd
46144f33
46144f9a
46145000
46145066
461450cd
46145133
4614519a
46145200
46145266
461452cd
46145333
4614539a
46145400
46145466
461454cd
46145533
4614559a
46145600
46145666
461456cd
46145733
4614579a
46145800
46145866
461458cd
46145933
4614599a
46145a00
46145a66
46145acd
46145b33
46145b9a
46145c00
46145c66
46145ccd
46145d33
46145d9a
46145e00
46145e66
46145ecd
46145f33
46145f9a
46146000
46146066
461460cd
46146133
4614619a
46146200
46146266
461462cd
46146333
4614639a
46146400
46146466
461464cd
46146533
4614659a
46146600
46146666
461466cd
46146733
4614679a
46146800
46146866
461468cd
46146933
4614699a
46146a00
46146a66
46146acd
46146b33
46146b9a
46146c00
46146c66
46146ccd
46146d33
46146d9a
46146e00
46146e66
46146ecd
46146f33
46146f9a
46147000
46147066
461470cd
46147133
4614719a
46147200
46147266
461472cd
46147333
4614739a
46147400
46147466
461474cd
46147533
4614759a
46147600
46147666
461476cd
46147733
4614779a
46147800
46147866
461478cd
46147933
4614799a
46147a00
46147a66
46147acd
46147b33
46147b9a
46147c00
46147c66
46147ccd
46147d33
46147d9a
46147e00
46147e66
46147ecd
46147f33
46147f9a
46148000
46148066
461480cd
46148133
4614819a
46148200
46148266
461482cd
46148333
4614839a
46148400
46148466
461484cd
46148533
4614859a
46148600
46148666
461486cd
46148733
4614879a
46148800
46148866
461488cd
46148933
4614899a
46148a00
46148a66
46148acd
46148b33
46148b9a
46148c00
46148c66
46148ccd
46148d33
46148d9a
46148e00
46148e66
46148ecd
46148f33
46148f9a
46149000
46149066
461490cd
46149133
4614919a
46149200
46149266
461492cd
46149333
4614939a
46149400
46149466
461494cd
46149533
4614959a
46149600
46149666
461496cd
46149733
4614979a
46149800
46149866
461498cd
46149933
4614999a
46149a00
46149a66
46149acd
46149b33
46149b9a
46149c00
46149c66
46149ccd
46149d33
46149d9a
46149e00
46149e66
46149ecd
46149f33
46149f9a
4614a000
4614a066
4614a0cd
4614a133
4614a19a
4614a200
4614a266
4614a2cd
4614a333
4614a39a
4614a400
4614a466
4614a4cd
4614a533
4614a59a
4614a600
4614a666
4614a6cd
4614a733
4614a79a
4614a800
4614a866
4614a8cd
4614a933
4614a99a
4614aa00
4614aa66
4614aacd
4614ab33
4614ab9a
4614ac00
4614ac66
4614accd
4614ad33
4614ad9a
4614ae00
4614ae66
4614aecd
4614af33
4614af9a
4614b000
4614b066
4614b0cd
4614b133
4614b19a
4614b200
4614b266
4614b2cd
4614b333
4614b39a
4614b400
4614b466
4614b4cd
4614b533
4614b59a
4614b600
4614b666
4614b6cd
4614b733
4614b79a
4614b800
4614b866
4614b8cd
4614b933
4614b99a
4614ba00
4614ba66
4614bacd
4614bb33
4614bb9a
4614bc00
4614bc66
4614bccd
4614bd33
4614bd9a
4614be00
4614be66
4614becd
4614bf33
4614bf9a
4614c000
4614c066
4614c0cd
4614c133
4614c19a
4614c200
4614c266
4614c2cd
4614c333
4614c39a
4614c400
4614c466
4614c4cd
4614c533
4614c59a
4614c600
4614c666
4614c6cd
4614c733
4614c79a
4614c800
4614c866
4614c8cd
4614c933
4614c99a
4614ca00
4614ca66
4614cacd
4614cb33
4614cb9a
4614cc00
4614cc66
4614cccd
4614cd33
4614cd9a
4614ce00
4614ce66
4614cecd
4614cf33
4614cf9a
4614d000
4614d066
4614d0cd
4614d133
4614d19a
4614d200
4614d266
4614d2cd
4614d333
4614d39a
4614d400
4614d466
4614d4cd
4614d533
4614d59a
4614d600
4614d666
4614d6cd
4614d733
4614d79a
4614d800
4614d866
4614d8cd
4614d933
4614d99a
4614da00
4614da66
4614dacd
4614db33
4614db9a
4614dc00
4614dc66
4614dccd
4614dd33
4614dd9a
4614de00
4614de66
4614decd
4614df33
4614df9a
4614e000
4614e066
4614e0cd
4614e133
4614e19a
4614e200
4614e266
4614e2cd
4614e333
4614e39a
4614e400
4614e466
4614e4cd
4614e533
4614e59a
4614e600
4614e666
4614e6cd
4614e733
4614e79a
4614e800
4614e866
4614e8cd
4614e933
4614e99a
4614ea00
4614ea66
4614eacd
4614eb33
4614eb9a
4614ec00
4614ec66
4614eccd
4614ed33
4614ed9a
4614ee00
4614ee66
4614eecd
4614ef33
4614ef9a
4614f000
4614f066
4614f0cd
4614f133
4614f19a
4614f200
4614f266
4614f2cd
4614f333
4614f39a
4614f400
4614f466
4614f4cd
4614f533
4614f59a
4614f600
4614f666
4614f6cd
4614f733
4614f79a
4614f800
4614f866
4614f8cd
4614f933
4614f99a
4614fa00
4614fa66
4614facd
4614fb33
4614fb9a
4614fc00
4614fc66
4614fccd
4614fd33
4614fd9a
4614fe00
4614fe66
4614fecd
4614ff33
4614ff9a
46150000
46150066
461500cd
46150133
4615019a
46150200
46150266
461502cd
46150333
4615039a
46150400
46150466
461504cd
46150533
4615059a
46150600
46150666
461506cd
46150733
4615079a
46150800
46150866
461508cd
46150933
4615099a
46150a00
46150a66
46150acd
46150b33
46150b9a
46150c00
46150c66
46150ccd
46150d33
46150d9a
46150e00
46150e66
46150ecd
46150f33
46150f9a
46151000
46151066
461510cd
46151133
4615119a
46151200
46151266
461512cd
46151333
4615139a
46151400
46151466
461514cd
46151533
4615159a
46151600
46151666
461516cd
46151733
4615179a
46151800
46151866
461518cd
46151933
4615199a
46151a00
46151a66
46151acd
46151b33
46151b9a
46151c00
46151c66
46151ccd
46151d33
46151d9a
46151e00
46151e66
46151ecd
46151f33
46151f9a
46152000
46152066
461520cd
46152133
4615219a
46152200
46152266
461522cd
46152333
4615239a
46152400
46152466
461524cd
46152533
4615259a
46152600
46152666
461526cd
46152733
4615279a
46152800
46152866
461528cd
46152933
4615299a
46152a00
46152a66
46152acd
46152b33
46152b9a
46152c00
46152c66
46152ccd
46152d33
46152d9a
46152e00
46152e66
46152ecd
46152f33
46152f9a
46153000
46153066
461530cd
46153133
4615319a
46153200
46153266
461532cd
46153333
4615339a
46153400
46153466
461534cd
46153533
4615359a
46153600
46153666
461536cd
46153733
4615379a
46153800
46153866
461538cd
46153933
4615399a
46153a00
46153a66
46153acd
46153b33
46153b9a
46153c00
46153c66
46153ccd
46153d33
46153d9a
46153e00
46153e66
46153ecd
46153f33
46153f9a
46154000
46154066
461540cd
46154133
4615419a
46154200
46154266
461542cd
46154333
4615439a
46154400
46154466
461544cd
46154533
4615459a
46154600
46154666
461546cd
46154733
4615479a
46154800
46154866
461548cd
46154933
4615499a
46154a00
46154a66
46154acd
46154b33
46154b9a
46154c00
46154c66
46154ccd
46154d33
46154d9a
46154e00
46154e66
46154ecd
46154f33
46154f9a
46155000
46155066
461550cd
46155133
4615519a
46155200
46155266
461552cd
46155333
4615539a
46155400
46155466
461554cd
46155533
4615559a
46155600
46155666
461556cd
46155733
4615579a
46155800
46155866
461558cd
46155933
4615599a
46155a00
46155a66
46155acd
46155b33
46155b9a
46155c00
46155c66
46155ccd
46155d33
46155d9a
46155e00
46155e66
46155ecd
46155f33
46155f9a
46156000
46156066
461560cd
46156133
4615619a
46156200
46156266
461562cd
46156333
4615639a
46156400
46156466
461564cd
46156533
4615659a
46156600
46156666
461566cd
46156733
4615679a
46156800
46156866
461568cd
46156933
4615699a
46156a00
46156a66
46156acd
46156b33
46156b9a
46156c00
46156c66
46156ccd
46156d33
46156d9a
46156e00
46156e66
46156ecd
46156f33
46156f9a
46157000
46157066
461570cd
46157133
4615719a
46157200
46157266
461572cd
46157333
4615739a
46157400
46157466
461574cd
46157533
4615759a
46157600
46157666
461576cd
46157733
4615779a
46157800
46157866
461578cd
46157933
4615799a
46157a00
46157a66
46157acd
46157b33
46157b9a
46157c00
46157c66
46157ccd
46157d33
46157d9a
46157e00
46157e66
46157ecd
46157f33
46157f9a
46158000
46158066
461580cd
46158133
4615819a
46158200
46158266
461582cd
46158333
4615839a
46158400
46158466
461584cd
46158533
4615859a
46158600
46158666
461586cd
46158733
4615879a
46158800
46158866
461588cd
46158933
4615899a
46158a00
46158a66
46158acd
46158b33
46158b9a
46158c00
46158c66
46158ccd
46158d33
46158d9a
46158e00
46158e66
46158ecd
46158f33
46158f9a
46159000
46159066
461590cd
46159133
4615919a
46159200
46159266
461592cd
46159333
4615939a
46159400
46159466
461594cd
46159533
4615959a
46159600
46159666
461596cd
46159733
4615979a
46159800
46159866
461598cd
46159933
4615999a
46159a00
46159a66
46159acd
46159b33
46159b9a
46159c00
46159c66
46159ccd
46159d33
46159d9a
46159e00
46159e66
46159ecd
46159f33
46159f9a
4615a000
4615a066
4615a0cd
4615a133
4615a19a
4615a200
4615a266
4615a2cd
4615a333
4615a39a
4615a400
4615a466
4615a4cd
4615a533
4615a59a
4615a600
4615a666
4615a6cd
4615a733
4615a79a
4615a800
4615a866
4615a8cd
4615a933
4615a99a
4615aa00
4615aa66
4615aacd
4615ab33
4615ab9a
4615ac00
4615ac66
4615accd
4615ad33
4615ad9a
4615ae00
4615ae66
4615aecd
4615af33
4615af9a
4615b000
4615b066
4615b0cd
4615b133
4615b19a
4615b200
4615b266
4615b2cd
4615b333
4615b39a
4615b400
4615b466
4615b4cd
4615b533
4615b59a
4615b600
4615b666
4615b6cd
4615b733
4615b79a
4615b800
4615b866
4615b8cd
4615b933
4615b99a
4615ba00
4615ba66
4615bacd
4615bb33
4615bb9a
4615bc00
4615bc66
4615bccd
4615bd33
4615bd9a
4615be00
4615be66
4615becd
4615bf33
4615bf9a
4615c000
4615c066
4615c0cd
4615c133
4615c19a
4615c200
4615c266
4615c2cd
4615c333
4615c39a
4615c400
4615c466
4615c4cd
4615c533
4615c59a
4615c600
4615c666
4615c6cd
4615c733
4615c79a
4615c800
4615c866
4615c8cd
4615c933
4615c99a
4615ca00
4615ca66
4615cacd
4615cb33
4615cb9a
4615cc00
4615cc66
4615cccd
4615cd33
4615cd9a
4615ce00
4615ce66
4615cecd
4615cf33
4615cf9a
4615d000
4615d066
4615d0cd
4615d133
4615d19a
4615d200
4615d266
4615d2cd
4615d333
4615d39a
4615d400
4615d466
4615d4cd
4615d533
4615d59a
4615d600
4615d666
4615d6cd
4615d733
4615d79a
4615d800
4615d866
4615d8cd
4615d933
4615d99a
4615da00
4615da66
4615dacd
4615db33
4615db9a
4615dc00
4615dc66
4615dccd
4615dd33
4615dd9a
4615de00
4615de66
4615decd
4615df33
4615df9a
4615e000
4615e066
4615e0cd
4615e133
4615e19a
4615e200
4615e266
4615e2cd
4615e333
4615e39a
4615e400
4615e466
4615e4cd
4615e533
4615e59a
4615e600
4615e666
4615e6cd
4615e733
4615e79a
4615e800
4615e866
4615e8cd
4615e933
4615e99a
4615ea00
4615ea66
4615eacd
4615eb33
4615eb9a
4615ec00
4615ec66
4615eccd
4615ed33
4615ed9a
4615ee00
4615ee66
4615eecd
4615ef33
4615ef9a
4615f000
4615f066
4615f0cd
4615f133
4615f19a
4615f200
4615f266
4615f2cd
4615f333
4615f39a
4615f400
4615f466
4615f4cd
4615f533
4615f59a
4615f600
4615f666
4615f6cd
4615f733
4615f79a
4615f800
4615f866
4615f8cd
4615f933
4615f99a
4615fa00
4615fa66
4615facd
4615fb33
4615fb9a
4615fc00
4615fc66
4615fccd
4615fd33
4615fd9a
4615fe00
4615fe66
4615fecd
4615ff33
4615ff9a
46160000
46160066
461600cd
46160133
4616019a
46160200
46160266
461602cd
46160333
4616039a
46160400
46160466
461604cd
46160533
4616059a
46160600
46160666
461606cd
46160733
4616079a
46160800
46160866
461608cd
46160933
4616099a
46160a00
46160a66
46160acd
46160b33
46160b9a
46160c00
46160c66
46160ccd
46160d33
46160d9a
46160e00
46160e66
46160ecd
46160f33
46160f9a
46161000
46161066
461610cd
46161133
4616119a
46161200
46161266
461612cd
46161333
4616139a
46161400
46161466
461614cd
46161533
4616159a
46161600
46161666
461616cd
46161733
4616179a
46161800
46161866
461618cd
46161933
4616199a
46161a00
46161a66
46161acd
46161b33
46161b9a
46161c00
46161c66
46161ccd
46161d33
46161d9a
46161e00
46161e66
46161ecd
46161f33
46161f9a
46162000
46162066
461620cd
46162133
4616219a
46162200
46162266
461622cd
46162333
4616239a
46162400
46162466
461624cd
46162533
4616259a
46162600
46162666
461626cd
46162733
4616279a
46162800
46162866
461628cd
46162933
4616299a
46162a00
46162a66
46162acd
46162b33
46162b9a
46162c00
46162c66
46162ccd
46162d33
46162d9a
46162e00
46162e66
46162ecd
46162f33
46162f9a
46163000
46163066
461630cd
46163133
4616319a
46163200
46163266
461632cd
46163333
4616339a
46163400
46163466
461634cd
46163533
4616359a
46163600
46163666
461636cd
46163733
4616379a
46163800
46163866
461638cd
46163933
4616399a
46163a00
46163a66
46163acd
46163b33
46163b9a
46163c00
46163c66
46163ccd
46163d33
46163d9a
46163e00
46163e66
46163ecd
46163f33
46163f9a
46164000
46164066
461640cd
46164133
4616419a
46164200
46164266
461642cd
46164333
4616439a
46164400
46164466
461644cd
46164533
4616459a
46164600
46164666
461646cd
46164733
4616479a
46164800
46164866
461648cd
46164933
4616499a
46164a00
46164a66
46164acd
46164b33
46164b9a
46164c00
46164c66
46164ccd
46164d33
46164d9a
46164e00
46164e66
46164ecd
46164f33
46164f9a
46165000
46165066
461650cd
46165133
4616519a
46165200
46165266
461652cd
46165333
4616539a
46165400
46165466
461654cd
46165533
4616559a
46165600
46165666
461656cd
46165733
4616579a
46165800
46165866
461658cd
46165933
4616599a
46165a00
46165a66
46165acd
46165b33
46165b9a
46165c00
46165c66
46165ccd
46165d33
46165d9a
46165e00
46165e66
46165ecd
46165f33
46165f9a
46166000
46166066
461660cd
46166133
4616619a
46166200
46166266
461662cd
46166333
4616639a
46166400
46166466
461664cd
46166533
4616659a
46166600
46166666
461666cd
46166733
4616679a
46166800
46166866
461668cd
46166933
4616699a
46166a00
46166a66
46166acd
46166b33
46166b9a
46166c00
46166c66
46166ccd
46166d33
46166d9a
46166e00
46166e66
46166ecd
46166f33
46166f9a
46167000
46167066
461670cd
46167133
4616719a
46167200
46167266
461672cd
46167333
4616739a
46167400
46167466
461674cd
46167533
4616759a
46167600
46167666
461676cd
46167733
4616779a
46167800
46167866
461678cd
46167933
4616799a
46167a00
46167a66
46167acd
46167b33
46167b9a
46167c00
46167c66
46167ccd
46167d33
46167d9a
46167e00
46167e66
46167ecd
46167f33
46167f9a
46168000
46168066
461680cd
46168133
4616819a
46168200
46168266
461682cd
46168333
4616839a
46168400
46168466
461684cd
46168533
4616859a
46168600
46168666
461686cd
46168733
4616879a
46168800
46168866
461688cd
46168933
4616899a
46168a00
46168a66
46168acd
46168b33
46168b9a
46168c00
46168c66
46168ccd
46168d33
46168d9a
46168e00
46168e66
46168ecd
46168f33
46168f9a
46169000
46169066
461690cd
46169133
4616919a
46169200
46169266
461692cd
46169333
4616939a
46169400
46169466
461694cd
46169533
4616959a
46169600
46169666
461696cd
46169733
4616979a
46169800
46169866
461698cd
46169933
4616999a
46169a00
46169a66
46169acd
46169b33
46169b9a
46169c00
46169c66
46169ccd
46169d33
46169d9a
46169e00
46169e66
46169ecd
46169f33
46169f9a
4616a000
4616a066
4616a0cd
4616a133
4616a19a
4616a200
4616a266
4616a2cd
4616a333
4616a39a
4616a400
4616a466
4616a4cd
4616a533
4616a59a
4616a600
4616a666
4616a6cd
4616a733
4616a79a
4616a800
4616a866
4616a8cd
4616a933
4616a99a
4616aa00
4616aa66
4616aacd
4616ab33
4616ab9a
4616ac00
4616ac66
4616accd
4616ad33
4616ad9a
4616ae00
4616ae66
4616aecd
4616af33
4616af9a
4616b000
4616b066
4616b0cd
4616b133
4616b19a
4616b200
4616b266
4616b2cd
4616b333
4616b39a
4616b400
4616b466
4616b4cd
4616b533
4616b59a
4616b600
4616b666
4616b6cd
4616b733
4616b79a
4616b800
4616b866
4616b8cd
4616b933
4616b99a
4616ba00
4616ba66
4616bacd
4616bb33
4616bb9a
4616bc00
4616bc66
4616bccd
4616bd33
4616bd9a
4616be00
4616be66
4616becd
4616bf33
4616bf9a
4616c000
4616c066
4616c0cd
4616c133
4616c19a
4616c200
4616c266
4616c2cd
4616c333
4616c39a
4616c400
4616c466
4616c4cd
4616c533
4616c59a
4616c600
4616c666
4616c6cd
4616c733
4616c79a
4616c800
4616c866
4616c8cd
4616c933
4616c99a
4616ca00
4616ca66
4616cacd
4616cb33
4616cb9a
4616cc00
4616cc66
4616cccd
4616cd33
4616cd9a
4616ce00
4616ce66
4616cecd
4616cf33
4616cf9a
4616d000
4616d066
4616d0cd
4616d133
4616d19a
4616d200
4616d266
4616d2cd
4616d333
4616d39a
4616d400
4616d466
4616d4cd
4616d533
4616d59a
4616d600
4616d666
4616d6cd
4616d733
4616d79a
4616d800
4616d866
4616d8cd
4616d933
4616d99a
4616da00
4616da66
4616dacd
4616db33
4616db9a
4616dc00
4616dc66
4616dccd
4616dd33
4616dd9a
4616de00
4616de66
4616decd
4616df33
4616df9a
4616e000
4616e066
4616e0cd
4616e133
4616e19a
4616e200
4616e266
4616e2cd
4616e333
4616e39a
4616e400
4616e466
4616e4cd
4616e533
4616e59a
4616e600
4616e666
4616e6cd
4616e733
4616e79a
4616e800
4616e866
4616e8cd
4616e933
4616e99a
4616ea00
4616ea66
4616eacd
4616eb33
4616eb9a
4616ec00
4616ec66
4616eccd
4616ed33
4616ed9a
4616ee00
4616ee66
4616eecd
4616ef33
4616ef9a
4616f000
4616f066
4616f0cd
4616f133
4616f19a
4616f200
4616f266
4616f2cd
4616f333
4616f39a
4616f400
4616f466
4616f4cd
4616f533
4616f59a
4616f600
4616f666
4616f6cd
4616f733
4616f79a
4616f800
4616f866
4616f8cd
4616f933
4616f99a
4616fa00
4616fa66
4616facd
4616fb33
4616fb9a
4616fc00
4616fc66
4616fccd
4616fd33
4616fd9a
4616fe00
4616fe66
4616fecd
4616ff33
4616ff9a
46170000
46170066
461700cd
46170133
4617019a
46170200
46170266
461702cd
46170333
4617039a
46170400
46170466
461704cd
46170533
4617059a
46170600
46170666
461706cd
46170733
4617079a
46170800
46170866
461708cd
46170933
4617099a
46170a00
46170a66
46170acd
46170b33
46170b9a
46170c00
46170c66
46170ccd
46170d33
46170d9a
46170e00
46170e66
46170ecd
46170f33
46170f9a
46171000
46171066
461710cd
46171133
4617119a
46171200
46171266
461712cd
46171333
4617139a
46171400
46171466
461714cd
46171533
4617159a
46171600
46171666
461716cd
46171733
4617179a
46171800
46171866
461718cd
46171933
4617199a
46171a00
46171a66
46171acd
46171b33
46171b9a
46171c00
46171c66
46171ccd
46171d33
46171d9a
46171e00
46171e66
46171ecd
46171f33
46171f9a
46172000
46172066
461720cd
46172133
4617219a
46172200
46172266
461722cd
46172333
4617239a
46172400
46172466
461724cd
46172533
4617259a
46172600
46172666
461726cd
46172733
4617279a
46172800
46172866
461728cd
46172933
4617299a
46172a00
46172a66
46172acd
46172b33
46172b9a
46172c00
46172c66
46172ccd
46172d33
46172d9a
46172e00
46172e66
46172ecd
46172f33
46172f9a
46173000
46173066
461730cd
46173133
4617319a
46173200
46173266
461732cd
46173333
4617339a
46173400
46173466
461734cd
46173533
4617359a
46173600
46173666
461736cd
46173733
4617379a
46173800
46173866
461738cd
46173933
4617399a
46173a00
46173a66
46173acd
46173b33
46173b9a
46173c00
46173c66
46173ccd
46173d33
46173d9a
46173e00
46173e66
46173ecd
46173f33
46173f9a
46174000
46174066
461740cd
46174133
4617419a
46174200
46174266
461742cd
46174333
4617439a
46174400
46174466
461744cd
46174533
4617459a
46174600
46174666
461746cd
46174733
4617479a
46174800
46174866
461748cd
46174933
4617499a
46174a00
46174a66
46174acd
46174b33
46174b9a
46174c00
46174c66
46174ccd
46174d33
46174d9a
46174e00
46174e66
46174ecd
46174f33
46174f9a
46175000
46175066
461750cd
46175133
4617519a
46175200
46175266
461752cd
46175333
4617539a
46175400
46175466
461754cd
46175533
4617559a
46175600
46175666
461756cd
46175733
4617579a
46175800
46175866
461758cd
46175933
4617599a
46175a00
46175a66
46175acd
46175b33
46175b9a
46175c00
46175c66
46175ccd
46175d33
46175d9a
46175e00
46175e66
46175ecd
46175f33
46175f9a
46176000
46176066
461760cd
46176133
4617619a
46176200
46176266
461762cd
46176333
4617639a
46176400
46176466
461764cd
46176533
4617659a
46176600
46176666
461766cd
46176733
4617679a
46176800
46176866
461768cd
46176933
4617699a
46176a00
46176a66
46176acd
46176b33
46176b9a
46176c00
46176c66
46176ccd
46176d33
46176d9a
46176e00
46176e66
46176ecd
46176f33
46176f9a
46177000
46177066
461770cd
46177133
4617719a
46177200
46177266
461772cd
46177333
4617739a
46177400
46177466
461774cd
46177533
4617759a
46177600
46177666
461776cd
46177733
4617779a
46177800
46177866
461778cd
46177933
4617799a
46177a00
46177a66
46177acd
46177b33
46177b9a
46177c00
46177c66
46177ccd
46177d33
46177d9a
46177e00
46177e66
46177ecd
46177f33
46177f9a
46178000
46178066
461780cd
46178133
4617819a
46178200
46178266
461782cd
46178333
4617839a
46178400
46178466
461784cd
46178533
4617859a
46178600
46178666
461786cd
46178733
4617879a
46178800
46178866
461788cd
46178933
4617899a
46178a00
46178a66
46178acd
46178b33
46178b9a
46178c00
46178c66
46178ccd
46178d33
46178d9a
46178e00
46178e66
46178ecd
46178f33
46178f9a
46179000
46179066
461790cd
46179133
4617919a
46179200
46179266
461792cd
46179333
4617939a
46179400
46179466
461794cd
46179533
4617959a
46179600
46179666
461796cd
46179733
4617979a
46179800
46179866
461798cd
46179933
4617999a
46179a00
46179a66
46179acd
46179b33
46179b9a
46179c00
46179c66
46179ccd
46179d33
46179d9a
46179e00
46179e66
46179ecd
46179f33
46179f9a
4617a000
4617a066
4617a0cd
4617a133
4617a19a
4617a200
4617a266
4617a2cd
4617a333
4617a39a
4617a400
4617a466
4617a4cd
4617a533
4617a59a
4617a600
4617a666
4617a6cd
4617a733
4617a79a
4617a800
4617a866
4617a8cd
4617a933
4617a99a
4617aa00
4617aa66
4617aacd
4617ab33
4617ab9a
4617ac00
4617ac66
4617accd
4617ad33
4617ad9a
4617ae00
4617ae66
4617aecd
4617af33
4617af9a
4617b000
4617b066
4617b0cd
4617b133
4617b19a
4617b200
4617b266
4617b2cd
4617b333
4617b39a
4617b400
4617b466
4617b4cd
4617b533
4617b59a
4617b600
4617b666
4617b6cd
4617b733
4617b79a
4617b800
4617b866
4617b8cd
4617b933
4617b99a
4617ba00
4617ba66
4617bacd
4617bb33
4617bb9a
4617bc00
4617bc66
4617bccd
4617bd33
4617bd9a
4617be00
4617be66
4617becd
4617bf33
4617bf9a
4617c000
4617c066
4617c0cd
4617c133
4617c19a
4617c200
4617c266
4617c2cd
4617c333
4617c39a
4617c400
4617c466
4617c4cd
4617c533
4617c59a
4617c600
4617c666
4617c6cd
4617c733
4617c79a
4617c800
4617c866
4617c8cd
4617c933
4617c99a
4617ca00
4617ca66
4617cacd
4617cb33
4617cb9a
4617cc00
4617cc66
4617cccd
4617cd33
4617cd9a
4617ce00
4617ce66
4617cecd
4617cf33
4617cf9a
4617d000
4617d066
4617d0cd
4617d133
4617d19a
4617d200
4617d266
4617d2cd
4617d333
4617d39a
4617d400
4617d466
4617d4cd
4617d533
4617d59a
4617d600
4617d666
4617d6cd
4617d733
4617d79a
4617d800
4617d866
4617d8cd
4617d933
4617d99a
4617da00
4617da66
4617dacd
4617db33
4617db9a
4617dc00
4617dc66
4617dccd
4617dd33
4617dd9a
4617de00
4617de66
4617decd
4617df33
4617df9a
4617e000
4617e066
4617e0cd
4617e133
4617e19a
4617e200
4617e266
4617e2cd
4617e333
4617e39a
4617e400
4617e466
4617e4cd
4617e533
4617e59a
4617e600
4617e666
4617e6cd
4617e733
4617e79a
4617e800
4617e866
4617e8cd
4617e933
4617e99a
4617ea00
4617ea66
4617eacd
4617eb33
4617eb9a
4617ec00
4617ec66
4617eccd
4617ed33
4617ed9a
4617ee00
4617ee66
4617eecd
4617ef33
4617ef9a
4617f000
4617f066
4617f0cd
4617f133
4617f19a
4617f200
4617f266
4617f2cd
4617f333
4617f39a
4617f400
4617f466
4617f4cd
4617f533
4617f59a
4617f600
4617f666
4617f6cd
4617f733
4617f79a
4617f800
4617f866
4617f8cd
4617f933
4617f99a
4617fa00
4617fa66
4617facd
4617fb33
4617fb9a
4617fc00
4617fc66
4617fccd
4617fd33
4617fd9a
4617fe00
4617fe66
4617fecd
4617ff33
4617ff9a
46180000
46180066
461800cd
46180133
4618019a
46180200
46180266
461802cd
46180333
4618039a
46180400
46180466
461804cd
46180533
4618059a
46180600
46180666
461806cd
46180733
4618079a
46180800
46180866
461808cd
46180933
4618099a
46180a00
46180a66
46180acd
46180b33
46180b9a
46180c00
46180c66
46180ccd
46180d33
46180d9a
46180e00
46180e66
46180ecd
46180f33
46180f9a
46181000
46181066
461810cd
46181133
4618119a
46181200
46181266
461812cd
46181333
4618139a
46181400
46181466
461814cd
46181533
4618159a
46181600
46181666
461816cd
46181733
4618179a
46181800
46181866
461818cd
46181933
4618199a
46181a00
46181a66
46181acd
46181b33
46181b9a
46181c00
46181c66
46181ccd
46181d33
46181d9a
46181e00
46181e66
46181ecd
46181f33
46181f9a
46182000
46182066
461820cd
46182133
4618219a
46182200
46182266
461822cd
46182333
4618239a
46182400
46182466
461824cd
46182533
4618259a
46182600
46182666
461826cd
46182733
4618279a
46182800
46182866
461828cd
46182933
4618299a
46182a00
46182a66
46182acd
46182b33
46182b9a
46182c00
46182c66
46182ccd
46182d33
46182d9a
46182e00
46182e66
46182ecd
46182f33
46182f9a
46183000
46183066
461830cd
46183133
4618319a
46183200
46183266
461832cd
46183333
4618339a
46183400
46183466
461834cd
46183533
4618359a
46183600
46183666
461836cd
46183733
4618379a
46183800
46183866
461838cd
46183933
4618399a
46183a00
46183a66
46183acd
46183b33
46183b9a
46183c00
46183c66
46183ccd
46183d33
46183d9a
46183e00
46183e66
46183ecd
46183f33
46183f9a
46184000
46184066
461840cd
46184133
4618419a
46184200
46184266
461842cd
46184333
4618439a
46184400
46184466
461844cd
46184533
4618459a
46184600
46184666
461846cd
46184733
4618479a
46184800
46184866
461848cd
46184933
4618499a
46184a00
46184a66
46184acd
46184b33
46184b9a
46184c00
46184c66
46184ccd
46184d33
46184d9a
46184e00
46184e66
46184ecd
46184f33
46184f9a
46185000
46185066
461850cd
46185133
4618519a
46185200
46185266
461852cd
46185333
4618539a
46185400
46185466
461854cd
46185533
4618559a
46185600
46185666
461856cd
46185733
4618579a
46185800
46185866
461858cd
46185933
4618599a
46185a00
46185a66
46185acd
46185b33
46185b9a
46185c00
46185c66
46185ccd
46185d33
46185d9a
46185e00
46185e66
46185ecd
46185f33
46185f9a
46186000
46186066
461860cd
46186133
4618619a
46186200
46186266
461862cd
46186333
4618639a
46186400
46186466
461864cd
46186533
4618659a
46186600
46186666
461866cd
46186733
4618679a
46186800
46186866
461868cd
46186933
4618699a
46186a00
46186a66
46186acd
46186b33
46186b9a
46186c00
46186c66
46186ccd
46186d33
46186d9a
46186e00
46186e66
46186ecd
46186f33
46186f9a
46187000
46187066
461870cd
46187133
4618719a
46187200
46187266
461872cd
46187333
4618739a
46187400
46187466
461874cd
46187533
4618759a
46187600
46187666
461876cd
46187733
4618779a
46187800
46187866
461878cd
46187933
4618799a
46187a00
46187a66
46187acd
46187b33
46187b9a
46187c00
46187c66
46187ccd
46187d33
46187d9a
46187e00
46187e66
46187ecd
46187f33
46187f9a
46188000
46188066
461880cd
46188133
4618819a
46188200
46188266
461882cd
46188333
4618839a
46188400
46188466
461884cd
46188533
4618859a
46188600
46188666
461886cd
46188733
4618879a
46188800
46188866
461888cd
46188933
4618899a
46188a00
46188a66
46188acd
46188b33
46188b9a
46188c00
46188c66
46188ccd
46188d33
46188d9a
46188e00
46188e66
46188ecd
46188f33
46188f9a
46189000
46189066
461890cd
46189133
4618919a
46189200
46189266
461892cd
46189333
4618939a
46189400
46189466
461894cd
46189533
4618959a
46189600
46189666
461896cd
46189733
4618979a
46189800
46189866
461898cd
46189933
4618999a
46189a00
46189a66
46189acd
46189b33
46189b9a
46189c00
46189c66
46189ccd
46189d33
46189d9a
46189e00
46189e66
46189ecd
46189f33
46189f9a
4618a000
4618a066
4618a0cd
4618a133
4618a19a
4618a200
4618a266
4618a2cd
4618a333
4618a39a
4618a400
4618a466
4618a4cd
4618a533
4618a59a
4618a600
4618a666
4618a6cd
4618a733
4618a79a
4618a800
4618a866
4618a8cd
4618a933
4618a99a
4618aa00
4618aa66
4618aacd
4618ab33
4618ab9a
4618ac00
4618ac66
4618accd
4618ad33
4618ad9a
4618ae00
4618ae66
4618aecd
4618af33
4618af9a
4618b000
4618b066
4618b0cd
4618b133
4618b19a
4618b200
4618b266
4618b2cd
4618b333
4618b39a
4618b400
4618b466
4618b4cd
4618b533
4618b59a
4618b600
4618b666
4618b6cd
4618b733
4618b79a
4618b800
4618b866
4618b8cd
4618b933
4618b99a
4618ba00
4618ba66
4618bacd
4618bb33
4618bb9a
4618bc00
4618bc66
4618bccd
4618bd33
4618bd9a
4618be00
4618be66
4618becd
4618bf33
4618bf9a
4618c000
4618c066
4618c0cd
4618c133
4618c19a
4618c200
4618c266
4618c2cd
4618c333
4618c39a
4618c400
4618c466
4618c4cd
4618c533
4618c59a
4618c600
4618c666
4618c6cd
4618c733
4618c79a
4618c800
4618c866
4618c8cd
4618c933
4618c99a
4618ca00
4618ca66
4618cacd
4618cb33
4618cb9a
4618cc00
4618cc66
4618cccd
4618cd33
4618cd9a
4618ce00
4618ce66
4618cecd
4618cf33
4618cf9a
4618d000
4618d066
4618d0cd
4618d133
4618d19a
4618d200
4618d266
4618d2cd
4618d333
4618d39a
4618d400
4618d466
4618d4cd
4618d533
4618d59a
4618d600
4618d666
4618d6cd
4618d733
4618d79a
4618d800
4618d866
4618d8cd
4618d933
4618d99a
4618da00
4618da66
4618dacd
4618db33
4618db9a
4618dc00
4618dc66
4618dccd
4618dd33
4618dd9a
4618de00
4618de66
4618decd
4618df33
4618df9a
4618e000
4618e066
4618e0cd
4618e133
4618e19a
4618e200
4618e266
4618e2cd
4618e333
4618e39a
4618e400
4618e466
4618e4cd
4618e533
4618e59a
4618e600
4618e666
4618e6cd
4618e733
4618e79a
4618e800
4618e866
4618e8cd
4618e933
4618e99a
4618ea00
4618ea66
4618eacd
4618eb33
4618eb9a
4618ec00
4618ec66
4618eccd
4618ed33
4618ed9a
4618ee00
4618ee66
4618eecd
4618ef33
4618ef9a
4618f000
4618f066
4618f0cd
4618f133
4618f19a
4618f200
4618f266
4618f2cd
4618f333
4618f39a
4618f400
4618f466
4618f4cd
4618f533
4618f59a
4618f600
4618f666
4618f6cd
4618f733
4618f79a
4618f800
4618f866
4618f8cd
4618f933
4618f99a
4618fa00
4618fa66
4618facd
4618fb33
4618fb9a
4618fc00
4618fc66
4618fccd
4618fd33
4618fd9a
4618fe00
4618fe66
4618fecd
4618ff33
4618ff9a
46190000
46190066
461900cd
46190133
4619019a
46190200
46190266
461902cd
46190333
4619039a
46190400
46190466
461904cd
46190533
4619059a
46190600
46190666
461906cd
46190733
4619079a
46190800
46190866
461908cd
46190933
4619099a
46190a00
46190a66
46190acd
46190b33
46190b9a
46190c00
46190c66
46190ccd
46190d33
46190d9a
46190e00
46190e66
46190ecd
46190f33
46190f9a
46191000
46191066
461910cd
46191133
4619119a
46191200
46191266
461912cd
46191333
4619139a
46191400
46191466
461914cd
46191533
4619159a
46191600
46191666
461916cd
46191733
4619179a
46191800
46191866
461918cd
46191933
4619199a
46191a00
46191a66
46191acd
46191b33
46191b9a
46191c00
46191c66
46191ccd
46191d33
46191d9a
46191e00
46191e66
46191ecd
46191f33
46191f9a
46192000
46192066
461920cd
46192133
4619219a
46192200
46192266
461922cd
46192333
4619239a
46192400
46192466
461924cd
46192533
4619259a
46192600
46192666
461926cd
46192733
4619279a
46192800
46192866
461928cd
46192933
4619299a
46192a00
46192a66
46192acd
46192b33
46192b9a
46192c00
46192c66
46192ccd
46192d33
46192d9a
46192e00
46192e66
46192ecd
46192f33
46192f9a
46193000
46193066
461930cd
46193133
4619319a
46193200
46193266
461932cd
46193333
4619339a
46193400
46193466
461934cd
46193533
4619359a
46193600
46193666
461936cd
46193733
4619379a
46193800
46193866
461938cd
46193933
4619399a
46193a00
46193a66
46193acd
46193b33
46193b9a
46193c00
46193c66
46193ccd
46193d33
46193d9a
46193e00
46193e66
46193ecd
46193f33
46193f9a
46194000
46194066
461940cd
46194133
4619419a
46194200
46194266
461942cd
46194333
4619439a
46194400
46194466
461944cd
46194533
4619459a
46194600
46194666
461946cd
46194733
4619479a
46194800
46194866
461948cd
46194933
4619499a
46194a00
46194a66
46194acd
46194b33
46194b9a
46194c00
46194c66
46194ccd
46194d33
46194d9a
46194e00
46194e66
46194ecd
46194f33
46194f9a
46195000
46195066
461950cd
46195133
4619519a
46195200
46195266
461952cd
46195333
4619539a
46195400
46195466
461954cd
46195533
4619559a
46195600
46195666
461956cd
46195733
4619579a
46195800
46195866
461958cd
46195933
4619599a
46195a00
46195a66
46195acd
46195b33
46195b9a
46195c00
46195c66
46195ccd
46195d33
46195d9a
46195e00
46195e66
46195ecd
46195f33
46195f9a
46196000
46196066
461960cd
46196133
4619619a
46196200
46196266
461962cd
46196333
4619639a
46196400
46196466
461964cd
46196533
4619659a
46196600
46196666
461966cd
46196733
4619679a
46196800
46196866
461968cd
46196933
4619699a
46196a00
46196a66
46196acd
46196b33
46196b9a
46196c00
46196c66
46196ccd
46196d33
46196d9a
46196e00
46196e66
46196ecd
46196f33
46196f9a
46197000
46197066
461970cd
46197133
4619719a
46197200
46197266
461972cd
46197333
4619739a
46197400
46197466
461974cd
46197533
4619759a
46197600
46197666
461976cd
46197733
4619779a
46197800
46197866
461978cd
46197933
4619799a
46197a00
46197a66
46197acd
46197b33
46197b9a
46197c00
46197c66
46197ccd
46197d33
46197d9a
46197e00
46197e66
46197ecd
46197f33
46197f9a
46198000
46198066
461980cd
46198133
4619819a
46198200
46198266
461982cd
46198333
4619839a
46198400
46198466
461984cd
46198533
4619859a
46198600
46198666
461986cd
46198733
4619879a
46198800
46198866
461988cd
46198933
4619899a
46198a00
46198a66
46198acd
46198b33
46198b9a
46198c00
46198c66
46198ccd
46198d33
46198d9a
46198e00
46198e66
46198ecd
46198f33
46198f9a
46199000
46199066
461990cd
46199133
4619919a
46199200
46199266
461992cd
46199333
4619939a
46199400
46199466
461994cd
46199533
4619959a
46199600
46199666
461996cd
46199733
4619979a
46199800
46199866
461998cd
46199933
4619999a
46199a00
46199a66
46199acd
46199b33
46199b9a
46199c00
46199c66
46199ccd
46199d33
46199d9a
46199e00
46199e66
46199ecd
46199f33
46199f9a
4619a000
4619a066
4619a0cd
4619a133
4619a19a
4619a200
4619a266
4619a2cd
4619a333
4619a39a
4619a400
4619a466
4619a4cd
4619a533
4619a59a
4619a600
4619a666
4619a6cd
4619a733
4619a79a
4619a800
4619a866
4619a8cd
4619a933
4619a99a
4619aa00
4619aa66
4619aacd
4619ab33
4619ab9a
4619ac00
4619ac66
4619accd
4619ad33
4619ad9a
4619ae00
4619ae66
4619aecd
4619af33
4619af9a
4619b000
4619b066
4619b0cd
4619b133
4619b19a
4619b200
4619b266
4619b2cd
4619b333
4619b39a
4619b400
4619b466
4619b4cd
4619b533
4619b59a
4619b600
4619b666
4619b6cd
4619b733
4619b79a
4619b800
4619b866
4619b8cd
4619b933
4619b99a
4619ba00
4619ba66
4619bacd
4619bb33
4619bb9a
4619bc00
4619bc66
4619bccd
4619bd33
4619bd9a
4619be00
4619be66
4619becd
4619bf33
4619bf9a
4619c000
4619c066
4619c0cd
4619c133
4619c19a
4619c200
4619c266
4619c2cd
4619c333
4619c39a
4619c400
4619c466
4619c4cd
4619c533
4619c59a
4619c600
4619c666
4619c6cd
4619c733
4619c79a
4619c800
4619c866
4619c8cd
4619c933
4619c99a
4619ca00
4619ca66
4619cacd
4619cb33
4619cb9a
4619cc00
4619cc66
4619cccd
4619cd33
4619cd9a
4619ce00
4619ce66
4619cecd
4619cf33
4619cf9a
4619d000
4619d066
4619d0cd
4619d133
4619d19a
4619d200
4619d266
4619d2cd
4619d333
4619d39a
4619d400
4619d466
4619d4cd
4619d533
4619d59a
4619d600
4619d666
4619d6cd
4619d733
4619d79a
4619d800
4619d866
4619d8cd
4619d933
4619d99a
4619da00
4619da66
4619dacd
4619db33
4619db9a
4619dc00
4619dc66
4619dccd
4619dd33
4619dd9a
4619de00
4619de66
4619decd
4619df33
4619df9a
4619e000
4619e066
4619e0cd
4619e133
4619e19a
4619e200
4619e266
4619e2cd
4619e333
4619e39a
4619e400
4619e466
4619e4cd
4619e533
4619e59a
4619e600
4619e666
4619e6cd
4619e733
4619e79a
4619e800
4619e866
4619e8cd
4619e933
4619e99a
4619ea00
4619ea66
4619eacd
4619eb33
4619eb9a
4619ec00
4619ec66
4619eccd
4619ed33
4619ed9a
4619ee00
4619ee66
4619eecd
4619ef33
4619ef9a
4619f000
4619f066
4619f0cd
4619f133
4619f19a
4619f200
4619f266
4619f2cd
4619f333
4619f39a
4619f400
4619f466
4619f4cd
4619f533
4619f59a
4619f600
4619f666
4619f6cd
4619f733
4619f79a
4619f800
4619f866
4619f8cd
4619f933
4619f99a
4619fa00
4619fa66
4619facd
4619fb33
4619fb9a
4619fc00
4619fc66
4619fccd
4619fd33
4619fd9a
4619fe00
4619fe66
4619fecd
4619ff33
4619ff9a
461a0000
461a0066
461a00cd
461a0133
461a019a
461a0200
461a0266
461a02cd
461a0333
461a039a
461a0400
461a0466
461a04cd
461a0533
461a059a
461a0600
461a0666
461a06cd
461a0733
461a079a
461a0800
461a0866
461a08cd
461a0933
461a099a
461a0a00
461a0a66
461a0acd
461a0b33
461a0b9a
461a0c00
461a0c66
461a0ccd
461a0d33
461a0d9a
461a0e00
461a0e66
461a0ecd
461a0f33
461a0f9a
461a1000
461a1066
461a10cd
461a1133
461a119a
461a1200
461a1266
461a12cd
461a1333
461a139a
461a1400
461a1466
461a14cd
461a1533
461a159a
461a1600
461a1666
461a16cd
461a1733
461a179a
461a1800
461a1866
461a18cd
461a1933
461a199a
461a1a00
461a1a66
461a1acd
461a1b33
461a1b9a
461a1c00
461a1c66
461a1ccd
461a1d33
461a1d9a
461a1e00
461a1e66
461a1ecd
461a1f33
461a1f9a
461a2000
461a2066
461a20cd
461a2133
461a219a
461a2200
461a2266
461a22cd
461a2333
461a239a
461a2400
461a2466
461a24cd
461a2533
461a259a
461a2600
461a2666
461a26cd
461a2733
461a279a
461a2800
461a2866
461a28cd
461a2933
461a299a
461a2a00
461a2a66
461a2acd
461a2b33
461a2b9a
461a2c00
461a2c66
461a2ccd
461a2d33
461a2d9a
461a2e00
461a2e66
461a2ecd
461a2f33
461a2f9a
461a3000
461a3066
461a30cd
461a3133
461a319a
461a3200
461a3266
461a32cd
461a3333
461a339a
461a3400
461a3466
461a34cd
461a3533
461a359a
461a3600
461a3666
461a36cd
461a3733
461a379a
461a3800
461a3866
461a38cd
461a3933
461a399a
461a3a00
461a3a66
461a3acd
461a3b33
461a3b9a
461a3c00
461a3c66
461a3ccd
461a3d33
461a3d9a
461a3e00
461a3e66
461a3ecd
461a3f33
461a3f9a
461a4000
461a4066
461a40cd
461a4133
461a419a
461a4200
461a4266
461a42cd
461a4333
461a439a
461a4400
461a4466
461a44cd
461a4533
461a459a
461a4600
461a4666
461a46cd
461a4733
461a479a
461a4800
461a4866
461a48cd
461a4933
461a499a
461a4a00
461a4a66
461a4acd
461a4b33
461a4b9a
461a4c00
461a4c66
461a4ccd
461a4d33
461a4d9a
461a4e00
461a4e66
461a4ecd
461a4f33
461a4f9a
461a5000
461a5066
461a50cd
461a5133
461a519a
461a5200
461a5266
461a52cd
461a5333
461a539a
461a5400
461a5466
461a54cd
461a5533
461a559a
461a5600
461a5666
461a56cd
461a5733
461a579a
461a5800
461a5866
461a58cd
461a5933
461a599a
461a5a00
461a5a66
461a5acd
461a5b33
461a5b9a
461a5c00
461a5c66
461a5ccd
461a5d33
461a5d9a
461a5e00
461a5e66
461a5ecd
461a5f33
461a5f9a
461a6000
461a6066
461a60cd
461a6133
461a619a
461a6200
461a6266
461a62cd
461a6333
461a639a
461a6400
461a6466
461a64cd
461a6533
461a659a
461a6600
461a6666
461a66cd
461a6733
461a679a
461a6800
461a6866
461a68cd
461a6933
461a699a
461a6a00
461a6a66
461a6acd
461a6b33
461a6b9a
461a6c00
461a6c66
461a6ccd
461a6d33
461a6d9a
461a6e00
461a6e66
461a6ecd
461a6f33
461a6f9a
461a7000
461a7066
461a70cd
461a7133
461a719a
461a7200
461a7266
461a72cd
461a7333
461a739a
461a7400
461a7466
461a74cd
461a7533
461a759a
461a7600
461a7666
461a76cd
461a7733
461a779a
461a7800
461a7866
461a78cd
461a7933
461a799a
461a7a00
461a7a66
461a7acd
461a7b33
461a7b9a
461a7c00
461a7c66
461a7ccd
461a7d33
461a7d9a
461a7e00
461a7e66
461a7ecd
461a7f33
461a7f9a
461a8000
461a8066
461a80cd
461a8133
461a819a
461a8200
461a8266
461a82cd
461a8333
461a839a
461a8400
461a8466
461a84cd
461a8533
461a859a
461a8600
461a8666
461a86cd
461a8733
461a879a
461a8800
461a8866
461a88cd
461a8933
461a899a
461a8a00
461a8a66
461a8acd
461a8b33
461a8b9a
461a8c00
461a8c66
461a8ccd
461a8d33
461a8d9a
461a8e00
461a8e66
461a8ecd
461a8f33
461a8f9a
461a9000
461a9066
461a90cd
461a9133
461a919a
461a9200
461a9266
461a92cd
461a9333
461a939a
461a9400
461a9466
461a94cd
461a9533
461a959a
461a9600
461a9666
461a96cd
461a9733
461a979a
461a9800
461a9866
461a98cd
461a9933
461a999a
461a9a00
461a9a66
461a9acd
461a9b33
461a9b9a
461a9c00
461a9c66
461a9ccd
461a9d33
461a9d9a
461a9e00
461a9e66
461a9ecd
461a9f33
461a9f9a
461aa000
461aa066
461aa0cd
461aa133
461aa19a
461aa200
461aa266
461aa2cd
461aa333
461aa39a
461aa400
461aa466
461aa4cd
461aa533
461aa59a
461aa600
461aa666
461aa6cd
461aa733
461aa79a
461aa800
461aa866
461aa8cd
461aa933
461aa99a
461aaa00
461aaa66
461aaacd
461aab33
461aab9a
461aac00
461aac66
461aaccd
461aad33
461aad9a
461aae00
461aae66
461aaecd
461aaf33
461aaf9a
461ab000
461ab066
461ab0cd
461ab133
461ab19a
461ab200
461ab266
461ab2cd
461ab333
461ab39a
461ab400
461ab466
461ab4cd
461ab533
461ab59a
461ab600
461ab666
461ab6cd
461ab733
461ab79a
461ab800
461ab866
461ab8cd
461ab933
461ab99a
461aba00
461aba66
461abacd
461abb33
461abb9a
461abc00
461abc66
461abccd
461abd33
461abd9a
461abe00
461abe66
461abecd
461abf33
461abf9a
461ac000
461ac066
461ac0cd
461ac133
461ac19a
461ac200
461ac266
461ac2cd
461ac333
461ac39a
461ac400
461ac466
461ac4cd
461ac533
461ac59a
461ac600
461ac666
461ac6cd
461ac733
461ac79a
461ac800
461ac866
461ac8cd
461ac933
461ac99a
461aca00
461aca66
461acacd
461acb33
461acb9a
461acc00
461acc66
461acccd
461acd33
461acd9a
461ace00
461ace66
461acecd
461acf33
461acf9a
461ad000
461ad066
461ad0cd
461ad133
461ad19a
461ad200
461ad266
461ad2cd
461ad333
461ad39a
461ad400
461ad466
461ad4cd
461ad533
461ad59a
461ad600
461ad666
461ad6cd
461ad733
461ad79a
461ad800
461ad866
461ad8cd
461ad933
461ad99a
461ada00
461ada66
461adacd
461adb33
461adb9a
461adc00
461adc66
461adccd
461add33
461add9a
461ade00
461ade66
461adecd
461adf33
461adf9a
461ae000
461ae066
461ae0cd
461ae133
461ae19a
461ae200
461ae266
461ae2cd
461ae333
461ae39a
461ae400
461ae466
461ae4cd
461ae533
461ae59a
461ae600
461ae666
461ae6cd
461ae733
461ae79a
461ae800
461ae866
461ae8cd
461ae933
461ae99a
461aea00
461aea66
461aeacd
461aeb33
461aeb9a
461aec00
461aec66
461aeccd
461aed33
461aed9a
461aee00
461aee66
461aeecd
461aef33
461aef9a
461af000
461af066
461af0cd
461af133
461af19a
461af200
461af266
461af2cd
461af333
461af39a
461af400
461af466
461af4cd
461af533
461af59a
461af600
461af666
461af6cd
461af733
461af79a
461af800
461af866
461af8cd
461af933
461af99a
461afa00
461afa66
461afacd
461afb33
461afb9a
461afc00
461afc66
461afccd
461afd33
461afd9a
461afe00
461afe66
461afecd
461aff33
461aff9a
461b0000
461b0066
461b00cd
461b0133
461b019a
461b0200
461b0266
461b02cd
461b0333
461b039a
461b0400
461b0466
461b04cd
461b0533
461b059a
461b0600
461b0666
461b06cd
461b0733
461b079a
461b0800
461b0866
461b08cd
461b0933
461b099a
461b0a00
461b0a66
461b0acd
461b0b33
461b0b9a
461b0c00
461b0c66
461b0ccd
461b0d33
461b0d9a
461b0e00
461b0e66
461b0ecd
461b0f33
461b0f9a
461b1000
461b1066
461b10cd
461b1133
461b119a
461b1200
461b1266
461b12cd
461b1333
461b139a
461b1400
461b1466
461b14cd
461b1533
461b159a
461b1600
461b1666
461b16cd
461b1733
461b179a
461b1800
461b1866
461b18cd
461b1933
461b199a
461b1a00
461b1a66
461b1acd
461b1b33
461b1b9a
461b1c00
461b1c66
461b1ccd
461b1d33
461b1d9a
461b1e00
461b1e66
461b1ecd
461b1f33
461b1f9a
461b2000
461b2066
461b20cd
461b2133
461b219a
461b2200
461b2266
461b22cd
461b2333
461b239a
461b2400
461b2466
461b24cd
461b2533
461b259a
461b2600
461b2666
461b26cd
461b2733
461b279a
461b2800
461b2866
461b28cd
461b2933
461b299a
461b2a00
461b2a66
461b2acd
461b2b33
461b2b9a
461b2c00
461b2c66
461b2ccd
461b2d33
461b2d9a
461b2e00
461b2e66
461b2ecd
461b2f33
461b2f9a
461b3000
461b3066
461b30cd
461b3133
461b319a
461b3200
461b3266
461b32cd
461b3333
461b339a
461b3400
461b3466
461b34cd
461b3533
461b359a
461b3600
461b3666
461b36cd
461b3733
461b379a
461b3800
461b3866
461b38cd
461b3933
461b399a
461b3a00
461b3a66
461b3acd
461b3b33
461b3b9a
461b3c00
461b3c66
461b3ccd
461b3d33
461b3d9a
461b3e00
461b3e66
461b3ecd
461b3f33
461b3f9a
461b4000
461b4066
461b40cd
461b4133
461b419a
461b4200
461b4266
461b42cd
461b4333
461b439a
461b4400
461b4466
461b44cd
461b4533
461b459a
461b4600
461b4666
461b46cd
461b4733
461b479a
461b4800
461b4866
461b48cd
461b4933
461b499a
461b4a00
461b4a66
461b4acd
461b4b33
461b4b9a
461b4c00
461b4c66
461b4ccd
461b4d33
461b4d9a
461b4e00
461b4e66
461b4ecd
461b4f33
461b4f9a
461b5000
461b5066
461b50cd
461b5133
461b519a
461b5200
461b5266
461b52cd
461b5333
461b539a
461b5400
461b5466
461b54cd
461b5533
461b559a
461b5600
461b5666
461b56cd
461b5733
461b579a
461b5800
461b5866
461b58cd
461b5933
461b599a
461b5a00
461b5a66
461b5acd
461b5b33
461b5b9a
461b5c00
461b5c66
461b5ccd
461b5d33
461b5d9a
461b5e00
461b5e66
461b5ecd
461b5f33
461b5f9a
461b6000
461b6066
461b60cd
461b6133
461b619a
461b6200
461b6266
461b62cd
461b6333
461b639a
461b6400
461b6466
461b64cd
461b6533
461b659a
461b6600
461b6666
461b66cd
461b6733
461b679a
461b6800
461b6866
461b68cd
461b6933
461b699a
461b6a00
461b6a66
461b6acd
461b6b33
461b6b9a
461b6c00
461b6c66
461b6ccd
461b6d33
461b6d9a
461b6e00
461b6e66
461b6ecd
461b6f33
461b6f9a
461b7000
461b7066
461b70cd
461b7133
461b719a
461b7200
461b7266
461b72cd
461b7333
461b739a
461b7400
461b7466
461b74cd
461b7533
461b759a
461b7600
461b7666
461b76cd
461b7733
461b779a
461b7800
461b7866
461b78cd
461b7933
461b799a
461b7a00
461b7a66
461b7acd
461b7b33
461b7b9a
461b7c00
461b7c66
461b7ccd
461b7d33
461b7d9a
461b7e00
461b7e66
461b7ecd
461b7f33
461b7f9a
461b8000
461b8066
461b80cd
461b8133
461b819a
461b8200
461b8266
461b82cd
461b8333
461b839a
461b8400
461b8466
461b84cd
461b8533
461b859a
461b8600
461b8666
461b86cd
461b8733
461b879a
461b8800
461b8866
461b88cd
461b8933
461b899a
461b8a00
461b8a66
461b8acd
461b8b33
461b8b9a
461b8c00
461b8c66
461b8ccd
461b8d33
461b8d9a
461b8e00
461b8e66
461b8ecd
461b8f33
461b8f9a
461b9000
461b9066
461b90cd
461b9133
461b919a
461b9200
461b9266
461b92cd
461b9333
461b939a
461b9400
461b9466
461b94cd
461b9533
461b959a
461b9600
461b9666
461b96cd
461b9733
461b979a
461b9800
461b9866
461b98cd
461b9933
461b999a
461b9a00
461b9a66
461b9acd
461b9b33
461b9b9a
461b9c00
461b9c66
461b9ccd
461b9d33
461b9d9a
461b9e00
461b9e66
461b9ecd
461b9f33
461b9f9a
461ba000
461ba066
461ba0cd
461ba133
461ba19a
461ba200
461ba266
461ba2cd
461ba333
461ba39a
461ba400
461ba466
461ba4cd
461ba533
461ba59a
461ba600
461ba666
461ba6cd
461ba733
461ba79a
461ba800
461ba866
461ba8cd
461ba933
461ba99a
461baa00
461baa66
461baacd
461bab33
461bab9a
461bac00
461bac66
461baccd
461bad33
461bad9a
461bae00
461bae66
461baecd
461baf33
461baf9a
461bb000
461bb066
461bb0cd
461bb133
461bb19a
461bb200
461bb266
461bb2cd
461bb333
461bb39a
461bb400
461bb466
461bb4cd
461bb533
461bb59a
461bb600
461bb666
461bb6cd
461bb733
461bb79a
461bb800
461bb866
461bb8cd
461bb933
461bb99a
461bba00
461bba66
461bbacd
461bbb33
461bbb9a
461bbc00
461bbc66
461bbccd
461bbd33
461bbd9a
461bbe00
461bbe66
461bbecd
461bbf33
461bbf9a
461bc000
461bc066
461bc0cd
461bc133
461bc19a
461bc200
461bc266
461bc2cd
461bc333
461bc39a
461bc400
461bc466
461bc4cd
461bc533
461bc59a
461bc600
461bc666
461bc6cd
461bc733
461bc79a
461bc800
461bc866
461bc8cd
461bc933
461bc99a
461bca00
461bca66
461bcacd
461bcb33
461bcb9a
461bcc00
461bcc66
461bcccd
461bcd33
461bcd9a
461bce00
461bce66
461bcecd
461bcf33
461bcf9a
461bd000
461bd066
461bd0cd
461bd133
461bd19a
461bd200
461bd266
461bd2cd
461bd333
461bd39a
461bd400
461bd466
461bd4cd
461bd533
461bd59a
461bd600
461bd666
461bd6cd
461bd733
461bd79a
461bd800
461bd866
461bd8cd
461bd933
461bd99a
461bda00
461bda66
461bdacd
461bdb33
461bdb9a
461bdc00
461bdc66
461bdccd
461bdd33
461bdd9a
461bde00
461bde66
461bdecd
461bdf33
461bdf9a
461be000
461be066
461be0cd
461be133
461be19a
461be200
461be266
461be2cd
461be333
461be39a
461be400
461be466
461be4cd
461be533
461be59a
461be600
461be666
461be6cd
461be733
461be79a
461be800
461be866
461be8cd
461be933
461be99a
461bea00
461bea66
461beacd
461beb33
461beb9a
461bec00
461bec66
461beccd
461bed33
461bed9a
461bee00
461bee66
461beecd
461bef33
461bef9a
461bf000
461bf066
461bf0cd
461bf133
461bf19a
461bf200
461bf266
461bf2cd
461bf333
461bf39a
461bf400
461bf466
461bf4cd
461bf533
461bf59a
461bf600
461bf666
461bf6cd
461bf733
461bf79a
461bf800
461bf866
461bf8cd
461bf933
461bf99a
461bfa00
461bfa66
461bfacd
461bfb33
461bfb9a
461bfc00
461bfc66
461bfccd
461bfd33
461bfd9a
461bfe00
461bfe66
461bfecd
461bff33
461bff9a
461c0000
461c0066
461c00cd
461c0133
461c019a
461c0200
461c0266
461c02cd
461c0333
461c039a
461c0400
461c0466
461c04cd
461c0533
461c059a
461c0600
461c0666
461c06cd
461c0733
461c079a
461c0800
461c0866
461c08cd
461c0933
461c099a
461c0a00
461c0a66
461c0acd
461c0b33
461c0b9a
461c0c00
461c0c66
461c0ccd
461c0d33
461c0d9a
461c0e00
461c0e66
461c0ecd
461c0f33
461c0f9a
461c1000
461c1066
461c10cd
461c1133
461c119a
461c1200
461c1266
461c12cd
461c1333
461c139a
461c1400
461c1466
461c14cd
461c1533
461c159a
461c1600
461c1666
461c16cd
461c1733
461c179a
461c1800
461c1866
461c18cd
461c1933
461c199a
461c1a00
461c1a66
461c1acd
461c1b33
461c1b9a
461c1c00
461c1c66
461c1ccd
461c1d33
461c1d9a
461c1e00
461c1e66
461c1ecd
461c1f33
461c1f9a
461c2000
461c2066
461c20cd
461c2133
461c219a
461c2200
461c2266
461c22cd
461c2333
461c239a
461c2400
461c2466
461c24cd
461c2533
461c259a
461c2600
461c2666
461c26cd
461c2733
461c279a
461c2800
461c2866
461c28cd
461c2933
461c299a
461c2a00
461c2a66
461c2acd
461c2b33
461c2b9a
461c2c00
461c2c66
461c2ccd
461c2d33
461c2d9a
461c2e00
461c2e66
461c2ecd
461c2f33
461c2f9a
461c3000
461c3066
461c30cd
461c3133
461c319a
461c3200
461c3266
461c32cd
461c3333
461c339a
461c3400
461c3466
461c34cd
461c3533
461c359a
461c3600
461c3666
461c36cd
461c3733
461c379a
461c3800
461c3866
461c38cd
461c3933
461c399a
461c3a00
461c3a66
461c3acd
461c3b33
461c3b9a
461c3c00
461c3c66
461c3ccd
461c3d33
461c3d9a
461c3e00
461c3e66
461c3ecd
461c3f33
461c3f9a
461c4000
461c4066
461c40cd
461c4133
461c419a
461c4200
461c4266
461c42cd
461c4333
461c439a
461c4400
461c4466
461c44cd
461c4533
461c459a
461c4600
461c4666
461c46cd
461c4733
461c479a
461c4800
461c4866
461c48cd
461c4933
461c499a
461c4a00
461c4a66
461c4acd
461c4b33
461c4b9a
461c4c00
461c4c66
461c4ccd
461c4d33
461c4d9a
461c4e00
461c4e66
461c4ecd
461c4f33
461c4f9a
461c5000
461c5066
461c50cd
461c5133
461c519a
461c5200
461c5266
461c52cd
461c5333
461c539a
461c5400
461c5466
461c54cd
461c5533
461c559a
461c5600
461c5666
461c56cd
461c5733
461c579a
461c5800
461c5866
461c58cd
461c5933
461c599a
461c5a00
461c5a66
461c5acd
461c5b33
461c5b9a
461c5c00
461c5c66
461c5ccd
461c5d33
461c5d9a
461c5e00
461c5e66
461c5ecd
461c5f33
461c5f9a
461c6000
461c6066
461c60cd
461c6133
461c619a
461c6200
461c6266
461c62cd
461c6333
461c639a
461c6400
461c6466
461c64cd
461c6533
461c659a
461c6600
461c6666
461c66cd
461c6733
461c679a
461c6800
461c6866
461c68cd
461c6933
461c699a
461c6a00
461c6a66
461c6acd
461c6b33
461c6b9a
461c6c00
461c6c66
461c6ccd
461c6d33
461c6d9a
461c6e00
461c6e66
461c6ecd
461c6f33
461c6f9a
461c7000
461c7066
461c70cd
461c7133
461c719a
461c7200
461c7266
461c72cd
461c7333
461c739a
461c7400
461c7466
461c74cd
461c7533
461c759a
461c7600
461c7666
461c76cd
461c7733
461c779a
461c7800
461c7866
461c78cd
461c7933
461c799a
461c7a00
461c7a66
461c7acd
461c7b33
461c7b9a
461c7c00
461c7c66
461c7ccd
461c7d33
461c7d9a
461c7e00
461c7e66
461c7ecd
461c7f33
461c7f9a
461c8000
461c8066
461c80cd
461c8133
461c819a
461c8200
461c8266
461c82cd
461c8333
461c839a
461c8400
461c8466
461c84cd
461c8533
461c859a
461c8600
461c8666
461c86cd
461c8733
461c879a
461c8800
461c8866
461c88cd
461c8933
461c899a
461c8a00
461c8a66
461c8acd
461c8b33
461c8b9a
461c8c00
461c8c66
461c8ccd
461c8d33
461c8d9a
461c8e00
461c8e66
461c8ecd
461c8f33
461c8f9a
461c9000
461c9066
461c90cd
461c9133
461c919a
461c9200
461c9266
461c92cd
461c9333
461c939a
461c9400
461c9466
461c94cd
461c9533
461c959a
461c9600
461c9666
461c96cd
461c9733
461c979a
461c9800
461c9866
461c98cd
461c9933
461c999a
461c9a00
461c9a66
461c9acd
461c9b33
461c9b9a
461c9c00
461c9c66
461c9ccd
461c9d33
461c9d9a
461c9e00
461c9e66
461c9ecd
461c9f33
461c9f9a
461ca000
461ca066
461ca0cd
461ca133
461ca19a
461ca200
461ca266
461ca2cd
461ca333
461ca39a
461ca400
461ca466
461ca4cd
461ca533
461ca59a
461ca600
461ca666
461ca6cd
461ca733
461ca79a
461ca800
461ca866
461ca8cd
461ca933
461ca99a
461caa00
461caa66
461caacd
461cab33
461cab9a
461cac00
461cac66
461caccd
461cad33
461cad9a
461cae00
461cae66
461caecd
461caf33
461caf9a
461cb000
461cb066
461cb0cd
461cb133
461cb19a
461cb200
461cb266
461cb2cd
461cb333
461cb39a
461cb400
461cb466
461cb4cd
461cb533
461cb59a
461cb600
461cb666
461cb6cd
461cb733
461cb79a
461cb800
461cb866
461cb8cd
461cb933
461cb99a
461cba00
461cba66
461cbacd
461cbb33
461cbb9a
461cbc00
461cbc66
461cbccd
461cbd33
461cbd9a
461cbe00
461cbe66
461cbecd
461cbf33
461cbf9a
461cc000
461cc066
461cc0cd
461cc133
461cc19a
461cc200
461cc266
461cc2cd
461cc333
461cc39a
461cc400
461cc466
461cc4cd
461cc533
461cc59a
461cc600
461cc666
461cc6cd
461cc733
461cc79a
461cc800
461cc866
461cc8cd
461cc933
461cc99a
461cca00
461cca66
461ccacd
461ccb33
461ccb9a
461ccc00
461ccc66
461ccccd
461ccd33
461ccd9a
461cce00
461cce66
461ccecd
461ccf33
461ccf9a
461cd000
461cd066
461cd0cd
461cd133
461cd19a
461cd200
461cd266
461cd2cd
461cd333
461cd39a
461cd400
461cd466
461cd4cd
461cd533
461cd59a
461cd600
461cd666
461cd6cd
461cd733
461cd79a
461cd800
461cd866
461cd8cd
461cd933
461cd99a
461cda00
461cda66
461cdacd
461cdb33
461cdb9a
461cdc00
461cdc66
461cdccd
461cdd33
461cdd9a
461cde00
461cde66
461cdecd
461cdf33
461cdf9a
461ce000
461ce066
461ce0cd
461ce133
461ce19a
461ce200
461ce266
461ce2cd
461ce333
461ce39a
461ce400
461ce466
461ce4cd
461ce533
461ce59a
461ce600
461ce666
461ce6cd
461ce733
461ce79a
461ce800
461ce866
461ce8cd
461ce933
461ce99a
461cea00
461cea66
461ceacd
461ceb33
461ceb9a
461cec00
461cec66
461ceccd
461ced33
461ced9a
461cee00
461cee66
461ceecd
461cef33
461cef9a
461cf000
461cf066
461cf0cd
461cf133
461cf19a
461cf200
461cf266
461cf2cd
461cf333
461cf39a
461cf400
461cf466
461cf4cd
461cf533
461cf59a
461cf600
461cf666
461cf6cd
461cf733
461cf79a
461cf800
461cf866
461cf8cd
461cf933
461cf99a
461cfa00
461cfa66
461cfacd
461cfb33
461cfb9a
461cfc00
461cfc66
461cfccd
461cfd33
461cfd9a
461cfe00
461cfe66
461cfecd
461cff33
461cff9a
461d0000
461d0066
461d00cd
461d0133
461d019a
461d0200
461d0266
461d02cd
461d0333
461d039a
461d0400
461d0466
461d04cd
461d0533
461d059a
461d0600
461d0666
461d06cd
461d0733
461d079a
461d0800
461d0866
461d08cd
461d0933
461d099a
461d0a00
461d0a66
461d0acd
461d0b33
461d0b9a
461d0c00
461d0c66
461d0ccd
461d0d33
461d0d9a
461d0e00
461d0e66
461d0ecd
461d0f33
461d0f9a
461d1000
461d1066
461d10cd
461d1133
461d119a
461d1200
461d1266
461d12cd
461d1333
461d139a
461d1400
461d1466
461d14cd
461d1533
461d159a
461d1600
461d1666
461d16cd
461d1733
461d179a
461d1800
461d1866
461d18cd
461d1933
461d199a
461d1a00
461d1a66
461d1acd
461d1b33
461d1b9a
461d1c00
461d1c66
461d1ccd
461d1d33
461d1d9a
461d1e00
461d1e66
461d1ecd
461d1f33
461d1f9a
461d2000
461d2066
461d20cd
461d2133
461d219a
461d2200
461d2266
461d22cd
461d2333
461d239a
461d2400
461d2466
461d24cd
461d2533
461d259a
461d2600
461d2666
461d26cd
461d2733
461d279a
461d2800
461d2866
461d28cd
461d2933
461d299a
461d2a00
461d2a66
461d2acd
461d2b33
461d2b9a
461d2c00
461d2c66
461d2ccd
461d2d33
461d2d9a
461d2e00
461d2e66
461d2ecd
461d2f33
461d2f9a
461d3000
461d3066
461d30cd
461d3133
461d319a
461d3200
461d3266
461d32cd
461d3333
461d339a
461d3400
461d3466
461d34cd
461d3533
461d359a
461d3600
461d3666
461d36cd
461d3733
461d379a
461d3800
461d3866
461d38cd
461d3933
461d399a
461d3a00
461d3a66
461d3acd
461d3b33
461d3b9a
461d3c00
461d3c66
461d3ccd
461d3d33
461d3d9a
461d3e00
461d3e66
461d3ecd
461d3f33
461d3f9a
461d4000
461d4066
461d40cd
461d4133
461d419a
461d4200
461d4266
461d42cd
461d4333
461d439a
461d4400
461d4466
461d44cd
461d4533
461d459a
461d4600
461d4666
461d46cd
461d4733
461d479a
461d4800
461d4866
461d48cd
461d4933
461d499a
461d4a00
461d4a66
461d4acd
461d4b33
461d4b9a
461d4c00
461d4c66
461d4ccd
461d4d33
461d4d9a
461d4e00
461d4e66
461d4ecd
461d4f33
461d4f9a
461d5000
461d5066
461d50cd
461d5133
461d519a
461d5200
461d5266
461d52cd
461d5333
461d539a
461d5400
461d5466
461d54cd
461d5533
461d559a
461d5600
461d5666
461d56cd
461d5733
461d579a
461d5800
461d5866
461d58cd
461d5933
461d599a
461d5a00
461d5a66
461d5acd
461d5b33
461d5b9a
461d5c00
461d5c66
461d5ccd
461d5d33
461d5d9a
461d5e00
461d5e66
461d5ecd
461d5f33
461d5f9a
461d6000
461d6066
461d60cd
461d6133
461d619a
461d6200
461d6266
461d62cd
461d6333
461d639a
461d6400
461d6466
461d64cd
461d6533
461d659a
461d6600
461d6666
461d66cd
461d6733
461d679a
461d6800
461d6866
461d68cd
461d6933
461d699a
461d6a00
461d6a66
461d6acd
461d6b33
461d6b9a
461d6c00
461d6c66
461d6ccd
461d6d33
461d6d9a
461d6e00
461d6e66
461d6ecd
461d6f33
461d6f9a
461d7000
461d7066
461d70cd
461d7133
461d719a
461d7200
461d7266
461d72cd
461d7333
461d739a
461d7400
461d7466
461d74cd
461d7533
461d759a
461d7600
461d7666
461d76cd
461d7733
461d779a
461d7800
461d7866
461d78cd
461d7933
461d799a
461d7a00
461d7a66
461d7acd
461d7b33
461d7b9a
461d7c00
461d7c66
461d7ccd
461d7d33
461d7d9a
461d7e00
461d7e66
461d7ecd
461d7f33
461d7f9a
461d8000
461d8066
461d80cd
461d8133
461d819a
461d8200
461d8266
461d82cd
461d8333
461d839a
461d8400
461d8466
461d84cd
461d8533
461d859a
461d8600
461d8666
461d86cd
461d8733
461d879a
461d8800
461d8866
461d88cd
461d8933
461d899a
461d8a00
461d8a66
461d8acd
461d8b33
461d8b9a
461d8c00
461d8c66
461d8ccd
461d8d33
461d8d9a
461d8e00
461d8e66
461d8ecd
461d8f33
461d8f9a
461d9000
461d9066
461d90cd
461d9133
461d919a
461d9200
461d9266
461d92cd
461d9333
461d939a
461d9400
461d9466
461d94cd
461d9533
461d959a
461d9600
461d9666
461d96cd
461d9733
461d979a
461d9800
461d9866
461d98cd
461d9933
461d999a
461d9a00
461d9a66
461d9acd
461d9b33
461d9b9a
461d9c00
461d9c66
461d9ccd
461d9d33
461d9d9a
461d9e00
461d9e66
461d9ecd
461d9f33
461d9f9a
461da000
461da066
461da0cd
461da133
461da19a
461da200
461da266
461da2cd
461da333
461da39a
461da400
461da466
461da4cd
461da533
461da59a
461da600
461da666
461da6cd
461da733
461da79a
461da800
461da866
461da8cd
461da933
461da99a
461daa00
461daa66
461daacd
461dab33
461dab9a
461dac00
461dac66
461daccd
461dad33
461dad9a
461dae00
461dae66
461daecd
461daf33
461daf9a
461db000
461db066
461db0cd
461db133
461db19a
461db200
461db266
461db2cd
461db333
461db39a
461db400
461db466
461db4cd
461db533
461db59a
461db600
461db666
461db6cd
461db733
461db79a
461db800
461db866
461db8cd
461db933
461db99a
461dba00
461dba66
461dbacd
461dbb33
461dbb9a
461dbc00
461dbc66
461dbccd
461dbd33
461dbd9a
461dbe00
461dbe66
461dbecd
461dbf33
461dbf9a
461dc000
461dc066
461dc0cd
461dc133
461dc19a
461dc200
461dc266
461dc2cd
461dc333
461dc39a
461dc400
461dc466
461dc4cd
461dc533
461dc59a
461dc600
461dc666
461dc6cd
461dc733
461dc79a
461dc800
461dc866
461dc8cd
461dc933
461dc99a
461dca00
461dca66
461dcacd
461dcb33
461dcb9a
461dcc00
461dcc66
461dcccd
461dcd33
461dcd9a
461dce00
461dce66
461dcecd
461dcf33
461dcf9a
461dd000
461dd066
461dd0cd
461dd133
461dd19a
461dd200
461dd266
461dd2cd
461dd333
461dd39a
461dd400
461dd466
461dd4cd
461dd533
461dd59a
461dd600
461dd666
461dd6cd
461dd733
461dd79a
461dd800
461dd866
461dd8cd
461dd933
461dd99a
461dda00
461dda66
461ddacd
461ddb33
461ddb9a
461ddc00
461ddc66
461ddccd
461ddd33
461ddd9a
461dde00
461dde66
461ddecd
461ddf33
461ddf9a
461de000
461de066
461de0cd
461de133
461de19a
461de200
461de266
461de2cd
461de333
461de39a
461de400
461de466
461de4cd
461de533
461de59a
461de600
461de666
461de6cd
461de733
461de79a
461de800
461de866
461de8cd
461de933
461de99a
461dea00
461dea66
461deacd
461deb33
461deb9a
461dec00
461dec66
461deccd
461ded33
461ded9a
461dee00
461dee66
461deecd
461def33
461def9a
461df000
461df066
461df0cd
461df133
461df19a
461df200
461df266
461df2cd
461df333
461df39a
461df400
461df466
461df4cd
461df533
461df59a
461df600
461df666
461df6cd
461df733
461df79a
461df800
461df866
461df8cd
461df933
461df99a
461dfa00
461dfa66
461dfacd
461dfb33
461dfb9a
461dfc00
461dfc66
461dfccd
461dfd33
461dfd9a
461dfe00
461dfe66
461dfecd
461dff33
461dff9a
461e0000
461e0066
461e00cd
461e0133
461e019a
461e0200
461e0266
461e02cd
461e0333
461e039a
461e0400
461e0466
461e04cd
461e0533
461e059a
461e0600
461e0666
461e06cd
461e0733
461e079a
461e0800
461e0866
461e08cd
461e0933
461e099a
461e0a00
461e0a66
461e0acd
461e0b33
461e0b9a
461e0c00
461e0c66
461e0ccd
461e0d33
461e0d9a
461e0e00
461e0e66
461e0ecd
461e0f33
461e0f9a
461e1000
461e1066
461e10cd
461e1133
461e119a
461e1200
461e1266
461e12cd
461e1333
461e139a
461e1400
461e1466
461e14cd
461e1533
461e159a
461e1600
461e1666
461e16cd
461e1733
461e179a
461e1800
461e1866
461e18cd
461e1933
461e199a
461e1a00
461e1a66
461e1acd
461e1b33
461e1b9a
461e1c00
461e1c66
461e1ccd
461e1d33
461e1d9a
461e1e00
461e1e66
461e1ecd
461e1f33
461e1f9a
461e2000
461e2066
461e20cd
461e2133
461e219a
461e2200
461e2266
461e22cd
461e2333
461e239a
461e2400
461e2466
461e24cd
461e2533
461e259a
461e2600
461e2666
461e26cd
461e2733
461e279a
461e2800
461e2866
461e28cd
461e2933
461e299a
461e2a00
461e2a66
461e2acd
461e2b33
461e2b9a
461e2c00
461e2c66
461e2ccd
461e2d33
461e2d9a
461e2e00
461e2e66
461e2ecd
461e2f33
461e2f9a
461e3000
461e3066
461e30cd
461e3133
461e319a
461e3200
461e3266
461e32cd
461e3333
461e339a
461e3400
461e3466
461e34cd
461e3533
461e359a
461e3600
461e3666
461e36cd
461e3733
461e379a
461e3800
461e3866
461e38cd
461e3933
461e399a
461e3a00
461e3a66
461e3acd
461e3b33
461e3b9a
461e3c00
461e3c66
461e3ccd
461e3d33
461e3d9a
461e3e00
461e3e66
461e3ecd
461e3f33
461e3f9a
461e4000
461e4066
461e40cd
461e4133
461e419a
461e4200
461e4266
461e42cd
461e4333
461e439a
461e4400
461e4466
461e44cd
461e4533
461e459a
461e4600
461e4666
461e46cd
461e4733
461e479a
461e4800
461e4866
461e48cd
461e4933
461e499a
461e4a00
461e4a66
461e4acd
461e4b33
461e4b9a
461e4c00
461e4c66
461e4ccd
461e4d33
461e4d9a
461e4e00
461e4e66
461e4ecd
461e4f33
461e4f9a
461e5000
461e5066
461e50cd
461e5133
461e519a
461e5200
461e5266
461e52cd
461e5333
461e539a
461e5400
461e5466
461e54cd
461e5533
461e559a
461e5600
461e5666
461e56cd
461e5733
461e579a
461e5800
461e5866
461e58cd
461e5933
461e599a
461e5a00
461e5a66
461e5acd
461e5b33
461e5b9a
461e5c00
461e5c66
461e5ccd
461e5d33
461e5d9a
461e5e00
461e5e66
461e5ecd
461e5f33
461e5f9a
461e6000
461e6066
461e60cd
461e6133
461e619a
461e6200
461e6266
461e62cd
461e6333
461e639a
461e6400
461e6466
461e64cd
461e6533
461e659a
461e6600
461e6666
461e66cd
461e6733
461e679a
461e6800
461e6866
461e68cd
461e6933
461e699a
461e6a00
461e6a66
461e6acd
461e6b33
461e6b9a
461e6c00
461e6c66
461e6ccd
461e6d33
461e6d9a
461e6e00
461e6e66
461e6ecd
461e6f33
461e6f9a
461e7000
461e7066
461e70cd
461e7133
461e719a
461e7200
461e7266
461e72cd
461e7333
461e739a
461e7400
461e7466
461e74cd
461e7533
461e759a
461e7600
461e7666
461e76cd
461e7733
461e779a
461e7800
461e7866
461e78cd
461e7933
461e799a
461e7a00
461e7a66
461e7acd
461e7b33
461e7b9a
461e7c00
461e7c66
461e7ccd
461e7d33
461e7d9a
461e7e00
461e7e66
461e7ecd
461e7f33
461e7f9a
461e8000
461e8066
461e80cd
461e8133
461e819a
461e8200
461e8266
461e82cd
461e8333
461e839a
461e8400
461e8466
461e84cd
461e8533
461e859a
461e8600
461e8666
461e86cd
461e8733
461e879a
461e8800
461e8866
461e88cd
461e8933
461e899a
461e8a00
461e8a66
461e8acd
461e8b33
461e8b9a
461e8c00
461e8c66
461e8ccd
461e8d33
461e8d9a
461e8e00
461e8e66
461e8ecd
461e8f33
461e8f9a
461e9000
461e9066
461e90cd
461e9133
461e919a
461e9200
461e9266
461e92cd
461e9333
461e939a
461e9400
461e9466
461e94cd
461e9533
461e959a
461e9600
461e9666
461e96cd
461e9733
461e979a
461e9800
461e9866
461e98cd
461e9933
461e999a
461e9a00
461e9a66
461e9acd
461e9b33
461e9b9a
461e9c00
461e9c66
461e9ccd
461e9d33
461e9d9a
461e9e00
461e9e66
461e9ecd
461e9f33
461e9f9a
461ea000
461ea066
461ea0cd
461ea133
461ea19a
461ea200
461ea266
461ea2cd
461ea333
461ea39a
461ea400
461ea466
461ea4cd
461ea533
461ea59a
461ea600
461ea666
461ea6cd
461ea733
461ea79a
461ea800
461ea866
461ea8cd
461ea933
461ea99a
461eaa00
461eaa66
461eaacd
461eab33
461eab9a
461eac00
461eac66
461eaccd
461ead33
461ead9a
461eae00
461eae66
461eaecd
461eaf33
461eaf9a
461eb000
461eb066
461eb0cd
461eb133
461eb19a
461eb200
461eb266
461eb2cd
461eb333
461eb39a
461eb400
461eb466
461eb4cd
461eb533
461eb59a
461eb600
461eb666
461eb6cd
461eb733
461eb79a
461eb800
461eb866
461eb8cd
461eb933
461eb99a
461eba00
461eba66
461ebacd
461ebb33
461ebb9a
461ebc00
461ebc66
461ebccd
461ebd33
461ebd9a
461ebe00
461ebe66
461ebecd
461ebf33
461ebf9a
461ec000
461ec066
461ec0cd
461ec133
461ec19a
461ec200
461ec266
461ec2cd
461ec333
461ec39a
461ec400
461ec466
461ec4cd
461ec533
461ec59a
461ec600
461ec666
461ec6cd
461ec733
461ec79a
461ec800
461ec866
461ec8cd
461ec933
461ec99a
461eca00
461eca66
461ecacd
461ecb33
461ecb9a
461ecc00
461ecc66
461ecccd
461ecd33
461ecd9a
461ece00
461ece66
461ececd
461ecf33
461ecf9a
461ed000
461ed066
461ed0cd
461ed133
461ed19a
461ed200
461ed266
461ed2cd
461ed333
461ed39a
461ed400
461ed466
461ed4cd
461ed533
461ed59a
461ed600
461ed666
461ed6cd
461ed733
461ed79a
461ed800
461ed866
461ed8cd
461ed933
461ed99a
461eda00
461eda66
461edacd
461edb33
461edb9a
461edc00
461edc66
461edccd
461edd33
461edd9a
461ede00
461ede66
461edecd
461edf33
461edf9a
461ee000
461ee066
461ee0cd
461ee133
461ee19a
461ee200
461ee266
461ee2cd
461ee333
461ee39a
461ee400
461ee466
461ee4cd
461ee533
461ee59a
461ee600
461ee666
461ee6cd
461ee733
461ee79a
461ee800
461ee866
461ee8cd
461ee933
461ee99a
461eea00
461eea66
461eeacd
461eeb33
461eeb9a
461eec00
461eec66
461eeccd
461eed33
461eed9a
461eee00
461eee66
461eeecd
461eef33
461eef9a
461ef000
461ef066
461ef0cd
461ef133
461ef19a
461ef200
461ef266
461ef2cd
461ef333
461ef39a
461ef400
461ef466
461ef4cd
461ef533
461ef59a
461ef600
461ef666
461ef6cd
461ef733
461ef79a
461ef800
461ef866
461ef8cd
461ef933
461ef99a
461efa00
461efa66
461efacd
461efb33
461efb9a
461efc00
461efc66
461efccd
461efd33
461efd9a
461efe00
461efe66
461efecd
461eff33
461eff9a
461f0000
461f0066
461f00cd
461f0133
461f019a
461f0200
461f0266
461f02cd
461f0333
461f039a
461f0400
461f0466
461f04cd
461f0533
461f059a
461f0600
461f0666
461f06cd
461f0733
461f079a
461f0800
461f0866
461f08cd
461f0933
461f099a
461f0a00
461f0a66
461f0acd
461f0b33
461f0b9a
461f0c00
461f0c66
461f0ccd
461f0d33
461f0d9a
461f0e00
461f0e66
461f0ecd
461f0f33
461f0f9a
461f1000
461f1066
461f10cd
461f1133
461f119a
461f1200
461f1266
461f12cd
461f1333
461f139a
461f1400
461f1466
461f14cd
461f1533
461f159a
461f1600
461f1666
461f16cd
461f1733
461f179a
461f1800
461f1866
461f18cd
461f1933
461f199a
461f1a00
461f1a66
461f1acd
461f1b33
461f1b9a
461f1c00
461f1c66
461f1ccd
461f1d33
461f1d9a
461f1e00
461f1e66
461f1ecd
461f1f33
461f1f9a
461f2000
461f2066
461f20cd
461f2133
461f219a
461f2200
461f2266
461f22cd
461f2333
461f239a
461f2400
461f2466
461f24cd
461f2533
461f259a
461f2600
461f2666
461f26cd
461f2733
461f279a
461f2800
461f2866
461f28cd
461f2933
461f299a
461f2a00
461f2a66
461f2acd
461f2b33
461f2b9a
461f2c00
461f2c66
461f2ccd
461f2d33
461f2d9a
461f2e00
461f2e66
461f2ecd
461f2f33
461f2f9a
461f3000
461f3066
461f30cd
461f3133
461f319a
461f3200
461f3266
461f32cd
461f3333
461f339a
461f3400
461f3466
461f34cd
461f3533
461f359a
461f3600
461f3666
461f36cd
461f3733
461f379a
461f3800
461f3866
461f38cd
461f3933
461f399a
461f3a00
461f3a66
461f3acd
461f3b33
461f3b9a
461f3c00
461f3c66
461f3ccd
461f3d33
461f3d9a
461f3e00
461f3e66
461f3ecd
461f3f33
461f3f9a
461f4000
461f4066
461f40cd
461f4133
461f419a
461f4200
461f4266
461f42cd
461f4333
461f439a
461f4400
461f4466
461f44cd
461f4533
461f459a
461f4600
461f4666
461f46cd
461f4733
461f479a
461f4800
461f4866
461f48cd
461f4933
461f499a
461f4a00
461f4a66
461f4acd
461f4b33
461f4b9a
461f4c00
461f4c66
461f4ccd
461f4d33
461f4d9a
461f4e00
461f4e66
461f4ecd
461f4f33
461f4f9a
461f5000
461f5066
461f50cd
461f5133
461f519a
461f5200
461f5266
461f52cd
461f5333
461f539a
461f5400
461f5466
461f54cd
461f5533
461f559a
461f5600
461f5666
461f56cd
461f5733
461f579a
461f5800
461f5866
461f58cd
461f5933
461f599a
461f5a00
461f5a66
461f5acd
461f5b33
461f5b9a
461f5c00
461f5c66
461f5ccd
461f5d33
461f5d9a
461f5e00
461f5e66
461f5ecd
461f5f33
461f5f9a
461f6000
461f6066
461f60cd
461f6133
461f619a
461f6200
461f6266
461f62cd
461f6333
461f639a
461f6400
461f6466
461f64cd
461f6533
461f659a
461f6600
461f6666
461f66cd
461f6733
461f679a
461f6800
461f6866
461f68cd
461f6933
461f699a
461f6a00
461f6a66
461f6acd
461f6b33
461f6b9a
461f6c00
461f6c66
461f6ccd
461f6d33
461f6d9a
461f6e00
461f6e66
461f6ecd
461f6f33
461f6f9a
461f7000
461f7066
461f70cd
461f7133
461f719a
461f7200
461f7266
461f72cd
461f7333
461f739a
461f7400
461f7466
461f74cd
461f7533
461f759a
461f7600
461f7666
461f76cd
461f7733
461f779a
461f7800
461f7866
461f78cd
461f7933
461f799a
461f7a00
461f7a66
461f7acd
461f7b33
461f7b9a
461f7c00
461f7c66
461f7ccd
461f7d33
461f7d9a
461f7e00
461f7e66
461f7ecd
461f7f33
461f7f9a
461f8000
461f8066
461f80cd
461f8133
461f819a
461f8200
461f8266
461f82cd
461f8333
461f839a
461f8400
461f8466
461f84cd
461f8533
461f859a
461f8600
461f8666
461f86cd
461f8733
461f879a
461f8800
461f8866
461f88cd
461f8933
461f899a
461f8a00
461f8a66
461f8acd
461f8b33
461f8b9a
461f8c00
461f8c66
461f8ccd
461f8d33
461f8d9a
461f8e00
461f8e66
461f8ecd
461f8f33
461f8f9a
461f9000
461f9066
461f90cd
461f9133
461f919a
461f9200
461f9266
461f92cd
461f9333
461f939a
461f9400
461f9466
461f94cd
461f9533
461f959a
461f9600
461f9666
461f96cd
461f9733
461f979a
461f9800
461f9866
461f98cd
461f9933
461f999a
461f9a00
461f9a66
461f9acd
461f9b33
461f9b9a
461f9c00
461f9c66
461f9ccd
461f9d33
461f9d9a
461f9e00
461f9e66
461f9ecd
461f9f33
461f9f9a
461fa000
461fa066
461fa0cd
461fa133
461fa19a
461fa200
461fa266
461fa2cd
461fa333
461fa39a
461fa400
461fa466
461fa4cd
461fa533
461fa59a
461fa600
461fa666
461fa6cd
461fa733
461fa79a
461fa800
461fa866
461fa8cd
461fa933
461fa99a
461faa00
461faa66
461faacd
461fab33
461fab9a
461fac00
461fac66
461faccd
461fad33
461fad9a
461fae00
461fae66
461faecd
461faf33
461faf9a
461fb000
461fb066
461fb0cd
461fb133
461fb19a
461fb200
461fb266
461fb2cd
461fb333
461fb39a
461fb400
461fb466
461fb4cd
461fb533
461fb59a
461fb600
461fb666
461fb6cd
461fb733
461fb79a
461fb800
461fb866
461fb8cd
461fb933
461fb99a
461fba00
461fba66
461fbacd
461fbb33
461fbb9a
461fbc00
461fbc66
461fbccd
461fbd33
461fbd9a
461fbe00
461fbe66
461fbecd
461fbf33
461fbf9a
461fc000
461fc066
461fc0cd
461fc133
461fc19a
461fc200
461fc266
461fc2cd
461fc333
461fc39a
461fc400
461fc466
461fc4cd
461fc533
461fc59a
461fc600
461fc666
461fc6cd
461fc733
461fc79a
461fc800
461fc866
461fc8cd
461fc933
461fc99a
461fca00
461fca66
461fcacd
461fcb33
461fcb9a
461fcc00
461fcc66
461fcccd
461fcd33
461fcd9a
461fce00
461fce66
461fcecd
461fcf33
461fcf9a
461fd000
461fd066
461fd0cd
461fd133
461fd19a
461fd200
461fd266
461fd2cd
461fd333
461fd39a
461fd400
461fd466
461fd4cd
461fd533
461fd59a
461fd600
461fd666
461fd6cd
461fd733
461fd79a
461fd800
461fd866
461fd8cd
461fd933
461fd99a
461fda00
461fda66
461fdacd
461fdb33
461fdb9a
461fdc00
461fdc66
461fdccd
461fdd33
461fdd9a
461fde00
461fde66
461fdecd
461fdf33
461fdf9a
461fe000
461fe066
461fe0cd
461fe133
461fe19a
461fe200
461fe266
461fe2cd
461fe333
461fe39a
461fe400
461fe466
461fe4cd
461fe533
461fe59a
461fe600
461fe666
461fe6cd
461fe733
461fe79a
461fe800
461fe866
461fe8cd
461fe933
461fe99a
461fea00
461fea66
461feacd
461feb33
461feb9a
461fec00
461fec66
461feccd
461fed33
461fed9a
461fee00
461fee66
461feecd
461fef33
461fef9a
461ff000
461ff066
461ff0cd
461ff133
461ff19a
461ff200
461ff266
461ff2cd
461ff333
461ff39a
461ff400
461ff466
461ff4cd
461ff533
461ff59a
461ff600
461ff666
461ff6cd
461ff733
461ff79a
461ff800
461ff866
461ff8cd
461ff933
461ff99a
461ffa00
461ffa66
461ffacd
461ffb33
461ffb9a
461ffc00
461ffc66
461ffccd
461ffd33
461ffd9a
461ffe00
461ffe66
461ffecd
461fff33
461fff9a
